id_nestbox;year;breeding_window;laying_date;flight_date;clutch_size;brood_size;fledgling_nb;success_manipulated;father_id;mother_id;species;mass;tarsus_length;wing_length;temp_station_id;cumdd_30;cumdd_60;cumdd_between;min_t_before;min_t_between;mean_winter_t;sd_winter_t
DIJ-002;2020;late_2020;2020-04-10;2020-05-15;11;10;0;0;NA;NA;CC;NA;NA;NA;s10;299,940;525,330;519,880;-0,088;4,089;5,91113105726872;3,72956499571859
DIJ-003;2021;late_2021;2021-04-12;2021-05-20;13;13;6;0;NA;NA;CC;7,75333333333333;14,8100000000000;26,1666666666667;s61;NA;NA;428,680;NA;1,560;5,29520661157025;3,70277426379500
DIJ-004;2019;early_2019;2019-04-01;2019-05-05;12;11;4;0;NA;NA;CC;7,80750000000000;NA;NA;s10;273,460;471,350;369,340;-0,479;-0,199;5,91113105726872;3,72956499571859
DIJ-004;2020;late_2020;2020-04-03;2020-05-05;7;6;6;0;NA;8791875;PM;17,32500000000000;19,1850000000000;NA;s10;259,180;487,750;473,530;-0,088;2,930;5,91113105726872;3,72956499571859
DIJ-005;2021;late_2021;2021-04-18;2021-05-19;7;5;5;0;8876548;NA;PM;16,05200000000000;19,7140000000000;40,8000000000000;s61;NA;NA;351,310;NA;1,560;5,29520661157025;3,70277426379500
DIJ-005;2022;late_2022;2022-04-05;2022-05-09;9;6;4;1;8876548;NA;PM;17,16500000000000;19,9625000000000;45,3750000000000;s61;251,510;435,950;420,520;-3,360;-0,030;5,29520661157025;3,70277426379500
DIJ-006;2019;early_2019;2019-04-01;2019-05-05;10;9;7;0;NA;NA;PM;15,25571428571429;NA;NA;s10;273,460;471,350;369,340;-0,479;-0,199;5,91113105726872;3,72956499571859
DIJ-008;2021;early_2021;2021-04-03;2021-05-08;8;8;7;0;8791992;NA;PM;14,96000000000000;19,6842857142857;42,8571428571429;s61;NA;NA;377,200;NA;1,560;5,29520661157025;3,70277426379500
DIJ-008;2022;early_2022;2022-03-30;2022-05-02;8;8;8;0;NA;8876570;PM;15,19000000000000;20,1925000000000;41,6250000000000;s61;259,700;440,110;343,000;-3,360;-2,950;5,29520661157025;3,70277426379500
DIJ-009;2019;early_2019;2019-04-01;2019-05-05;8;8;6;0;NA;NA;PM;13,92333333333333;NA;NA;s10;273,460;471,350;369,340;-0,479;-0,199;5,91113105726872;3,72956499571859
DIJ-009;2020;late_2020;2020-04-08;2020-05-10;6;6;6;0;8791992;NA;PM;13,86500000000000;18,1200000000000;NA;s10;283,940;507,690;491,890;-0,088;4,480;5,91113105726872;3,72956499571859
DIJ-010;2019;early_2019;2019-03-27;2019-05-02;11;11;7;0;NA;NA;PM;13,26285714285714;NA;NA;s32;266,690;421,520;384,320;-0,676;0,051;5,74497832817337;3,77193716082082
DIJ-010;2022;early_2022;2022-04-01;2022-05-06;8;8;7;0;NA;8876591;PM;16,05428571428572;19,3400000000000;44,5714285714286;s61;266,710;449,370;390,010;-3,360;-2,950;5,29520661157025;3,70277426379500
DIJ-011;2019;late_2019;2019-04-06;2019-05-08;7;5;5;0;NA;NA;PM;16,00200000000000;NA;NA;s32;268,460;487,340;339,210;-0,676;0,051;5,74497832817337;3,77193716082082
DIJ-011;2020;early_2020;2020-03-29;2020-05-03;8;7;4;0;8791857;NA;PM;17,67000000000000;20,3400000000000;NA;s32;249,140;484,290;463,920;-0,032;-0,032;5,74497832817337;3,77193716082082
DIJ-011;2021;early_2021;2021-03-26;2021-04-27;8;7;4;0;NA;8791927;PM;13,15250000000000;19,4850000000000;34,5000000000000;s61;NA;NA;351,940;NA;NA;5,29520661157025;3,70277426379500
DIJ-012B;2021;early_2021;2021-03-30;2021-05-05;5;3;3;0;NA;8876506;PM;17,46333333333333;19,4333333333333;46,1666666666667;s61;NA;NA;390,720;NA;1,560;5,29520661157025;3,70277426379500
DIJ-013;2021;late_2021;2021-04-05;2021-05-15;10;10;7;0;NA;NA;CC;7,82571428571429;15,4585714285714;31,3571428571429;s61;NA;NA;445,140;NA;1,560;5,29520661157025;3,70277426379500
DIJ-015;2019;early_2019;2019-04-02;2019-05-05;8;8;6;0;NA;NA;PM;15,19000000000000;NA;NA;s32;275,350;472,490;343,820;-0,676;0,051;5,74497832817337;3,77193716082082
DIJ-015;2022;early_2022;2022-04-01;2022-05-06;8;8;5;0;NA;8876590;PM;15,76800000000000;19,2180000000000;46,6000000000000;s61;266,710;449,370;390,010;-3,360;-2,950;5,29520661157025;3,70277426379500
DIJ-016;2019;late_2019;2019-04-04;2019-05-10;11;10;0;0;NA;NA;CC;NA;NA;NA;s52;282,730;494,300;392,450;-1,157;-0,004;6,02900000000000;3,77575221188514
DIJ-016;2021;late_2021;2021-04-05;2021-05-13;12;10;2;0;NA;NA;CC;6,03500000000000;12,0100000000000;17,5000000000000;s70;249,990;453,160;384,420;-0,370;-1,500;5,62514462809917;3,90641847085695
DIJ-017;2019;early_2019;2019-03-27;2019-05-01;8;6;0;0;NA;NA;PM;NA;NA;NA;s52;270,400;433,710;386,830;-1,157;-0,004;6,02900000000000;3,77575221188514
DIJ-017;2021;early_2021;2021-03-31;2021-05-05;8;8;2;0;8876505;7581728;PM;16,88000000000000;18,8800000000000;47,0000000000000;s70;222,450;432,310;342,990;-0,370;-1,500;5,62514462809917;3,90641847085695
DIJ-017;2022;early_2022;2022-03-28;2022-04-30;7;7;7;0;8877090;8877091;PM;13,80714285714286;18,5557142857143;40,8571428571429;s70;264,240;445,180;362,600;-1,240;-1,560;5,62514462809917;3,90641847085695
DIJ-019;2022;late_2022;2022-04-09;2022-05-14;11;11;10;0;NA;NA;CC;9,12200000000000;16,1510000000000;37,6000000000000;s09;300,920;503,980;515,380;-1,010;1,180;6,23950884955752;3,81838961756656
DIJ-020B;2022;late_2022;2022-04-12;2022-05-15;9;9;7;0;NA;NA;CC;8,98571428571429;16,0442857142857;38,3571428571429;s32;NA;NA;NA;NA;NA;5,74497832817337;3,77193716082082
DIJ-022B;2022;late_2022;2022-04-06;2022-05-12;12;9;8;0;NA;NA;CC;9,43375000000000;16,4887500000000;37,4375000000000;s32;NA;NA;NA;NA;NA;5,74497832817337;3,77193716082082
DIJ-023B;2021;early_2021;2021-03-29;2021-05-02;10;10;8;0;NA;NA;CC;8,56000000000000;15,0775000000000;31,5625000000000;s32;167,550;376,970;NA;-0,648;NA;5,74497832817337;3,77193716082082
DIJ-023B;2022;early_2022;2022-03-25;2022-04-15;10;0;0;0;NA;NA;CC;NA;NA;NA;s32;NA;NA;NA;NA;NA;5,74497832817337;3,77193716082082
DIJ-025;2021;early_2021;2021-03-30;2021-05-02;9;8;1;0;NA;8877010;PM;10,12000000000000;15,6800000000000;27,0000000000000;s09;223,930;443,140;335,630;0,470;-1,130;6,23950884955752;3,81838961756656
DIJ-026;2021;late_2021;2021-04-14;2021-05-21;12;12;6;0;NA;NA;CC;6,03000000000000;13,3566666666667;23,7500000000000;s09;260,360;502,990;430,280;-1,130;1,780;6,23950884955752;3,81838961756656
DIJ-028;2019;late_2019;2019-04-05;2019-05-10;7;7;0;0;NA;NA;PM;NA;NA;NA;s32;271,740;483,030;370,420;-0,676;0,051;5,74497832817337;3,77193716082082
DIJ-028;2021;early_2021;2021-03-30;2021-05-01;7;7;7;0;8877006;8877007;PM;12,78571428571428;17,8100000000000;36,7142857142857;s67;212,860;424,880;315,970;-0,590;-1,470;5,52811203319502;3,93854016206889
DIJ-028;2022;late_2022;2022-04-02;2022-05-05;4;3;3;0;NA;8381527;PM;15,58666666666667;19,0233333333333;44,0000000000000;s67;280,950;472,190;391,510;-1,990;-1,500;5,52811203319502;3,93854016206889
DIJ-030;2019;late_2019;2019-04-08;2019-05-13;9;8;4;0;NA;NA;PM;12,30000000000000;NA;NA;s32;267,150;501,340;379,440;-0,676;0,051;5,74497832817337;3,77193716082082
DIJ-030;2022;late_2022;2022-04-06;2022-05-11;7;7;5;0;NA;NA;CC;10,19200000000000;16,3120000000000;32,0000000000000;s67;272,800;465,280;465,380;-1,990;0,740;5,52811203319502;3,93854016206889
DIJ-031;2019;early_2019;2019-03-27;2019-04-30;9;9;7;0;NA;NA;PM;17,57714285714286;18,6000000000000;47,0000000000000;s32;266,690;421,520;359,200;-0,676;0,051;5,74497832817337;3,77193716082082
DIJ-032;2020;early_2020;2020-03-29;2020-05-03;9;9;9;0;NA;NA;CC;11,51500000000000;16,8700000000000;NA;s32;249,140;484,290;463,920;-0,032;-0,032;5,74497832817337;3,77193716082082
DIJ-032;2021;early_2021;2021-03-31;2021-05-06;10;8;8;0;NA;NA;CC;10,26625000000000;17,7237500000000;36,7500000000000;s67;220,380;428,960;349,590;-0,590;-1,470;5,52811203319502;3,93854016206889
DIJ-033;2019;late_2019;2019-04-13;2019-05-15;9;8;5;0;NA;NA;PM;13,50400000000000;NA;NA;s32;277,570;519,650;358,330;0,329;0,051;5,74497832817337;3,77193716082082
DIJ-036;2020;late_2020;2020-04-08;2020-05-10;9;9;7;0;NA;7636298;PM;12,12500000000000;19,6750000000000;NA;s10;283,940;507,690;491,890;-0,088;4,480;5,91113105726872;3,72956499571859
DIJ-036;2021;late_2021;2021-04-05;2021-04-23;7;0;0;0;NA;NA;PM;NA;NA;NA;s63;240,010;433,750;129,360;-0,730;-2,020;5,39321576763485;3,82756655873986
DIJ-037;2021;early_2021;2021-04-03;2021-05-06;6;5;5;0;8876509;NA;PM;13,08800000000000;19,2300000000000;40,1000000000000;s63;235,010;436,850;298,760;-0,730;-2,020;5,39321576763485;3,82756655873986
DIJ-038;2020;early_2020;2020-03-12;2020-04-14;9;0;0;0;NA;NA;PM;NA;NA;NA;s10;226,560;412,320;339,720;-0,395;-0,088;5,91113105726872;3,72956499571859
DIJ-039;2021;late_2021;2021-04-23;2021-05-10;6;0;0;0;NA;NA;PM;NA;NA;NA;s63;272,010;482,510;191,480;-2,020;2,930;5,39321576763485;3,82756655873986
DIJ-040;2020;early_2020;2020-03-23;2020-04-29;11;11;10;0;8382543;NA;PM;14,26000000000000;18,4100000000000;NA;s42;254,910;460,070;444,230;-0,648;-0,395;5,78057411504425;3,64153668413190
DIJ-040;2021;late_2021;2021-04-05;2021-05-12;9;9;9;0;NA;8877036;CC;10,67555555555556;16,8888888888889;38,6111111111111;s42;234,790;428,730;353,200;-1,128;-1,814;5,78057411504425;3,64153668413190
DIJ-040;2022;early_2022;2022-03-30;2022-05-04;9;9;10;1;NA;NA;PM;14,87600000000000;19,0530000000000;42,9500000000000;s42;258,810;442,830;373,270;-2,600;-2,190;5,78057411504425;3,64153668413190
DIJ-041;2019;late_2019;2019-04-10;2019-05-16;12;5;0;0;NA;NA;CC;NA;NA;NA;s42;260,700;499,240;393,310;-0,873;-0,563;5,78057411504425;3,64153668413190
DIJ-041;2021;early_2021;2021-03-31;2021-05-04;9;9;4;0;NA;NA;PM;13,27000000000000;16,9975000000000;32,3750000000000;s42;207,840;410,380;312,660;-1,128;-1,814;5,78057411504425;3,64153668413190
DIJ-042;2020;late_2020;2020-04-11;2020-05-12;8;8;5;0;8791966;NA;PM;15,77500000000000;18,0350000000000;NA;s42;288,580;509,440;452,180;-0,395;4,714;5,78057411504425;3,64153668413190
DIJ-044;2019;late_2019;2019-04-10;2019-05-13;8;8;6;0;NA;8791391;PM;11,04166666666667;NA;NA;s42;260,700;499,240;356,150;-0,873;-0,563;5,78057411504425;3,64153668413190
DIJ-044;2020;early_2020;2020-03-24;2020-05-03;10;10;7;0;NA;NA;CC;8,75500000000000;15,7550000000000;NA;s42;254,270;465,200;489,920;-0,199;-0,395;5,78057411504425;3,64153668413190
DIJ-044;2022;late_2022;2022-04-08;2022-05-11;7;7;7;0;8877507;8877506;PM;16,60571428571428;20,3042857142857;48,5000000000000;s42;271,610;455,590;423,350;-2,190;0,300;5,78057411504425;3,64153668413190
DIJ-045;2019;early_2019;2019-03-30;2019-05-10;11;11;0;0;NA;NA;PM;NA;NA;NA;s42;260,990;435,250;419,820;-0,873;-0,563;5,78057411504425;3,64153668413190
DIJ-045;2021;late_2021;2021-04-09;2021-05-18;11;11;5;0;NA;NA;CC;7,88600000000000;14,1120000000000;28,3000000000000;s42;233,840;420,010;400,070;-1,814;1,670;5,78057411504425;3,64153668413190
DIJ-045;2022;early_2022;2022-03-30;2022-05-04;10;10;9;0;NA;NA;PM;15,52000000000000;19,4400000000000;42,1111111111111;s42;258,810;442,830;373,270;-2,600;-2,190;5,78057411504425;3,64153668413190
DIJ-046;2021;late_2021;2021-04-06;2021-05-11;10;10;7;0;8877029;8877030;PM;13,54000000000000;17,9828571428571;34,5714285714286;s42;238,210;431,120;339,890;-1,128;-1,814;5,78057411504425;3,64153668413190
DIJ-046;2022;late_2022;2022-04-11;2022-05-14;9;8;7;0;NA;NA;CC;10,29285714285714;17,0500000000000;40,1428571428571;s42;269,620;461,440;457,580;-2,190;4,870;5,78057411504425;3,64153668413190
DIJ-047;2019;late_2019;2019-04-06;2019-05-10;7;5;4;0;NA;NA;PM;13,14500000000000;NA;NA;s42;263,000;476,270;357,970;-0,873;-0,563;5,78057411504425;3,64153668413190
DIJ-047;2020;late_2020;2020-04-05;2020-05-06;7;7;6;0;NA;8791997;PM;14,78000000000000;19,4000000000000;NA;s42;252,330;465,620;443,220;-0,395;4,532;5,78057411504425;3,64153668413190
DIJ-047;2022;late_2022;2022-04-07;2022-05-14;12;12;5;0;NA;NA;CC;9,20000000000000;16,9040000000000;38,7000000000000;s42;265,480;449,690;488,340;-2,600;0,300;5,78057411504425;3,64153668413190
DIJ-048;2019;early_2019;2019-04-01;2019-05-05;10;10;5;0;NA;NA;PM;13,32800000000000;NA;NA;s42;264,110;453,130;351,880;-0,873;-0,563;5,78057411504425;3,64153668413190
DIJ-048;2021;late_2021;2021-04-09;2021-05-13;8;8;8;0;NA;NA;CC;8,31500000000000;16,4425000000000;34,6250000000000;s42;233,840;420,010;343,470;-1,814;1,670;5,78057411504425;3,64153668413190
DIJ-048;2022;late_2022;2022-04-05;2022-05-11;9;9;9;0;NA;NA;CC;10,30000000000000;17,0244444444444;39,6666666666667;s42;251,800;439,130;455,080;-2,600;0,300;5,78057411504425;3,64153668413190
DIJ-049;2019;late_2019;2019-04-09;2019-05-16;11;10;4;0;NA;8791761;CC;7,76750000000000;NA;NA;s42;262,160;494,640;403,240;-0,873;-0,563;5,78057411504425;3,64153668413190
DIJ-049;2021;late_2021;2021-04-13;2021-05-15;7;7;7;0;NA;8877050;PM;14,07714285714286;18,3914285714286;37,9285714285714;s42;237,300;452,860;333,500;-1,814;1,670;5,78057411504425;3,64153668413190
DIJ-049;2022;late_2022;2022-04-14;2022-05-16;8;8;8;0;8877445;NA;PM;16,83625000000000;19,5087500000000;46,3125000000000;s42;283,060;486,130;449,850;-2,190;4,870;5,78057411504425;3,64153668413190
DIJ-050;2019;early_2019;2019-03-22;2019-04-26;9;8;8;0;NA;NA;CC;7,86375000000000;15,2125000000000;33,0000000000000;s42;255,240;371,070;364,260;-0,873;-0,563;5,78057411504425;3,64153668413190
DIJ-050;2021;early_2021;2021-03-28;2021-05-04;11;10;5;0;NA;NA;CC;8,93600000000000;16,3220000000000;31,3000000000000;s42;198,260;399,650;351,660;-1,128;-1,814;5,78057411504425;3,64153668413190
DIJ-050;2022;early_2022;2022-03-31;2022-05-07;10;10;9;0;8877401;8876600;PM;13,47555555555556;18,3377777777778;43,7222222222222;s42;264,530;451,980;409,020;-2,600;-2,190;5,78057411504425;3,64153668413190
DIJ-051;2019;early_2019;2019-03-28;2019-05-02;8;5;3;0;NA;NA;PM;14,70000000000000;NA;NA;s42;258,970;420,830;368,960;-0,873;-0,563;5,78057411504425;3,64153668413190
DIJ-051;2020;early_2020;2020-03-31;2020-04-29;7;7;0;0;NA;NA;PM;NA;NA;NA;s42;245,790;486,480;389,140;0,715;-0,395;5,78057411504425;3,64153668413190
DIJ-051;2022;late_2022;2022-04-12;2022-05-15;9;9;0;0;NA;NA;PM;NA;NA;NA;s42;270,200;465,770;460,800;-2,190;4,870;5,78057411504425;3,64153668413190
DIJ-052;2021;early_2021;2021-04-01;2021-05-05;8;8;7;0;8876504;8876503;PM;14,06857142857143;17,9871428571429;37,1428571428571;s42;215,890;417,850;308,470;-1,128;-1,814;5,78057411504425;3,64153668413190
DIJ-053;2019;early_2019;2019-04-02;2019-05-04;8;8;7;0;NA;NA;PM;13,70857142857143;NA;NA;s42;270,170;463,010;333,390;-0,873;-0,563;5,78057411504425;3,64153668413190
DIJ-053;2022;early_2022;2022-03-24;2022-04-18;9;0;0;0;NA;NA;PM;NA;NA;NA;s42;225,120;376,500;240,020;-2,600;-2,190;5,78057411504425;3,64153668413190
DIJ-054;2019;early_2019;2019-03-27;2019-05-04;10;10;8;0;NA;NA;PM;12,42375000000000;NA;NA;s05;277,970;446,440;429,690;-0,479;0,467;6,18246460176991;3,76916887682494
DIJ-059;2022;early_2022;2022-03-30;2022-05-03;8;8;8;0;8876578;8876579;PM;12,79875000000000;17,6975000000000;37,0000000000000;s64;274,920;463,970;373,760;-1,810;-1,580;5,61646694214876;3,82800472074633
DIJ-067;2019;late_2019;2019-04-07;2019-05-09;8;8;7;0;NA;NA;PM;14,93000000000000;NA;NA;s01;297,040;549,310;371,130;-0,004;1,208;6,46594273127753;3,83155537340836
DIJ-068;2019;early_2019;2019-03-25;2019-04-27;8;5;0;0;NA;NA;PM;NA;NA;NA;s02;282,680;431,400;369,720;-0,563;0,825;6,20433554083885;3,77713249428980
DIJ-068;2020;early_2020;2020-03-25;2020-04-28;10;10;7;0;NA;NA;PM;12,52500000000000;18,2950000000000;NA;s02;263,290;496,280;445,880;0,273;0,962;6,20433554083885;3,77713249428980
DIJ-071;2019;early_2019;2019-03-27;2019-05-04;13;12;0;0;NA;NA;CC;NA;NA;NA;s02;279,420;446,400;429,260;-0,563;0,825;6,20433554083885;3,77713249428980
DIJ-071;2020;early_2020;2020-03-25;2020-04-30;11;11;10;0;NA;NA;CC;8,81000000000000;16,3800000000000;NA;s02;263,290;496,280;474,460;0,273;0,962;6,20433554083885;3,77713249428980
DIJ-071;2021;early_2021;2021-03-28;2021-05-03;11;11;8;0;NA;NA;CC;10,00000000000000;16,7800000000000;33,6250000000000;s02;219,800;432,140;367,410;0,051;-1,384;6,20433554083885;3,77713249428980
DIJ-071;2022;early_2022;2022-03-22;2022-04-26;11;11;10;0;NA;NA;CC;9,88400000000000;NA;36,1000000000000;s02;241,810;390,390;390,070;-0,900;-1,330;6,20433554083885;3,77713249428980
DIJ-072;2019;late_2019;2019-04-09;2019-05-13;9;7;6;0;8791247;8791432;CC;8,65166666666667;NA;NA;s32;267,210;505,730;369,480;-0,676;0,051;5,74497832817337;3,77193716082082
DIJ-072;2020;late_2020;2020-04-06;2020-05-11;10;10;5;0;NA;NA;CC;8,47000000000000;15,2000000000000;NA;s32;259,080;473,530;526,210;-0,032;3,827;5,74497832817337;3,77193716082082
DIJ-072;2021;early_2021;2021-04-02;2021-05-15;14;14;8;0;NA;NA;CC;8,70500000000000;15,4987500000000;32,3125000000000;s67;236,600;446,760;432,020;-0,590;-1,470;5,52811203319502;3,93854016206889
DIJ-073;2020;late_2020;2020-04-15;2020-05-18;9;8;3;0;NA;NA;CC;11,32000000000000;16,3250000000000;NA;s32;312,770;548,200;477,810;-0,032;3,512;5,74497832817337;3,77193716082082
DIJ-073;2022;early_2022;2022-03-22;2022-04-18;9;8;0;0;NA;NA;PM;NA;NA;NA;s32;NA;NA;NA;NA;NA;5,74497832817337;3,77193716082082
DIJ-074;2021;early_2021;2021-04-03;2021-04-26;12;0;0;0;NA;NA;CC;NA;NA;NA;s32;147,340;351,100;NA;-0,648;NA;5,74497832817337;3,77193716082082
DIJ-076;2019;late_2019;2019-04-05;2019-05-14;12;12;4;0;NA;8791552;CC;8,98000000000000;NA;NA;s32;271,740;483,030;419,000;-0,676;0,051;5,74497832817337;3,77193716082082
DIJ-076;2020;late_2020;2020-04-04;2020-05-11;12;11;9;0;NA;NA;CC;NA;16,0766666666667;NA;s32;250,970;465,560;552,770;-0,032;3,274;5,74497832817337;3,77193716082082
DIJ-079;2019;late_2019;2019-04-05;2019-05-09;9;9;8;0;NA;NA;PM;14,32125000000000;NA;NA;s32;271,740;483,030;358,940;-0,676;0,051;5,74497832817337;3,77193716082082
DIJ-079;2021;early_2021;2021-03-26;2021-04-27;9;9;8;0;8791928;8791929;PM;14,60875000000000;19,3087500000000;39,1250000000000;s32;189,270;372,070;NA;-0,648;NA;5,74497832817337;3,77193716082082
DIJ-079;2022;early_2022;2022-03-29;2022-04-20;7;0;0;0;NA;NA;PM;NA;NA;NA;s32;NA;NA;NA;NA;NA;5,74497832817337;3,77193716082082
DIJ-080;2019;early_2019;2019-04-02;2019-05-12;13;11;0;0;NA;NA;CC;NA;NA;NA;s03;284,970;492,850;426,880;-0,283;-0,004;6,17040528634361;3,79242043908837
DIJ-081;2020;early_2020;2020-03-22;2020-04-24;9;NA;0;0;NA;NA;PM;NA;NA;NA;s03;269,240;477,530;396,150;0,356;0,467;6,17040528634361;3,79242043908837
DIJ-082;2020;late_2020;2020-04-07;2020-05-11;9;9;6;0;NA;NA;CC;NA;16,8500000000000;NA;s03;282,970;509,850;529,780;0,467;4,584;6,17040528634361;3,79242043908837
DIJ-082;2022;late_2022;2022-04-07;2022-05-13;12;12;6;0;NA;NA;CC;NA;NA;NA;s03;285,585;486,285;504,770;-1,960;1,180;6,17040528634361;3,79242043908837
DIJ-083;2020;early_2020;2020-03-31;2020-05-03;8;8;6;0;NA;8791854;PM;14,01500000000000;18,4850000000000;NA;s07;262,930;513,510;473,400;0,495;1,643;6,15895474613687;3,79546626151596
DIJ-084;2019;early_2019;2019-03-25;2019-04-29;9;8;0;0;NA;NA;PM;NA;NA;NA;s07;282,630;431,180;382,820;0,079;0,439;6,15895474613687;3,79546626151596
DIJ-084;2021;late_2021;2021-04-05;2021-05-19;12;12;0;0;NA;NA;CC;NA;NA;NA;s07;255,230;460,290;463,430;0,110;-1,410;6,15895474613687;3,79546626151596
DIJ-084;2022;late_2022;2022-04-05;2022-05-13;12;12;0;0;NA;NA;CC;NA;NA;NA;s07;271,180;472,030;524,660;-1,900;0,880;6,15895474613687;3,79546626151596
DIJ-085;2020;early_2020;2020-03-24;2020-04-29;11;11;8;0;8791855;NA;PM;13,20500000000000;18,5050000000000;NA;s01;279,930;512,140;485,560;0,660;1,044;6,46594273127753;3,83155537340836
DIJ-085;2021;early_2021;2021-04-03;2021-05-08;9;9;7;0;8876516;8876517;PM;11,73714285714286;17,6942857142857;33,6428571428571;s01;259,720;481,580;349,330;0,910;-0,700;6,46594273127753;3,83155537340836
DIJ-085;2022;late_2022;2022-04-03;2022-05-08;10;9;9;0;8877407;8876517;PM;12,50888888888889;18,7288888888889;38,3333333333333;s01;288,610;500,120;453,630;-1,070;-0,760;6,46594273127753;3,83155537340836
DIJ-086;2022;early_2022;2022-03-28;2022-05-02;9;9;0;0;NA;NA;PM;NA;NA;NA;s66;246,830;422,620;379,650;-2,480;-1,900;5,06862980769231;3,78134381354151
DIJ-087;2021;early_2021;2021-03-27;2021-04-30;9;9;8;0;NA;8877003;PM;13,03875000000000;18,6675000000000;39,3125000000000;s66;NA;495,190;NA;NA;NA;5,06862980769231;3,78134381354151
DIJ-088;2019;early_2019;2019-03-31;2019-05-03;7;6;6;0;NA;NA;PM;15,42500000000000;NA;NA;s42;262,310;444,220;346,120;-0,873;-0,563;5,78057411504425;3,64153668413190
DIJ-090;2019;early_2019;2019-03-27;2019-05-02;9;9;7;0;NA;NA;PM;14,24000000000000;NA;NA;s42;259,140;414,390;379,840;-0,873;-0,563;5,78057411504425;3,64153668413190
DIJ-090;2021;early_2021;2021-04-02;2021-05-05;8;7;6;0;1299BFC;NA;PM;14,38166666666667;19,4600000000000;39,8333333333333;s66;NA;517,490;NA;NA;NA;5,06862980769231;3,78134381354151
DIJ-090;2022;late_2022;2022-04-10;2022-04-18;4;0;0;0;NA;NA;PM;NA;NA;NA;s66;277,390;465,440;99,300;-1,900;1,510;5,06862980769231;3,78134381354151
DIJ-091;2019;late_2019;2019-04-12;2019-05-21;14;5;5;0;NA;NA;CC;7,58800000000000;NA;NA;s42;271,400;505,020;439,250;0,051;-0,563;5,78057411504425;3,64153668413190
DIJ-092;2019;late_2019;2019-04-04;2019-05-13;10;9;7;0;8791404;8791396;CC;6,36857142857143;NA;NA;s42;269,040;470,510;410,590;-0,873;-0,563;5,78057411504425;3,64153668413190
DIJ-092;2020;early_2020;2020-03-29;2020-05-04;7;7;7;0;NA;NA;CC;10,94000000000000;16,4850000000000;NA;s42;246,850;484,300;466,190;-0,199;-0,395;5,78057411504425;3,64153668413190
DIJ-093;2020;early_2020;2020-03-25;2020-04-27;8;8;8;0;8382541;NA;PM;15,35500000000000;18,9200000000000;NA;s42;248,240;471,290;402,060;-0,199;-0,395;5,78057411504425;3,64153668413190
DIJ-093;2021;early_2021;2021-03-31;2021-04-23;12;0;0;0;NA;NA;CC;NA;NA;NA;s66;NA;512,240;NA;NA;NA;5,06862980769231;3,78134381354151
DIJ-096;2019;late_2019;2019-04-03;2019-05-13;11;7;7;0;NA;8791413;CC;6,32857142857143;NA;NA;s42;272,390;467,520;415,390;-0,873;-0,563;5,78057411504425;3,64153668413190
DIJ-096;2020;late_2020;2020-04-16;2020-05-19;7;6;0;0;NA;NA;PM;NA;NA;NA;s42;309,330;546,510;475,960;-0,395;4,506;5,78057411504425;3,64153668413190
DIJ-096;2021;late_2021;2021-04-19;2021-05-20;7;7;6;0;NA;8877054;PM;14,57500000000000;19,0416666666667;40,7500000000000;s66;NA;607,880;NA;NA;NA;5,06862980769231;3,78134381354151
DIJ-096;2022;late_2022;2022-04-11;2022-05-14;6;3;1;0;NA;7556111;PM;16,68000000000000;19,2400000000000;48,5000000000000;s66;274,300;467,300;470,270;-1,900;5,230;5,06862980769231;3,78134381354151
DIJ-097;2020;late_2020;2020-04-12;2020-05-15;9;NA;0;0;NA;NA;CC;NA;NA;NA;s42;291,940;517,930;467,640;-0,395;4,506;5,78057411504425;3,64153668413190
DIJ-097;2021;late_2021;2021-04-19;2021-05-21;7;7;6;0;8382544;8877055;PM;14,11000000000000;19,1350000000000;42,9166666666667;s66;NA;607,880;NA;NA;NA;5,06862980769231;3,78134381354151
DIJ-098;2019;early_2019;2019-03-28;2019-05-03;9;9;8;0;NA;NA;PM;13,11375000000000;NA;NA;s42;258,970;420,830;379,650;-0,873;-0,563;5,78057411504425;3,64153668413190
DIJ-098;2021;late_2021;2021-04-05;2021-05-07;6;6;5;0;NA;8382542;PM;14,03400000000000;18,4740000000000;35,2000000000000;s66;NA;517,720;NA;NA;NA;5,06862980769231;3,78134381354151
DIJ-098;2022;early_2022;2022-03-27;2022-05-05;8;8;6;1;0334BFC;8382542;PM;14,63833333333333;18,8516666666667;41,6666666666667;s66;239,690;410,200;435,430;-2,480;-1,900;5,06862980769231;3,78134381354151
DIJ-099;2019;late_2019;2019-04-03;2019-05-09;9;8;2;0;NA;8790934;CC;7,97000000000000;NA;NA;s42;272,390;467,520;367,010;-0,873;-0,563;5,78057411504425;3,64153668413190
DIJ-099;2020;early_2020;2020-03-27;2020-04-29;7;7;7;0;NA;8382542;PM;16,44500000000000;19,2700000000000;NA;s42;238,430;477,470;418,620;-0,199;-0,395;5,78057411504425;3,64153668413190
DIJ-099;2021;late_2021;2021-04-17;2021-05-21;10;10;6;0;NA;NA;CC;5,87333333333333;13,5233333333333;22,3333333333333;s66;NA;602,510;NA;NA;NA;5,06862980769231;3,78134381354151
DIJ-102;2021;early_2021;2021-03-04;2021-05-15;10;10;8;0;NA;NA;CC;7,34250000000000;15,1512500000000;28,7500000000000;s66;215,470;328,140;NA;-8,030;NA;5,06862980769231;3,78134381354151
DIJ-102;2022;early_2022;2022-03-28;2022-05-03;10;9;9;0;NA;NA;CC;11,20222222222222;17,1922222222222;36,2222222222222;s66;246,830;422,620;392,550;-2,480;-1,900;5,06862980769231;3,78134381354151
DIJ-103;2020;early_2020;2020-04-01;2020-04-27;8;8;8;0;NA;8382540;PM;16,75500000000000;19,5000000000000;NA;s42;243,670;482,340;352,080;0,715;-0,395;5,78057411504425;3,64153668413190
DIJ-104;2019;early_2019;2019-04-01;2019-05-03;8;6;3;0;NA;NA;PM;17,44333333333334;NA;NA;s42;264,110;453,130;333,070;-0,873;-0,563;5,78057411504425;3,64153668413190
DIJ-105;2019;early_2019;2019-03-31;2019-05-04;9;9;9;0;NA;NA;PM;16,10111111111111;NA;NA;s42;262,310;444,220;357,300;-0,873;-0,563;5,78057411504425;3,64153668413190
DIJ-105;2020;early_2020;2020-03-26;2020-04-30;8;7;5;0;NA;7556298;PM;16,56000000000000;19,0500000000000;NA;s42;241,480;474,330;439,410;-0,199;-0,395;5,78057411504425;3,64153668413190
DIJ-106;2019;late_2019;2019-04-03;2019-05-14;14;14;8;0;NA;NA;CC;7,10250000000000;NA;NA;s42;272,390;467,520;427,770;-0,873;-0,563;5,78057411504425;3,64153668413190
DIJ-106;2020;early_2020;2020-04-01;2020-05-05;8;8;8;0;NA;NA;CC;9,16000000000000;15,2950000000000;NA;s42;243,670;482,340;463,880;0,715;-0,395;5,78057411504425;3,64153668413190
DIJ-108;2019;late_2019;2019-04-11;2019-05-13;7;7;5;0;NA;8791408;PM;11,96800000000000;NA;NA;s42;265,520;500,790;345,050;-0,873;-0,563;5,78057411504425;3,64153668413190
DIJ-109;2020;late_2020;2020-04-07;2020-05-11;9;9;6;0;NA;NA;PM;14,46000000000000;19,1400000000000;NA;s42;263,840;480,220;502,080;-0,395;4,714;5,78057411504425;3,64153668413190
DIJ-109;2021;late_2021;2021-04-10;2021-05-16;8;8;4;0;NA;8877051;PM;12,42000000000000;17,0000000000000;33,2500000000000;s66;NA;537,420;NA;NA;NA;5,06862980769231;3,78134381354151
DIJ-109;2022;late_2022;2022-04-08;2022-05-01;12;12;11;0;NA;NA;CC;10,16818181818182;16,4218181818182;39,7727272727273;s66;275,040;460,150;284,570;-2,020;0,380;5,06862980769231;3,78134381354151
DIJ-110;2019;late_2019;2019-04-10;2019-05-13;6;6;6;0;NA;7556111;PM;14,38000000000000;NA;NA;s42;260,700;499,240;356,150;-0,873;-0,563;5,78057411504425;3,64153668413190
DIJ-110;2021;late_2021;2021-04-13;2021-04-30;6;0;0;0;NA;NA;PM;NA;NA;NA;s66;NA;566,540;NA;NA;NA;5,06862980769231;3,78134381354151
DIJ-111;2019;early_2019;2019-03-29;2019-05-03;10;10;4;0;NA;NA;PM;16,82000000000000;NA;NA;s09;280,890;464,320;401,820;-0,367;1,017;6,23950884955752;3,81838961756656
DIJ-111;2022;late_2022;2022-04-04;2022-05-07;9;9;10;1;NA;NA;PM;14,65700000000000;19,2940000000000;42,2500000000000;s67;267,500;463,810;414,820;-1,990;0,740;5,52811203319502;3,93854016206889
DIJ-112;2020;early_2020;2020-03-31;2020-05-05;7;6;5;0;8791881;NA;PM;16,44500000000000;18,5150000000000;NA;s09;263,640;513,850;507,010;0,550;1,530;6,23950884955752;3,81838961756656
DIJ-112;2021;early_2021;2021-04-03;2021-05-11;9;9;4;0;NA;NA;CC;7,03750000000000;15,2100000000000;28,3750000000000;s67;242,530;451,870;378,670;-0,590;-1,470;5,52811203319502;3,93854016206889
DIJ-113;2019;early_2019;2019-03-26;2019-04-30;9;9;8;0;NA;0917BFC;PM;13,47875000000000;18,0875000000000;42,1250000000000;s09;282,730;444,360;394,950;-0,367;1,017;6,23950884955752;3,81838961756656
DIJ-113;2022;early_2022;2022-04-01;2022-05-05;7;7;7;0;NA;NA;PM;16,95714285714286;19,5800000000000;46,7857142857143;s67;283,600;474,430;393,770;-1,990;-1,500;5,52811203319502;3,93854016206889
DIJ-114;2020;early_2020;2020-03-26;2020-04-26;7;7;6;0;0325BFC;NA;PM;18,14500000000000;19,4600000000000;NA;s09;258,170;501,670;412,890;0,220;0,630;6,23950884955752;3,81838961756656
DIJ-114;2021;early_2021;2021-04-04;2021-05-11;7;6;6;0;NA;8877026;PM;14,79666666666667;18,6266666666667;42,1666666666667;s67;242,940;450,090;368,410;-0,590;-1,470;5,52811203319502;3,93854016206889
DIJ-115;2021;early_2021;2021-03-31;2021-05-11;6;6;7;1;8791881;8877025;PM;13,37857142857143;18,4714285714286;40,8571428571429;s67;220,380;428,960;417,880;-0,590;-1,470;5,52811203319502;3,93854016206889
DIJ-115B;2019;early_2019;2019-04-01;2019-05-07;11;11;6;0;NA;NA;CC;9,38833333333333;NA;NA;s09;285,400;493,800;398,220;-0,367;1,017;6,23950884955752;3,81838961756656
DIJ-115B;2020;early_2020;2020-03-27;2020-04-30;8;8;8;0;NA;NA;CC;10,16500000000000;16,5250000000000;NA;s09;254,410;503,990;466,630;0,220;0,630;6,23950884955752;3,81838961756656
DIJ-116;2021;early_2021;2021-04-04;2021-05-09;10;10;6;0;NA;NA;CC;9,18666666666667;16,1300000000000;33,1666666666667;s67;242,940;450,090;334,880;-0,590;-1,470;5,52811203319502;3,93854016206889
DIJ-116;2022;early_2022;2022-03-28;2022-05-07;8;5;4;0;NA;NA;PM;17,36500000000000;19,7100000000000;47,2500000000000;s67;260,660;440,140;457,000;-1,990;-1,500;5,52811203319502;3,93854016206889
DIJ-117;2020;late_2020;2020-04-07;2020-05-12;7;6;0;0;NA;NA;PM;NA;NA;NA;s09;286,390;514,460;543,990;0,550;4,690;6,23950884955752;3,81838961756656
DIJ-117;2021;late_2021;2021-04-07;2021-05-13;5;5;0;0;NA;NA;PM;NA;NA;NA;s67;248,690;445,880;375,650;-0,850;-0,540;5,52811203319502;3,93854016206889
DIJ-117;2022;early_2022;2022-04-01;2022-05-07;12;12;8;1;8877366;NA;PM;NA;19,3050000000000;41,8125000000000;s67;283,600;474,430;423,790;-1,990;-1,500;5,52811203319502;3,93854016206889
DIJ-118;2020;late_2020;2020-04-02;2020-05-05;8;8;6;0;NA;NA;CC;10,51500000000000;16,6700000000000;NA;s09;262,750;506,270;490,980;0,550;1,940;6,23950884955752;3,81838961756656
DIJ-118;2022;late_2022;2022-04-02;2022-04-18;3;0;0;0;NA;NA;CC;NA;NA;NA;s67;280,950;472,190;161,790;-1,990;-1,500;5,52811203319502;3,93854016206889
DIJ-119;2019;late_2019;2019-04-04;2019-05-10;11;11;0;0;NA;NA;CC;NA;NA;NA;s09;292,900;514,590;404,770;-0,367;1,017;6,23950884955752;3,81838961756656
DIJ-119;2021;early_2021;2021-04-04;2021-05-12;9;9;5;0;NA;NA;CC;7,98400000000000;15,5080000000000;31,6000000000000;s67;242,940;450,090;379,560;-0,590;-1,470;5,52811203319502;3,93854016206889
DIJ-119;2022;early_2022;2022-03-27;2022-05-03;12;12;9;0;NA;NA;CC;10,01888888888889;17,1655555555556;36,5555555555556;s67;252,030;426,110;409,000;-1,990;-1,500;5,52811203319502;3,93854016206889
DIJ-121;2019;late_2019;2019-04-10;2019-05-15;10;10;6;0;NA;NA;CC;7,26000000000000;NA;NA;s06;295,030;561,580;419,100;-0,143;0,880;6,41515198237885;3,85640711944293
DIJ-121;2020;late_2020;2020-04-16;2020-05-13;9;9;4;0;NA;NA;CC;7,91500000000000;14,6750000000000;NA;s06;351,100;607,890;426,690;0,742;4,506;6,41515198237885;3,85640711944293
DIJ-121;2021;late_2021;2021-04-06;2021-05-13;8;8;5;0;NA;8791991;PM;12,48000000000000;17,5540000000000;31,8000000000000;s06;272,790;487,470;407,230;0,630;-0,850;6,41515198237885;3,85640711944293
DIJ-121;2022;early_2022;2022-03-27;2022-05-03;10;10;8;0;NA;NA;PM;13,05750000000000;18,2650000000000;34,4375000000000;s06;273,370;457,730;436,960;-1,040;-0,650;6,41515198237885;3,85640711944293
DIJ-123;2020;late_2020;2020-04-07;2020-05-09;7;7;0;0;NA;NA;PM;NA;NA;NA;s06;297,570;530,300;507,290;0,742;4,999;6,41515198237885;3,85640711944293
DIJ-125;2022;late_2022;2022-04-09;2022-05-10;6;6;5;0;8877384;8877385;PM;16,09800000000000;18,5040000000000;45,3000000000000;s43;279,060;463,800;400,810;-1,810;-0,450;5,72089024390244;3,72711375696681
DIJ-126;2019;late_2019;2019-04-17;2019-05-17;6;5;3;0;NA;NA;PM;13,56666666666667;NA;NA;s43;270,950;531,030;346,050;-0,227;1,805;5,72089024390244;3,72711375696681
DIJ-126;2021;late_2021;2021-04-11;2021-05-15;7;7;5;0;NA;8877049;PM;12,76800000000000;18,8020000000000;36,8000000000000;s43;243,970;446,040;346,510;-1,870;1,230;5,72089024390244;3,72711375696681
DIJ-126;2022;late_2022;2022-04-04;2022-05-12;7;7;6;0;8877527;NA;PM;16,04166666666667;19,6866666666667;43,5833333333333;s43;256,040;443,450;485,400;-2,020;-0,450;5,72089024390244;3,72711375696681
DIJ-127;2019;late_2019;2019-04-07;2019-05-09;7;7;5;0;NA;NA;PM;13,59600000000000;NA;NA;s43;267,410;491,280;341,750;-1,756;-0,227;5,72089024390244;3,72711375696681
DIJ-127;2021;late_2021;2021-04-08;2021-04-15;1;0;0;0;NA;NA;CC;NA;NA;NA;s43;239,020;427,140;47,690;-1,810;1,450;5,72089024390244;3,72711375696681
DIJ-127;2022;late_2022;2022-04-02;2022-05-06;6;6;0;0;NA;NA;PM;NA;NA;NA;s43;268,260;451,100;390,440;-2,020;-1,810;5,72089024390244;3,72711375696681
DIJ-128;2021;late_2021;2021-04-12;2021-05-19;9;9;9;0;NA;NA;CC;11,06111111111111;16,1244444444444;34,5555555555556;s43;243,470;454,180;387,650;-1,870;1,230;5,72089024390244;3,72711375696681
DIJ-128;2022;late_2022;2022-04-08;2022-05-14;11;10;8;0;NA;NA;CC;11,04750000000000;16,6000000000000;38,1250000000000;s43;276,100;460,030;480,120;-1,810;-0,450;5,72089024390244;3,72711375696681
DIJ-129;2019;late_2019;2019-04-11;2019-05-18;12;12;7;0;NA;NA;CC;7,36571428571429;NA;NA;s43;270,820;510,190;410,560;-1,756;-0,227;5,72089024390244;3,72711375696681
DIJ-129;2022;late_2022;2022-04-13;2022-05-18;11;10;9;0;NA;NA;CC;NA;NA;NA;s43;280,500;479,290;509,010;-1,810;5,540;5,72089024390244;3,72711375696681
DIJ-130;2019;late_2019;2019-04-05;2019-05-13;8;7;7;0;NA;NA;CC;9,18142857142857;NA;NA;s43;269,660;480,080;409,470;-1,756;-0,227;5,72089024390244;3,72711375696681
DIJ-131;2019;late_2019;2019-04-13;2019-05-18;11;10;5;0;NA;NA;CC;10,06800000000000;NA;NA;s43;278,270;518,500;396,030;0,218;-0,227;5,72089024390244;3,72711375696681
DIJ-131;2020;late_2020;2020-04-07;2020-05-12;11;9;4;0;NA;NA;CC;8,88500000000000;17,0500000000000;NA;s43;266,260;479,120;516,380;-0,030;4,090;5,72089024390244;3,72711375696681
DIJ-131;2022;late_2022;2022-04-08;2022-05-17;12;12;12;0;NA;NA;CC;NA;NA;NA;s43;276,100;460,030;537,550;-1,810;-0,450;5,72089024390244;3,72711375696681
DIJ-132;2019;late_2019;2019-04-11;2019-05-18;11;8;8;0;NA;NA;CC;8,66750000000000;NA;NA;s43;270,820;510,190;410,560;-1,756;-0,227;5,72089024390244;3,72711375696681
DIJ-132;2021;late_2021;2021-04-14;2021-04-21;3;0;0;0;NA;NA;CC;NA;NA;NA;s43;242,070;466,090;48,810;-1,870;1,230;5,72089024390244;3,72711375696681
DIJ-132;2022;early_2022;2022-03-30;2022-05-04;8;8;4;1;NA;8876584;PM;16,57250000000000;18,9550000000000;37,5000000000000;s43;263,410;442,630;373,890;-2,020;-1,810;5,72089024390244;3,72711375696681
DIJ-133;2021;late_2021;2021-04-06;2021-05-13;6;3;2;0;NA;8877037;PM;15,61000000000000;18,4800000000000;43,7500000000000;s43;244,420;437,260;363,630;-0,900;-1,870;5,72089024390244;3,72711375696681
DIJ-133;2022;late_2022;2022-04-13;2022-05-15;7;6;6;0;8877591;8877590;PM;15,44166666666667;19,3083333333333;45,9166666666667;s43;280,500;479,290;448,440;-1,810;5,540;5,72089024390244;3,72711375696681
DIJ-134;2019;late_2019;2019-04-06;2019-05-15;12;10;9;0;NA;NA;CC;10,00333333333333;NA;NA;s43;267,580;484,030;424,420;-1,756;-0,227;5,72089024390244;3,72711375696681
DIJ-134;2022;early_2022;2022-03-31;2022-05-06;9;9;8;0;8876594;NA;PM;17,20250000000000;19,5562500000000;45,0625000000000;s43;269,050;451,850;395,590;-2,020;-1,810;5,72089024390244;3,72711375696681
DIJ-135;2019;late_2019;2019-04-04;2019-05-12;11;11;4;0;NA;8791367;PM;12,06750000000000;NA;NA;s43;272,610;477,660;403,430;-1,756;-0,227;5,72089024390244;3,72711375696681
DIJ-135;2021;late_2021;2021-04-07;2021-05-14;6;6;2;0;NA;8877038;PM;12,24500000000000;17,0400000000000;29,7500000000000;s43;242,050;431,570;370,340;-1,210;-1,870;5,72089024390244;3,72711375696681
DIJ-135;2022;late_2022;2022-04-19;2022-05-23;8;8;8;0;8877664;NA;PM;15,84375000000000;19,0937500000000;48,1250000000000;s43;306,340;525,830;533,600;-1,810;5,540;5,72089024390244;3,72711375696681
DIJ-136;2020;late_2020;2020-04-11;2020-05-13;7;7;4;0;8791969;NA;PM;12,92000000000000;18,0400000000000;NA;s43;293,830;511,140;461,920;-0,030;3,800;5,72089024390244;3,72711375696681
DIJ-136;2022;late_2022;2022-04-02;2022-05-08;10;10;7;0;NA;8381802;PM;13,09428571428571;17,7171428571429;NA;s43;268,260;451,100;420,220;-2,020;-1,810;5,72089024390244;3,72711375696681
DIJ-136B;2021;late_2021;2021-04-11;2021-05-17;9;9;8;0;8876543;NA;PM;15,80500000000000;19,3287500000000;46,3750000000000;s43;243,970;446,040;369,670;-1,870;1,230;5,72089024390244;3,72711375696681
DIJ-136B;2022;late_2022;2022-04-12;2022-05-15;9;9;7;0;NA;NA;PM;12,36285714285714;19,0085714285714;43,6428571428571;s43;274,560;470,470;462,780;-1,810;5,540;5,72089024390244;3,72711375696681
DIJ-137;2019;late_2019;2019-04-08;2019-05-12;6;6;6;0;NA;NA;PM;15,91833333333333;NA;NA;s43;266,490;497,660;368,790;-1,756;-0,227;5,72089024390244;3,72711375696681
DIJ-137;2022;late_2022;2022-04-08;2022-05-11;8;7;6;0;8877505;NA;PM;16,05500000000000;19,7500000000000;43,3333333333333;s43;276,100;460,030;424,410;-1,810;-0,450;5,72089024390244;3,72711375696681
DIJ-138;2021;late_2021;2021-04-14;2021-05-17;5;5;3;0;NA;NA;PM;18,41333333333333;19,9600000000000;43,0000000000000;s43;242,070;466,090;351,740;-1,870;1,230;5,72089024390244;3,72711375696681
DIJ-138;2022;late_2022;2022-04-17;2022-05-18;6;5;5;0;8877448;NA;PM;16,40000000000000;19,4560000000000;41,5000000000000;s43;300,940;517,540;450,050;-1,810;5,540;5,72089024390244;3,72711375696681
DIJ-139;2019;early_2019;2019-04-02;2019-05-07;8;8;8;0;NA;NA;PM;14,66250000000000;NA;NA;s43;273,210;468,730;359,100;-1,756;-0,227;5,72089024390244;3,72711375696681
DIJ-139;2020;late_2020;2020-04-06;2020-05-13;8;7;6;0;NA;NA;PM;15,12000000000000;18,0000000000000;NA;s43;259,100;470,590;539,780;-0,030;3,800;5,72089024390244;3,72711375696681
DIJ-139;2021;late_2021;2021-04-22;2021-05-25;7;6;6;0;8877056;8877057;PM;15,01500000000000;19,3033333333333;45,8333333333333;s43;268,860;485,040;373,580;-1,870;2,050;5,72089024390244;3,72711375696681
DIJ-139;2022;late_2022;2022-04-08;2022-05-12;8;7;7;0;NA;NA;PM;15,20142857142857;19,0800000000000;44,5714285714286;s43;276,100;460,030;443,950;-1,810;-0,450;5,72089024390244;3,72711375696681
DIJ-140;2019;late_2019;2019-04-09;2019-05-16;11;10;7;0;NA;NA;CC;8,73714285714286;NA;NA;s43;266,710;502,730;407,460;-1,756;-0,227;5,72089024390244;3,72711375696681
DIJ-140;2020;late_2020;2020-04-07;2020-05-12;11;11;0;0;NA;NA;CC;NA;NA;NA;s43;266,260;479,120;516,380;-0,030;4,090;5,72089024390244;3,72711375696681
DIJ-140;2022;late_2022;2022-04-08;2022-05-17;12;11;8;0;NA;NA;CC;NA;NA;NA;s43;276,100;460,030;537,550;-1,810;-0,450;5,72089024390244;3,72711375696681
DIJ-141;2020;late_2020;2020-04-06;2020-05-12;10;10;0;0;NA;NA;CC;NA;NA;NA;s43;259,100;470,590;530,770;-0,030;4,090;5,72089024390244;3,72711375696681
DIJ-141;2021;late_2021;2021-04-06;2021-05-13;8;8;4;0;8877039;NA;PM;13,02750000000000;17,6125000000000;33,2500000000000;s43;244,420;437,260;363,630;-0,900;-1,870;5,72089024390244;3,72711375696681
DIJ-141;2022;late_2022;2022-04-07;2022-05-10;7;4;4;0;NA;NA;PM;16,59750000000000;19,6175000000000;40,2500000000000;s43;270,310;454,020;415,590;-2,020;-0,450;5,72089024390244;3,72711375696681
DIJ-142;2022;late_2022;2022-04-08;2022-05-10;6;5;5;0;NA;NA;PM;17,17400000000000;20,0640000000000;44,8000000000000;s43;276,100;460,030;406,170;-1,810;-0,450;5,72089024390244;3,72711375696681
DIJ-143;2021;late_2021;2021-04-08;2021-05-14;7;6;5;0;8877046;8877047;PM;15,38400000000000;19,1320000000000;41,1000000000000;s43;239,020;427,140;365,000;-1,810;1,230;5,72089024390244;3,72711375696681
DIJ-143;2022;late_2022;2022-04-09;2022-05-12;7;7;6;0;NA;8877049;PM;15,49166666666667;19,9200000000000;46,9166666666667;s43;279,060;463,800;438,590;-1,810;-0,450;5,72089024390244;3,72711375696681
DIJ-145;2022;late_2022;2022-04-10;2022-04-18;2;0;0;0;NA;NA;CC;NA;NA;NA;s65;282,700;474,540;99,080;-2,480;1,070;5,37173553719008;3,89413931977304
DIJ-146;2020;late_2020;2020-04-06;2020-04-28;12;12;9;0;NA;8791261;PM;13,41500000000000;17,6300000000000;NA;s32;259,080;473,530;328,360;-0,032;3,827;5,74497832817337;3,77193716082082
DIJ-147;2019;early_2019;2019-04-02;2019-05-13;13;12;0;0;NA;NA;CC;NA;NA;NA;s32;275,350;472,490;424,120;-0,676;0,051;5,74497832817337;3,77193716082082
DIJ-147;2020;early_2020;2020-03-23;2020-04-30;13;13;8;0;NA;NA;CC;9,51500000000000;15,8400000000000;NA;s32;257,860;461,640;467,440;-0,032;-0,032;5,74497832817337;3,77193716082082
DIJ-147;2021;early_2021;2021-04-02;2021-05-05;9;8;7;0;8876508;8876507;PM;15,30000000000000;19,6142857142857;44,5000000000000;s65;229,710;432,850;301,500;-0,590;-1,840;5,37173553719008;3,89413931977304
DIJ-147;2022;early_2022;2022-03-22;2022-04-28;9;9;7;0;NA;NA;PM;11,71142857142857;16,4814285714286;32,2857142857143;s65;229,460;368,750;398,530;-2,420;-2,480;5,37173553719008;3,89413931977304
DIJ-148;2021;early_2021;2021-04-03;2021-05-12;12;12;5;0;NA;NA;CC;9,20600000000000;15,6340000000000;30,4000000000000;s65;235,300;437,210;382,050;-0,590;-1,840;5,37173553719008;3,89413931977304
DIJ-149;2022;early_2022;2022-03-22;2022-04-27;10;10;10;0;8877009;NA;PM;15,51500000000000;19,2340000000000;44,3500000000000;s65;229,460;368,750;386,300;-2,420;-2,480;5,37173553719008;3,89413931977304
DIJ-150;2019;late_2019;2019-04-12;2019-05-15;8;8;5;0;NA;NA;PM;9,86600000000000;NA;NA;s32;276,480;516,150;364,360;0,329;0,051;5,74497832817337;3,77193716082082
DIJ-151;2019;late_2019;2019-04-13;2019-05-16;10;10;0;0;NA;NA;CC;NA;NA;NA;s32;277,570;519,650;369,450;0,329;0,051;5,74497832817337;3,77193716082082
DIJ-151;2021;early_2021;2021-03-29;2021-05-01;10;10;7;0;8877009;8877008;PM;14,61857142857143;18,6157142857143;37,6857142857143;s65;202,850;410,660;320,820;-0,590;-1,840;5,37173553719008;3,89413931977304
DIJ-153;2019;late_2019;2019-04-03;2019-05-07;8;8;5;0;NA;NA;PM;13,36600000000000;NA;NA;s07;291,490;502,950;369,330;0,079;0,439;6,15895474613687;3,79546626151596
DIJ-153;2021;late_2021;2021-04-10;2021-05-19;12;11;6;0;NA;NA;CC;9,64500000000000;15,2183333333333;29,9166666666667;s64;249,480;453,830;420,940;-1,780;1,640;5,61646694214876;3,82800472074633
DIJ-155;2019;early_2019;2019-03-25;2019-04-29;9;6;6;0;NA;NA;PM;16,97166666666667;18,5166666666667;43,8333333333333;s10;271,870;416,810;379,050;-0,479;-0,199;5,91113105726872;3,72956499571859
DIJ-157;2021;early_2021;2021-03-24;2021-04-29;12;12;3;0;NA;NA;CC;9,29666666666667;15,6500000000000;29,1666666666667;s62;218,140;383,750;359,360;-0,280;-1,840;5,50367768595041;3,87811905088807
DIJ-158;2021;early_2021;2021-04-03;2021-05-09;8;8;8;0;8876525;8876524;PM;12,94125000000000;18,3100000000000;36,7500000000000;s62;242,880;448,200;347,120;-0,280;-1,840;5,50367768595041;3,87811905088807
DIJ-159;2019;late_2019;2019-04-04;2019-05-08;8;8;0;0;NA;NA;PM;NA;NA;NA;s08;286,070;502,540;373,000;-0,311;0,797;6,09691409691630;3,77873176984158
DIJ-159;2021;early_2021;2021-03-30;2021-04-07;3;0;0;0;NA;NA;CC;NA;NA;NA;s62;213,100;422,030;77,820;-0,280;-0,990;5,50367768595041;3,87811905088807
DIJ-160;2022;early_2022;2022-03-31;2022-05-07;11;11;4;0;8876599;NA;PM;14,54000000000000;19,3100000000000;41,0000000000000;s62;281,730;473,680;427,790;-1,840;-1,470;5,50367768595041;3,87811905088807
DIJ-162;2020;late_2020;2020-04-04;2020-05-08;10;10;10;0;8791993;NA;PM;17,48500000000000;18,3600000000000;NA;s11;257,360;470,670;506,580;-0,227;3,512;5,80605849889625;3,81373276230787
DIJ-162;2021;early_2021;2021-04-01;2021-04-20;8;0;0;0;NA;NA;CC;NA;NA;NA;s11;228,370;431,200;144,550;-0,340;-2,070;5,80605849889625;3,81373276230787
DIJ-163;2019;early_2019;2019-03-17;2019-04-22;9;9;8;0;NA;NA;PM;14,61375000000000;18,7375000000000;39,8125000000000;s52;267,370;361,510;361,070;-1,157;-0,004;6,02900000000000;3,77575221188514
DIJ-163;2020;early_2020;2020-03-22;2020-04-27;11;11;11;0;8791257;8791259;PM;13,85500000000000;17,8600000000000;NA;s52;263,540;470,110;440,750;-0,620;0,190;6,02900000000000;3,77575221188514
DIJ-163;2021;early_2021;2021-03-29;2021-05-04;11;11;6;0;NA;8791259;PM;11,79000000000000;17,7600000000000;33,7500000000000;s52;212,400;428,900;362,280;-0,930;-1,780;6,02900000000000;3,77575221188514
DIJ-163;2022;late_2022;2022-04-02;2022-05-06;10;10;10;0;8876593;8876592;PM;16,43900000000000;19,6480000000000;45,3500000000000;s52;280,480;473,570;407,625;-2,330;-1,960;6,02900000000000;3,77575221188514
DIJ-164;2021;late_2021;2021-04-07;2021-05-13;10;10;9;0;8877040;8877041;PM;12,40000000000000;17,8588888888889;32,2777777777778;s52;252,710;452,740;377,940;-1,010;-1,560;6,02900000000000;3,77575221188514
DIJ-165;2019;late_2019;2019-04-11;2019-05-16;7;6;3;0;NA;NA;PM;13,13666666666667;NA;NA;s52;280,670;526,680;400,120;-1,157;-0,004;6,02900000000000;3,77575221188514
DIJ-165;2021;early_2021;2021-04-02;2021-05-12;12;12;0;0;NA;NA;CC;NA;NA;NA;s52;239,650;452,560;401,830;-0,930;-1,780;6,02900000000000;3,77575221188514
DIJ-166;2022;late_2022;2022-04-02;2022-05-07;10;9;9;0;8877402;NA;PM;16,66666666666667;19,9522222222222;49,0000000000000;s52;280,480;473,570;423,055;-2,330;-1,960;6,02900000000000;3,77575221188514
DIJ-167;2019;late_2019;2019-04-07;2019-05-15;10;10;7;0;NA;8791629;CC;7,78714285714286;NA;NA;s02;283,190;521,770;435,460;-0,563;0,825;6,20433554083885;3,77713249428980
DIJ-167;2022;late_2022;2022-04-10;2022-05-13;9;9;9;0;8877040;8877544;PM;15,54444444444444;19,6777777777778;47,1666666666667;s02;295,130;497,510;479,660;-1,330;3,670;6,20433554083885;3,77713249428980
DIJ-168;2019;late_2019;2019-04-08;2019-05-14;10;9;1;0;NA;NA;CC;8,68000000000000;NA;NA;s02;282,430;528,480;412,510;-0,563;0,825;6,20433554083885;3,77713249428980
DIJ-168;2020;late_2020;2020-04-14;2020-05-16;7;7;4;0;8791968;NA;PM;10,98500000000000;17,8850000000000;NA;s02;329,710;573,100;477,100;0,797;4,844;6,20433554083885;3,77713249428980
DIJ-168;2021;early_2021;2021-03-28;2021-05-05;8;7;6;0;NA;NA;PM;15,18000000000000;19,5400000000000;41,5833333333333;s02;219,800;432,140;388,500;0,051;-1,384;6,20433554083885;3,77713249428980
DIJ-168;2022;early_2022;2022-04-01;2022-05-05;9;9;9;1;NA;NA;PM;15,70800000000000;19,5330000000000;48,2500000000000;s02;291,270;488,390;402,590;-0,900;-1,330;6,20433554083885;3,77713249428980
DIJ-169;2019;early_2019;2019-04-02;2019-05-09;7;5;5;0;NA;NA;PM;17,55600000000000;NA;NA;s02;289,650;499,560;397,870;-0,563;0,825;6,20433554083885;3,77713249428980
DIJ-169;2020;late_2020;2020-04-07;2020-05-09;8;8;0;0;8382549;NA;PM;17,70500000000000;19,2250000000000;NA;s02;284,590;511,130;486,720;0,797;5,050;6,20433554083885;3,77713249428980
DIJ-169;2021;late_2021;2021-04-08;2021-05-12;8;8;8;0;8877035;8791030;PM;15,33875000000000;19,6137500000000;43,6250000000000;s02;254,630;459,250;363,470;-1,384;2,289;6,20433554083885;3,77713249428980
DIJ-170;2019;early_2019;2019-04-02;2019-05-10;10;6;5;0;NA;7636392;PM;14,25800000000000;NA;NA;s02;289,650;499,560;409,680;-0,563;0,825;6,20433554083885;3,77713249428980
DIJ-170;2020;early_2020;2020-03-25;2020-04-29;9;9;6;0;NA;7636392;PM;11,66000000000000;17,4050000000000;NA;s02;263,290;496,280;460,870;0,273;0,962;6,20433554083885;3,77713249428980
DIJ-171;2019;late_2019;2019-04-05;2019-05-10;9;9;6;0;NA;8791030;PM;12,47666666666667;NA;NA;s02;286,200;510,040;391,200;-0,563;0,825;6,20433554083885;3,77713249428980
DIJ-171;2020;late_2020;2020-04-08;2020-05-11;8;7;1;0;NA;NA;PM;17,53000000000000;19,4300000000000;NA;s02;292,590;521,170;511,330;0,797;5,050;6,20433554083885;3,77713249428980
DIJ-171;2021;late_2021;2021-04-11;2021-05-13;7;6;6;0;8877042;8877043;PM;14,52166666666667;18,8316666666667;41,2500000000000;s02;259,610;479,170;344,680;-1,384;2,289;6,20433554083885;3,77713249428980
DIJ-171;2022;late_2022;2022-04-04;2022-05-10;11;11;10;0;NA;NA;CC;10,36200000000000;16,4450000000000;35,3000000000000;s02;276,240;478,100;475,450;-0,900;0,850;6,20433554083885;3,77713249428980
DIJ-172;2020;late_2020;2020-04-04;2020-05-07;11;11;8;0;NA;NA;CC;8,70000000000000;15,7650000000000;NA;s02;268,710;494,660;495,670;0,797;4,895;6,20433554083885;3,77713249428980
DIJ-172;2022;early_2022;2022-03-28;2022-05-02;8;8;6;1;8876573;8876572;PM;NA;19,6050000000000;42,5000000000000;s02;268,110;453,870;392,600;-0,900;-1,330;6,20433554083885;3,77713249428980
DIJ-173;2019;late_2019;2019-04-06;2019-05-11;8;7;6;0;8791194;NA;PM;13,87166666666667;NA;NA;s02;283,540;514,530;394,460;-0,563;0,825;6,20433554083885;3,77713249428980
DIJ-173;2020;early_2020;2020-03-31;2020-05-03;8;8;3;0;NA;NA;CC;7,89000000000000;15,3850000000000;NA;s02;262,730;512,380;468,130;0,797;0,962;6,20433554083885;3,77713249428980
DIJ-174;2021;late_2021;2021-04-07;2021-05-17;9;8;2;0;NA;NA;CC;8,89500000000000;14,3000000000000;31,0000000000000;s70;250,910;449,550;423,110;-0,870;-0,680;5,62514462809917;3,90641847085695
DIJ-174;2022;early_2022;2022-03-29;2022-05-01;5;4;3;0;8877092;NA;PM;16,92333333333333;19,2200000000000;44,8333333333333;s70;272,170;458,190;361,790;-1,240;-1,560;5,62514462809917;3,90641847085695
DIJ-175;2022;early_2022;2022-03-27;2022-04-30;8;8;7;0;NA;8877089;PM;14,85142857142857;18,9642857142857;45,0714285714286;s70;254,910;430,510;375,610;-1,240;-1,560;5,62514462809917;3,90641847085695
DIJ-176;2020;early_2020;2020-03-29;2020-05-06;12;12;7;0;NA;NA;CC;9,45500000000000;15,7350000000000;NA;s09;264,820;512,340;532,970;0,220;0,630;6,23950884955752;3,81838961756656
DIJ-176;2022;early_2022;2022-03-30;2022-05-10;12;11;10;0;NA;NA;CC;7,56636363636364;16,0454545454545;34,0000000000000;s70;280,020;469,680;490,640;-1,240;-1,560;5,62514462809917;3,90641847085695
DIJ-177;2019;early_2019;2019-03-30;2019-05-03;8;4;0;0;NA;NA;PM;NA;NA;NA;s09;280,620;473,160;389,810;-0,367;1,017;6,23950884955752;3,81838961756656
DIJ-177;2021;early_2021;2021-03-27;2021-04-29;9;8;8;0;8877002;8877001;PM;12,97625000000000;17,8975000000000;38,2500000000000;s70;214,310;412,450;330,490;-0,370;-1,500;5,62514462809917;3,90641847085695
DIJ-177;2022;early_2022;2022-03-30;2022-05-07;13;13;11;0;NA;NA;CC;9,08727272727273;16,0345454545455;34,0454545454545;s70;280,020;469,680;438,230;-1,240;-1,560;5,62514462809917;3,90641847085695
DIJ-178;2019;early_2019;2019-03-26;2019-05-01;10;3;3;0;NA;NA;PM;16,96666666666667;NA;NA;s09;282,730;444,360;408,230;-0,367;1,017;6,23950884955752;3,81838961756656
DIJ-178;2022;early_2022;2022-03-28;2022-05-02;7;6;6;1;NA;NA;PM;13,19000000000000;19,9283333333333;45,5000000000000;s70;264,240;445,180;387,380;-1,240;-1,560;5,62514462809917;3,90641847085695
DIJ-179;2020;early_2020;2020-03-21;2020-04-24;9;8;8;0;NA;8381599;PM;15,60000000000000;20,0300000000000;NA;s09;271,520;474,950;408,300;0,220;0,550;6,23950884955752;3,81838961756656
DIJ-179;2022;early_2022;2022-03-27;2022-05-01;10;10;10;0;8877093;NA;PM;14,59500000000000;19,5520000000000;42,4000000000000;s70;254,910;430,510;387,930;-1,240;-1,560;5,62514462809917;3,90641847085695
DIJ-180;2019;early_2019;2019-04-01;2019-05-05;7;7;6;0;NA;NA;CC;9,16500000000000;NA;NA;s09;285,400;493,800;382,800;-0,367;1,017;6,23950884955752;3,81838961756656
DIJ-180;2020;early_2020;2020-03-23;2020-04-29;10;8;8;0;NA;NA;CC;10,57500000000000;16,0900000000000;NA;s09;272,030;487,540;479,160;0,220;0,550;6,23950884955752;3,81838961756656
DIJ-180;2021;early_2021;2021-03-29;2021-05-03;11;10;7;0;NA;8381599;PM;16,39571428571428;19,5571428571429;40,8571428571429;s70;211,330;426,020;352,300;-0,370;-1,500;5,62514462809917;3,90641847085695
DIJ-181;2019;early_2019;2019-03-29;2019-05-03;6;6;3;0;NA;NA;PM;15,41666666666667;NA;NA;s09;280,890;464,320;401,820;-0,367;1,017;6,23950884955752;3,81838961756656
DIJ-181;2020;early_2020;2020-03-29;2020-04-24;6;6;5;0;8791254;8791253;PM;16,23000000000000;18,7750000000000;NA;s09;264,820;512,340;348,160;0,220;0,630;6,23950884955752;3,81838961756656
DIJ-181;2021;late_2021;2021-04-06;2021-05-15;12;12;10;0;NA;NA;CC;8,13700000000000;16,2550000000000;31,7500000000000;s70;253,550;455,550;403,740;-0,370;-1,500;5,62514462809917;3,90641847085695
DIJ-181;2022;early_2022;2022-03-30;2022-05-02;8;8;8;0;NA;NA;PM;15,62000000000000;19,6700000000000;43,8750000000000;s70;280,020;469,680;363,350;-1,240;-1,560;5,62514462809917;3,90641847085695
DIJ-182;2019;late_2019;2019-04-03;2019-05-07;9;8;5;0;NA;NA;CC;10,14000000000000;NA;NA;s09;296,100;511,400;379,340;-0,367;1,017;6,23950884955752;3,81838961756656
DIJ-182;2021;early_2021;2021-03-30;2021-05-07;13;12;7;0;NA;NA;CC;7,88714285714286;14,9814285714286;27,9285714285714;s70;215,460;428,580;379,160;-0,370;-1,500;5,62514462809917;3,90641847085695
DIJ-183;2019;early_2019;2019-03-25;2019-04-26;6;6;2;0;NA;NA;PM;12,81500000000000;18,9500000000000;35,0000000000000;s09;284,980;436,220;364,150;-0,367;1,017;6,23950884955752;3,81838961756656
DIJ-183;2020;early_2020;2020-03-22;2020-04-28;11;11;8;0;NA;NA;CC;9,82000000000000;15,0750000000000;NA;s09;270,770;481,270;470,160;0,220;0,550;6,23950884955752;3,81838961756656
DIJ-183;2021;early_2021;2021-03-30;2021-05-01;8;7;7;0;8877004;8877005;PM;14,75142857142857;18,5342857142857;39,5000000000000;s70;215,460;428,580;318,090;-0,370;-1,500;5,62514462809917;3,90641847085695
DIJ-183;2022;early_2022;2022-03-25;2022-05-01;12;12;9;0;NA;NA;CC;9,81444444444444;15,9300000000000;34,6111111111111;s70;244,650;402,710;417,540;-1,240;-1,560;5,62514462809917;3,90641847085695
DIJ-184;2020;early_2020;2020-03-28;2020-05-03;11;9;9;0;NA;NA;CC;10,15500000000000;16,2000000000000;NA;s09;258,650;507,420;494,920;0,220;0,630;6,23950884955752;3,81838961756656
DIJ-184B;2019;late_2019;2019-04-09;2019-05-12;9;9;3;0;NA;8791379;PM;12,55666666666667;NA;NA;s09;287,740;541,140;382,730;-0,367;1,017;6,23950884955752;3,81838961756656
DIJ-184B;2020;early_2020;2020-03-26;2020-04-29;8;8;8;0;8791260;NA;PM;16,87500000000000;19,2350000000000;NA;s09;258,170;501,670;460,890;0,220;0,630;6,23950884955752;3,81838961756656
DIJ-185;2019;early_2019;2019-03-26;2019-05-01;9;8;8;0;NA;NA;PM;14,93125000000000;NA;NA;s09;282,730;444,360;408,230;-0,367;1,017;6,23950884955752;3,81838961756656
DIJ-185;2020;early_2020;2020-03-25;2020-04-27;8;8;7;0;NA;7636294;PM;16,93000000000000;19,4900000000000;NA;s09;264,900;498,920;435,190;0,220;0,630;6,23950884955752;3,81838961756656
DIJ-185;2021;early_2021;2021-03-30;2021-05-06;8;8;7;0;8791250;8876512;PM;12,56714285714286;18,5842857142857;37,2857142857143;s67;212,860;424,880;365,520;-0,590;-1,470;5,52811203319502;3,93854016206889
DIJ-188B;2022;early_2022;2022-03-30;2022-05-02;7;6;6;0;8876571;NA;PM;17,02333333333333;19,9466666666667;47,1666666666667;s12;262,570;445,780;352,530;-3,060;-2,600;5,79239647577092;3,68181479649111
DIJ-188C;2021;early_2021;2021-03-31;2021-05-04;8;8;6;0;NA;NA;PM;10,49500000000000;17,4083333333333;30,3333333333333;s12;213,270;416,340;320,400;-1,640;-2,250;5,79239647577092;3,68181479649111
DIJ-189;2019;early_2019;2019-04-01;2019-05-12;14;14;9;0;NA;NA;CC;8,24222222222222;NA;NA;s02;282,340;488,150;447,210;-0,563;0,825;6,20433554083885;3,77713249428980
DIJ-190;2020;early_2020;2020-03-22;2020-04-24;10;10;0;0;NA;NA;PM;NA;NA;NA;s42;252,650;453,610;370,670;-0,648;-0,395;5,78057411504425;3,64153668413190
DIJ-190;2021;early_2021;2021-03-31;2021-05-08;9;9;5;0;8876521;8876522;PM;14,35600000000000;17,4060000000000;34,2000000000000;s66;NA;512,240;NA;NA;NA;5,06862980769231;3,78134381354151
DIJ-191;2022;early_2022;2022-03-26;2022-04-29;8;8;8;0;8877088;NA;PM;15,11375000000000;19,4675000000000;43,6250000000000;s61;229,690;390,700;355,690;-3,360;-2,950;5,29520661157025;3,70277426379500
DIJ-192;2021;late_2021;2021-04-05;2021-05-08;7;7;4;0;8876515;NA;PM;14,14250000000000;17,5800000000000;31,2500000000000;s61;NA;NA;355,360;NA;1,560;5,29520661157025;3,70277426379500
DIJ-192;2022;early_2022;2022-04-01;2022-05-11;10;10;10;0;NA;NA;CC;7,73400000000000;15,7290000000000;33,9000000000000;s61;266,710;449,370;473,670;-3,360;-2,950;5,29520661157025;3,70277426379500
DIJ-194;2022;early_2022;2022-03-30;2022-05-04;9;8;9;1;8876101;NA;PM;15,69888888888889;19,7433333333333;45,5555555555556;s61;259,700;440,110;370,400;-3,360;-2,950;5,29520661157025;3,70277426379500
DIJ-196;2021;early_2021;2021-04-04;2021-05-09;12;12;5;0;NA;NA;CC;8,71200000000000;15,8600000000000;29,0000000000000;s61;NA;NA;378,620;NA;1,560;5,29520661157025;3,70277426379500
DIJ-199;2022;early_2022;2022-03-30;2022-04-23;9;0;0;0;NA;NA;PM;NA;NA;NA;s61;259,700;440,110;233,100;-3,360;-2,950;5,29520661157025;3,70277426379500
DIJ-200;2022;early_2022;2022-03-04;2022-05-14;10;10;4;0;NA;NA;CC;8,48750000000000;15,8575000000000;33,3750000000000;s61;187,970;268,700;778,230;-3,540;-3,360;5,29520661157025;3,70277426379500
DIJ-201;2020;late_2020;2020-04-06;2020-05-13;11;11;3;0;NA;NA;CC;7,88000000000000;15,9450000000000;NA;s29;265,660;480,720;549,190;-0,120;3,640;5,87678871681416;3,87482989615124
DIJ-201;2021;late_2021;2021-04-13;2021-05-20;12;11;7;0;NA;NA;CC;7,90857142857143;15,1628571428571;29,3571428571429;s71;242,670;468,690;399,140;-1,760;1,040;5,39773858921162;4,01101911537201
DIJ-201;2022;early_2022;2022-03-31;2022-05-06;11;11;11;0;8876595;8876596;PM;13,28090909090909;18,7836363636364;39,7727272727273;s71;281,810;469,360;402,180;-1,180;-1,070;5,39773858921162;4,01101911537201
DIJ-202;2019;early_2019;2019-03-31;2019-05-07;8;8;0;0;NA;NA;PM;NA;NA;NA;s29;267,560;461,320;388,100;-1,785;0,356;5,87678871681416;3,87482989615124
DIJ-202;2021;early_2021;2021-03-30;2021-04-20;10;0;0;0;NA;NA;PM;NA;NA;NA;s71;208,460;419,610;168,500;-0,090;-1,760;5,39773858921162;4,01101911537201
DIJ-204;2020;early_2020;2020-03-28;2020-04-30;10;0;0;0;NA;NA;PM;NA;NA;NA;s29;245,550;483,820;438,670;-0,760;-0,120;5,87678871681416;3,87482989615124
DIJ-204;2021;early_2021;2021-03-29;2021-05-02;9;8;6;0;8877011;8877012;PM;14,00500000000000;17,9700000000000;35,0833333333333;s29;206,590;420,640;332,460;-0,090;-1,580;5,87678871681416;3,87482989615124
DIJ-205;2019;early_2019;2019-03-31;2019-05-16;8;8;2;0;NA;NA;CC;12,99000000000000;NA;NA;s29;267,560;461,320;490,410;-1,785;0,356;5,87678871681416;3,87482989615124
DIJ-205;2020;late_2020;2020-04-03;2020-05-07;9;9;0;0;NA;NA;PM;NA;NA;NA;s29;254,400;478,320;495,970;-0,120;3,960;5,87678871681416;3,87482989615124
DIJ-208;2019;late_2019;2019-04-09;2019-05-11;8;8;2;0;NA;8791192;PM;12,70000000000000;NA;NA;s29;271,380;516,710;349,260;-1,785;0,356;5,87678871681416;3,87482989615124
DIJ-208;2020;late_2020;2020-04-10;2020-05-10;8;8;4;0;NA;8791192;PM;16,81500000000000;19,1150000000000;NA;s29;299,370;518,270;447,130;-0,120;3,960;5,87678871681416;3,87482989615124
DIJ-212;2021;early_2021;2021-04-04;2021-05-14;9;9;8;0;NA;8877048;PM;12,61625000000000;17,8475000000000;37,2500000000000;s71;237,080;444,420;390,840;-0,090;-1,760;5,39773858921162;4,01101911537201
DIJ-212;2022;early_2022;2022-03-31;2022-05-07;9;9;8;0;8877107;NA;PM;15,91750000000000;19,3575000000000;44,3750000000000;s71;281,810;469,360;417,430;-1,180;-1,070;5,39773858921162;4,01101911537201
DIJ-213;2020;late_2020;2020-04-07;2020-05-07;7;7;7;0;8791900;NA;PM;17,35000000000000;18,9400000000000;NA;s29;273,620;489,650;443,120;-0,120;3,960;5,87678871681416;3,87482989615124
DIJ-213;2022;late_2022;2022-04-07;2022-05-09;8;8;3;1;NA;NA;PM;14,40666666666667;18,4333333333333;41,6666666666667;s71;278,180;467,680;409,390;-1,130;0,220;5,39773858921162;4,01101911537201
DIJ-214;2021;late_2021;2021-04-06;2021-05-11;6;5;3;1;8791900;8877031;PM;16,87000000000000;18,9900000000000;44,0000000000000;s71;244,770;445,620;347,060;-0,090;-1,760;5,39773858921162;4,01101911537201
DIJ-215;2021;early_2021;2021-03-31;2021-05-03;9;9;0;0;NA;NA;PM;NA;NA;NA;s71;216,580;423,830;307,700;-0,090;-1,760;5,39773858921162;4,01101911537201
DIJ-215;2022;late_2022;2022-04-02;2022-05-07;11;10;9;0;8382546;NA;PM;14,39444444444444;19,2900000000000;42,1111111111111;s71;279,160;467,900;413,060;-1,180;-1,070;5,39773858921162;4,01101911537201
DIJ-216;2019;late_2019;2019-04-13;2019-05-17;9;8;0;0;NA;NA;CC;NA;NA;NA;s32;277,570;519,650;381,030;0,329;0,051;5,74497832817337;3,77193716082082
DIJ-216;2022;late_2022;2022-04-02;2022-05-08;11;10;10;0;NA;NA;CC;NA;NA;NA;s71;279,160;467,900;429,200;-1,180;-1,070;5,39773858921162;4,01101911537201
DIJ-217;2021;early_2021;2021-04-04;2021-05-14;10;10;8;0;NA;NA;CC;8,50250000000000;15,0150000000000;32,4375000000000;s71;237,080;444,420;390,840;-0,090;-1,760;5,39773858921162;4,01101911537201
DIJ-217;2022;late_2022;2022-04-04;2022-05-09;8;8;6;0;NA;NA;PM;12,40666666666667;18,8433333333333;41,5000000000000;s71;265,580;459,240;440,280;-1,180;0,220;5,39773858921162;4,01101911537201
DIJ-218;2019;late_2019;2019-04-11;2019-05-17;11;11;5;0;NA;NA;CC;7,92200000000000;NA;NA;s32;271,180;512,170;395,360;-0,676;0,051;5,74497832817337;3,77193716082082
DIJ-218;2020;early_2020;2020-03-30;2020-05-06;10;10;0;0;NA;NA;CC;NA;NA;NA;s32;251,640;484,830;503,920;0,024;-0,032;5,74497832817337;3,77193716082082
DIJ-218;2021;late_2021;2021-04-05;2021-05-11;10;10;8;0;8877032;NA;PM;13,27000000000000;18,4350000000000;36,0000000000000;s71;241,240;443,860;349,360;-0,090;-1,760;5,39773858921162;4,01101911537201
DIJ-219;2019;late_2019;2019-04-04;2019-05-10;9;9;0;0;NA;NA;PM;NA;NA;NA;s29;277,890;491,440;381,350;-1,785;0,356;5,87678871681416;3,87482989615124
DIJ-219;2022;early_2022;2022-03-29;2022-05-07;11;11;10;0;8876586;8876585;PM;13,04400000000000;18,3090000000000;38,9500000000000;s71;268,240;448,310;434,950;-1,180;-1,070;5,39773858921162;4,01101911537201
DIJ-220;2019;early_2019;2019-03-30;2019-05-04;8;4;0;0;NA;NA;PM;NA;NA;NA;s29;265,590;451,110;379,200;-1,785;0,356;5,87678871681416;3,87482989615124
DIJ-220;2020;late_2020;2020-04-02;2020-05-07;8;8;8;0;8382546;NA;PM;15,05000000000000;18,0800000000000;NA;s29;250,250;482,170;503,460;-0,120;2,160;5,87678871681416;3,87482989615124
DIJ-221;2021;late_2021;2021-04-20;2021-05-22;8;8;5;0;8876549;NA;PM;13,89800000000000;18,6460000000000;39,8000000000000;s66;NA;611,220;NA;NA;NA;5,06862980769231;3,78134381354151
DIJ-221B;2021;late_2021;2021-04-18;2021-05-19;6;6;5;0;8876547;NA;PM;15,32000000000000;18,6920000000000;39,8000000000000;s61;NA;NA;351,310;NA;1,560;5,29520661157025;3,70277426379500
DIJ-221B;2022;late_2022;2022-04-12;2022-04-19;2;0;0;0;NA;NA;PM;NA;NA;NA;s61;269,320;462,400;87,130;-2,950;6,530;5,29520661157025;3,70277426379500
DIJ-222B;2022;late_2022;2022-04-10;2022-05-11;6;6;6;0;8876547;NA;PM;15,78166666666667;18,7583333333333;45,1666666666667;s61;272,600;457,150;413,190;-2,950;0,600;5,29520661157025;3,70277426379500
DIJ-223B;2021;late_2021;2021-04-14;2021-05-18;7;7;4;0;8877052;NA;PM;10,60500000000000;16,0750000000000;28,0000000000000;s61;NA;NA;382,450;NA;1,560;5,29520661157025;3,70277426379500
DIJ-223B;2022;late_2022;2022-04-09;2022-05-10;7;7;7;0;8877398;8877399;PM;15,36571428571429;19,0557142857143;44,8571428571429;s61;274,450;456,850;400,620;-2,950;-0,030;5,29520661157025;3,70277426379500
DIJ-224;2021;late_2021;2021-04-08;2021-05-16;9;8;0;0;NA;NA;PM;NA;NA;NA;s66;NA;524,100;NA;NA;NA;5,06862980769231;3,78134381354151
DIJ-224;2022;late_2022;2022-04-07;2022-05-09;7;7;7;0;8877368;8877369;PM;15,93285714285714;19,4528571428571;44,7857142857143;s66;268,880;453,960;411,460;-2,330;0,380;5,06862980769231;3,78134381354151
DIJ-224B;2021;late_2021;2021-04-06;2021-05-12;11;10;0;0;NA;NA;CC;NA;NA;NA;s61;NA;NA;400,920;NA;1,560;5,29520661157025;3,70277426379500
DIJ-224B;2022;late_2022;2022-04-10;2022-05-17;11;10;8;0;NA;NA;CC;9,99250000000000;16,3600000000000;38,6250000000000;s61;272,600;457,150;526,270;-2,950;0,600;5,29520661157025;3,70277426379500
DIJ-225;2021;late_2021;2021-04-05;2021-05-14;10;10;8;0;NA;NA;CC;8,65875000000000;16,0325000000000;36,5625000000000;s66;NA;517,720;NA;NA;NA;5,06862980769231;3,78134381354151
DIJ-225B;2022;late_2022;2022-04-02;2022-05-06;8;8;8;0;8876588;8876589;PM;14,38000000000000;18,5900000000000;40,1875000000000;s61;264,370;447,120;387,960;-3,360;-2,950;5,29520661157025;3,70277426379500
DIJ-227;2021;late_2021;2021-04-05;2021-05-12;9;9;7;0;NA;NA;CC;10,59714285714286;16,5157142857143;36,7857142857143;s61;NA;NA;411,840;NA;1,560;5,29520661157025;3,70277426379500
DIJ-229;2021;late_2021;2021-04-08;2021-05-06;9;0;0;0;NA;NA;CC;NA;NA;NA;s61;NA;NA;302,120;NA;1,560;5,29520661157025;3,70277426379500
DIJ-229;2022;late_2022;2022-04-15;2022-05-17;6;6;6;0;8877447;NA;PM;14,75666666666667;19,7950000000000;45,0000000000000;s61;286,930;494,480;457,540;-2,950;4,580;5,29520661157025;3,70277426379500
DIJ-232;2021;early_2021;2021-04-04;2021-05-12;10;9;7;0;NA;NA;CC;6,97000000000000;14,6400000000000;24,4285714285714;s61;NA;NA;422,760;NA;1,560;5,29520661157025;3,70277426379500
DIJ-232;2022;early_2022;2022-04-01;2022-05-08;10;10;10;0;NA;NA;CC;NA;NA;NA;s61;266,710;449,370;420,660;-3,360;-2,950;5,29520661157025;3,70277426379500
DIJ-233;2021;late_2021;2021-04-06;2021-05-12;6;6;5;0;8877033;8877034;PM;15,84600000000000;19,2480000000000;42,2000000000000;s61;NA;NA;400,920;NA;1,560;5,29520661157025;3,70277426379500
DIJ-233;2022;early_2022;2022-04-01;2022-05-07;9;9;6;0;NA;8876598;PM;16,07500000000000;19,7483333333333;43,7500000000000;s61;266,710;449,370;404,910;-3,360;-2,950;5,29520661157025;3,70277426379500
DIJ-234;2022;late_2022;2022-04-10;2022-05-13;9;8;8;0;NA;NA;CC;8,56750000000000;16,0075000000000;34,6875000000000;s61;272,600;457,150;452,920;-2,950;0,600;5,29520661157025;3,70277426379500
DIJ-235;2021;late_2021;2021-04-05;2021-04-27;10;0;0;0;NA;NA;CC;NA;NA;NA;s61;NA;NA;242,740;NA;NA;5,29520661157025;3,70277426379500
DIJ-235;2022;early_2022;2022-03-29;2022-05-02;10;8;8;0;NA;NA;PM;15,46375000000000;19,7762500000000;44,0000000000000;s61;251,920;429,400;353,610;-3,360;-2,950;5,29520661157025;3,70277426379500
DIJ-236;2021;early_2021;2021-04-04;2021-05-08;9;9;9;0;NA;8876520;PM;14,22444444444444;18,4733333333333;40,0555555555556;s66;NA;517,950;NA;NA;NA;5,06862980769231;3,78134381354151
DIJ-236;2022;early_2022;2022-03-29;2022-05-01;9;9;9;0;8877094;NA;PM;15,43222222222222;19,0611111111111;42,3888888888889;s66;254,460;434,970;355,980;-2,480;-1,900;5,06862980769231;3,78134381354151
DIJ-237;2021;late_2021;2021-04-09;2021-05-13;9;9;9;0;8877045;8877044;PM;16,61444444444444;19,1755555555556;41,2222222222222;s66;NA;528,760;NA;NA;NA;5,06862980769231;3,78134381354151
DIJ-237;2022;early_2022;2022-03-26;2022-04-28;10;10;9;0;8877045;NA;PM;14,30333333333333;18,4833333333333;39,6666666666667;s66;233,550;397,020;351,920;-2,480;-1,900;5,06862980769231;3,78134381354151
DIJ-238;2021;late_2021;2021-04-05;2021-05-08;6;6;6;0;8876519;8876518;PM;15,07166666666667;19,3500000000000;43,4166666666667;s66;NA;517,720;NA;NA;NA;5,06862980769231;3,78134381354151
DIJ-240;2022;late_2022;2022-04-02;2022-04-18;7;0;0;0;NA;NA;PM;NA;NA;NA;s66;266,880;452,880;160,240;-2,480;-1,900;5,06862980769231;3,78134381354151
DIJ-242;2021;early_2021;2021-04-04;2021-05-09;8;8;8;0;8876527;8876526;PM;12,73250000000000;17,5212500000000;31,0000000000000;s66;NA;517,950;NA;NA;NA;5,06862980769231;3,78134381354151
DIJ-242;2022;late_2022;2022-04-07;2022-05-10;9;9;9;0;8877387;8877386;PM;16,59555555555556;20,1333333333333;47,0555555555556;s66;268,880;453,960;427,980;-2,330;0,380;5,06862980769231;3,78134381354151
DIJ-244;2022;early_2022;2022-03-28;2022-04-05;NA;0;0;0;NA;NA;PM;NA;NA;NA;s41;234,510;403,730;39,450;-4,200;-2,540;5,54641169977925;3,59433696990805
DIJ-245;2022;early_2022;2022-03-31;2022-05-04;9;9;7;1;8876583;NA;PM;16,47285714285714;19,5057142857143;43,9285714285714;s41;254,900;434,520;353,350;-4,200;-2,540;5,54641169977925;3,59433696990805
DIJ-246;2021;early_2021;2021-03-30;2021-05-11;13;13;9;0;NA;NA;CC;9,98666666666667;16,8122222222222;38,8888888888889;s16;206,910;414,270;423,645;-0,760;-1,929;5,80078256070640;3,83797243289299
DIJ-246;2022;late_2022;2022-04-15;2022-04-25;NA;0;0;0;NA;NA;CC;NA;NA;NA;s16;299,220;513,520;120,620;-1,960;6,280;5,80078256070640;3,83797243289299
DIJ-247;2021;late_2021;2021-04-05;2021-05-08;9;9;8;0;8876514;8876513;PM;13,70000000000000;19,7287500000000;40,5000000000000;s16;240,680;435,920;303,885;-0,760;-1,929;5,80078256070640;3,83797243289299
DIJ-248;2021;late_2021;2021-04-06;2021-05-11;8;8;7;0;8877028;8877027;PM;13,89714285714286;17,9328571428571;36,0714285714286;s18;NA;NA;NA;NA;NA;5,58831184210526;3,82385417704097
DIJ-249;2021;early_2021;2021-03-31;2021-05-04;9;8;7;0;NA;8876502;PM;15,01142857142857;19,5185714285714;42,1428571428571;s16;214,610;418,050;317,315;-0,760;-1,929;5,80078256070640;3,83797243289299
DIJ-249;2022;early_2022;2022-04-01;2022-05-06;10;10;10;0;8876587;NA;PM;15,75200000000000;19,9180000000000;47,0500000000000;s16;277,330;465,600;404,360;-2,160;-1,960;5,80078256070640;3,83797243289299
DIJ-251;2021;early_2021;2021-03-31;2021-05-09;10;10;0;0;NA;NA;PM;NA;NA;NA;s16;214,610;418,050;372,755;-0,760;-1,929;5,80078256070640;3,83797243289299
DIJ-251;2022;early_2022;2022-03-25;2022-05-01;9;9;9;0;NA;8877095;PM;16,74777777777778;20,2966666666667;42,9444444444444;s16;234,250;389,790;408,430;-2,160;-1,960;5,80078256070640;3,83797243289299
DIJ-253;2021;early_2021;2021-03-30;2021-05-09;11;11;4;0;NA;NA;CC;7,94750000000000;14,7900000000000;28,0000000000000;s18;NA;NA;NA;NA;NA;5,58831184210526;3,82385417704097
DIJ-253;2022;late_2022;2022-04-10;2022-04-19;5;0;0;0;NA;NA;CC;NA;NA;NA;s18;281,400;473,070;112,680;-1,610;3,090;5,58831184210526;3,82385417704097
DIJ-254;2022;late_2022;2022-04-03;2022-05-07;6;5;5;0;8876597;NA;PM;18,24400000000000;19,8100000000000;44,4000000000000;s18;270,000;462,030;410,070;-1,930;-1,610;5,58831184210526;3,82385417704097
DIJ-255;2021;late_2021;2021-04-06;2021-05-10;7;7;7;0;NA;8877024;PM;13,51857142857143;18,8871428571429;37,5000000000000;s18;NA;NA;NA;NA;NA;5,58831184210526;3,82385417704097
DIJ-256;2022;late_2022;2022-04-13;2022-05-19;6;6;6;0;8876199;8876200;PM;15,79333333333333;19,4000000000000;40,2500000000000;s18;285,640;488,590;546,690;-1,610;6,050;5,58831184210526;3,82385417704097
DIJ-257;2021;early_2021;2021-04-03;2021-05-09;8;8;8;0;8876523;NA;PM;15,11750000000000;19,7062500000000;42,1250000000000;s18;NA;NA;NA;NA;NA;5,58831184210526;3,82385417704097
DIJ-257;2022;late_2022;2022-04-18;2022-05-19;8;8;8;0;NA;V011261;PM;16,03500000000000;19,7112500000000;43,0000000000000;s18;310,900;533,560;473,170;-1,610;6,280;5,58831184210526;3,82385417704097
DIJ-259;2021;late_2021;2021-04-19;2021-05-11;11;0;0;0;NA;NA;CC;NA;NA;NA;s18;NA;NA;NA;NA;NA;5,58831184210526;3,82385417704097
DIJ-259;2022;late_2022;2022-04-09;2022-05-16;9;9;8;0;8877444;NA;PM;13,44250000000000;19,4637500000000;44,5625000000000;s18;283,800;472,740;527,680;-1,610;-0,760;5,58831184210526;3,82385417704097
DIJ-260;2022;late_2022;2022-04-02;2022-05-07;10;10;0;0;NA;NA;PM;NA;NA;NA;s67;280,950;472,190;421,530;-1,990;-1,500;5,52811203319502;3,93854016206889
DIJ-263;2022;early_2022;2022-03-29;2022-05-04;9;9;6;0;NA;NA;PM;16,94000000000000;19,5716666666667;46,5000000000000;s67;269,170;453,450;398,660;-1,990;-1,500;5,52811203319502;3,93854016206889
DIJ-269;2021;early_2021;2021-04-04;2021-05-09;9;9;0;0;NA;NA;PM;NA;NA;NA;s67;242,940;450,090;334,880;-0,590;-1,470;5,52811203319502;3,93854016206889
DIJ-269;2022;late_2022;2022-04-02;2022-05-07;9;9;0;0;NA;NA;PM;NA;NA;NA;s67;280,950;472,190;421,530;-1,990;-1,500;5,52811203319502;3,93854016206889
DIJ-271;2021;late_2021;2021-04-06;2021-05-13;2;0;0;0;NA;NA;PM;NA;NA;NA;s67;251,430;451,980;379,430;-0,590;-1,470;5,52811203319502;3,93854016206889
DIJ-271;2022;late_2022;2022-04-10;2022-05-04;11;0;0;0;NA;NA;CC;NA;NA;NA;s67;287,000;482,170;315,580;-1,500;1,910;5,52811203319502;3,93854016206889
DIJ-272;2021;early_2021;2021-04-03;2021-05-06;10;7;6;0;8876510;8876511;PM;15,61000000000000;18,8783333333333;39,5833333333333;s67;242,530;451,870;310,380;-0,590;-1,470;5,52811203319502;3,93854016206889
DIJ-272;2022;late_2022;2022-04-11;2022-05-14;10;10;0;0;NA;NA;PM;NA;NA;NA;s67;283,110;483,880;480,680;-1,500;6,180;5,52811203319502;3,93854016206889
DIJ-273;2021;late_2021;2021-04-10;2021-05-17;11;10;9;0;NA;NA;CC;8,45333333333333;16,0044444444444;30,8333333333333;s67;248,910;451,010;392,720;-1,470;0,880;5,52811203319502;3,93854016206889
DIJ-274;2022;late_2022;2022-04-18;2022-04-25;1;0;0;0;NA;NA;PM;NA;NA;NA;s27;305,100;522,830;77,410;-2,570;4,690;5,76641501103753;3,67455238514106
DIJ-275;2022;late_2022;2022-04-09;2022-05-14;10;10;6;0;NA;NA;CC;NA;NA;NA;s27;277,870;463,530;477,820;-2,570;-0,310;5,76641501103753;3,67455238514106
DIJ-303;2022;late_2022;2022-04-10;2022-05-13;8;7;7;0;NA;NA;PM;NA;NA;NA;s65;282,700;474,540;465,130;-2,480;1,070;5,37173553719008;3,89413931977304
DIJ-308;2022;late_2022;2022-04-03;2022-05-05;9;9;9;0;NA;NA;PM;NA;NA;NA;s22;267,690;457,860;387,160;-1,810;-1,870;5,73987885462555;3,76124751650764
DIJ-312;2022;early_2022;2022-03-26;2022-04-28;9;0;0;0;NA;NA;PM;NA;NA;NA;s24;242,850;405,490;354,030;-1,930;-1,930;5,77184911894273;3,81344817628207
DIJ-316;2022;late_2022;2022-04-02;2022-05-05;10;10;9;0;8876004;NA;PM;14,02555555555556;19,2911111111111;48,0555555555556;s62;279,640;471,620;393,220;-1,840;-1,470;5,50367768595041;3,87811905088807
DIJ-319;2022;early_2022;2022-03-31;2022-05-04;7;7;7;0;NA;NA;PM;NA;NA;NA;s07;286,340;484,630;386,660;-1,900;-0,820;6,15895474613687;3,79546626151596
DIJ-325;2022;early_2022;2022-03-31;2022-05-03;9;9;8;0;NA;NA;PM;17,44750000000000;19,9200000000000;50,3750000000000;s43;269,050;451,850;352,080;-2,020;-1,810;5,72089024390244;3,72711375696681
DIJ-326;2022;late_2022;2022-04-06;2022-05-10;8;8;5;0;NA;NA;PM;NA;NA;NA;s43;262,640;446,560;426,580;-2,020;-0,450;5,72089024390244;3,72711375696681
DIJ-328;2022;late_2022;2022-04-04;2022-05-08;9;9;9;0;NA;NA;PM;16,94555555555555;20,5455555555556;46,3333333333333;s28;259,890;448,490;415,950;-1,730;0,380;5,74746017699115;4,27921038219491
DIJ-329;2022;early_2022;2022-03-30;2022-04-27;8;8;8;0;NA;NA;PM;15,96250000000000;19,2737500000000;42,6250000000000;s28;273,820;450,790;275,790;-1,730;-1,300;5,74746017699115;4,27921038219491
DIJ-330;2022;early_2022;2022-03-26;2022-05-02;8;8;8;0;8876002;NA;PM;16,81375000000000;19,1675000000000;45,5000000000000;s28;237,970;396,190;393,100;-1,730;-1,300;5,74746017699115;4,27921038219491
DIJ-331;2022;early_2022;2022-04-01;2022-05-10;8;8;7;0;NA;NA;PM;NA;NA;NA;s28;278,350;460,410;458,800;-1,730;-1,300;5,74746017699115;4,27921038219491
DIJ-332;2022;late_2022;2022-04-02;2022-05-04;9;9;9;0;NA;NA;PM;16,69444444444444;19,5666666666667;49,6111111111111;s25;273,540;456,830;375,030;-2,890;-3,060;5,64787168141593;3,74047852819148
DIJ-337;2022;late_2022;2022-04-16;2022-05-16;10;10;9;0;NA;NA;PM;13,97222222222222;18,5211111111111;47,5000000000000;s28;299,320;511,520;434,310;-1,300;6,480;5,74746017699115;4,27921038219491
DIJ-338;2022;late_2022;2022-04-09;2022-04-29;7;0;0;0;NA;NA;PM;NA;NA;NA;s28;279,170;464,520;245,270;-1,300;0,380;5,74746017699115;4,27921038219491
DIJ-339;2022;late_2022;2022-04-10;2022-05-16;11;11;10;0;8877446;NA;PM;13,54100000000000;19,5560000000000;41,2000000000000;s12;277,450;465,790;513,560;-2,600;1,210;5,79239647577092;3,68181479649111
DIJ-339B;2022;early_2022;2022-03-28;2022-05-02;10;10;10;0;NA;NA;PM;16,35500000000000;19,0190000000000;44,8000000000000;s12;246,790;422,540;375,930;-3,060;-2,600;5,79239647577092;3,68181479649111
DIJ-342;2022;late_2022;2022-04-03;2022-05-05;8;8;8;0;8876003;NA;PM;16,83000000000000;19,9350000000000;45,6250000000000;s13;273,260;469,110;393,280;-1,810;-2,130;5,92336313465784;3,78699177276353
DIJ-344;2022;late_2022;2022-04-04;2022-05-08;9;8;8;0;NA;NA;PM;12,79250000000000;18,7075000000000;42,6875000000000;s61;251,750;438,160;412,440;-3,360;-0,030;5,29520661157025;3,70277426379500
DIJ-347;2022;late_2022;2022-04-04;2022-05-09;11;9;8;0;NA;NA;CC;11,39500000000000;15,8925000000000;NA;s16;261,400;453,940;445,930;-2,160;-0,170;5,80078256070640;3,83797243289299
DIJ-351;2022;late_2022;2022-04-03;2022-05-06;9;9;9;0;NA;NA;PM;17,00111111111111;19,4444444444444;45,3888888888889;s24;271,190;464,950;403,640;-1,930;-1,930;5,77184911894273;3,81344817628207
DIJ-352;2022;late_2022;2022-04-20;2022-05-20;5;5;5;0;NA;NA;PM;16,07600000000000;18,7180000000000;36,1000000000000;s24;321,970;547,200;478,350;-1,930;6,200;5,77184911894273;3,81344817628207
DIJ-357;2022;early_2022;2022-03-30;2022-05-08;9;9;9;0;8877408;NA;PM;14,65222222222222;18,9877777777778;45,0555555555556;s16;270,870;455,610;446,370;-2,160;-1,960;5,80078256070640;3,83797243289299
DIJ-358;2022;early_2022;2022-03-25;2022-04-27;9;9;8;0;8876001;NA;PM;14,47500000000000;19,0100000000000;46,8750000000000;s70;244,650;402,710;362,830;-1,240;-1,560;5,62514462809917;3,90641847085695
DIJ-362;2022;late_2022;2022-04-03;2022-05-06;7;5;4;0;8876005;NA;PM;16,40250000000000;19,0300000000000;47,1250000000000;s05;278,880;481,760;410,730;-1,210;-1,530;6,18246460176991;3,76916887682494
DIJ-368;2022;early_2022;2022-03-23;2022-04-25;7;7;7;0;NA;NA;PM;17,10285714285714;19,4457142857143;45,8571428571429;s29;236,260;383,190;358,390;-1,160;-0,900;5,87678871681416;3,87482989615124
DIJ-382;2022;late_2022;2022-04-06;2022-05-09;6;6;6;0;NA;NA;PM;NA;NA;NA;s27;261,580;446,120;410,740;-3,180;-0,310;5,76641501103753;3,67455238514106
DIJ-387;2022;early_2022;2022-03-30;2022-05-10;14;12;12;0;NA;NA;CC;NA;NA;NA;s21;273,000;453,210;477,080;-2,100;-2,890;5,73548896247241;3,76298013252183
