id_nestbox;year;date;laying_date;incubation_date;hatching_date;clutch_size;brood_size;fledgling_nb;success_manipulated;father_id;mother_id;species;mass;tarsus_length;wing_length
DIJ-002;2020;15/05/2020;10/04/2020;NA;02/05/2020;11;10;0;0;NA;NA;CC;NA;NA;NA
DIJ-003;2021;20/05/2021;12/04/2021;23/04/2021;07/05/2021;13;13;6;0;NA;NA;CC;7,75333333333333;14,8100000000000;26,1666666666667
DIJ-004;2019;05/05/2019;01/04/2019;NA;NA;12;11;4;0;NA;NA;CC;7,80750000000000;NA;NA
DIJ-004;2020;05/05/2020;03/04/2020;NA;NA;7;6;6;0;NA;8791875;PM;17,32500000000000;19,1850000000000;NA
DIJ-005;2021;19/05/2021;18/04/2021;23/04/2021;06/05/2021;7;5;5;0;8876548;NA;PM;16,05200000000000;19,7140000000000;40,8000000000000
DIJ-005;2022;09/05/2022;05/04/2022;12/04/2022;26/04/2022;9;6;4;1;8876548;NA;PM;17,16500000000000;19,9625000000000;45,3750000000000
DIJ-006;2019;05/05/2019;01/04/2019;NA;NA;10;9;7;0;NA;NA;PM;15,25571428571429;NA;NA
DIJ-008;2021;08/05/2021;03/04/2021;09/04/2021;25/04/2021;8;8;7;0;8791992;NA;PM;14,96000000000000;19,6842857142857;42,8571428571429
DIJ-008;2022;02/05/2022;30/03/2022;05/04/2022;19/04/2022;8;8;8;0;NA;8876570;PM;15,19000000000000;20,1925000000000;41,6250000000000
DIJ-009;2019;05/05/2019;01/04/2019;NA;NA;8;8;6;0;NA;NA;PM;13,92333333333333;NA;NA
DIJ-009;2020;10/05/2020;08/04/2020;NA;NA;6;6;6;0;8791992;NA;PM;13,86500000000000;18,1200000000000;NA
DIJ-010;2019;02/05/2019;27/03/2019;NA;NA;11;11;7;0;NA;NA;PM;13,26285714285714;NA;NA
DIJ-010;2022;06/05/2022;01/04/2022;07/04/2022;23/04/2022;8;8;7;0;NA;8876591;PM;16,05428571428572;19,3400000000000;44,5714285714286
DIJ-011;2019;08/05/2019;06/04/2019;NA;NA;7;5;5;0;NA;NA;PM;16,00200000000000;NA;NA
DIJ-011;2020;03/05/2020;29/03/2020;NA;NA;8;7;4;0;8791857;NA;PM;17,67000000000000;20,3400000000000;NA
DIJ-011;2021;27/04/2021;26/03/2021;01/04/2021;14/04/2021;8;7;4;0;NA;8791927;PM;13,15250000000000;19,4850000000000;34,5000000000000
DIJ-012B;2021;05/05/2021;30/03/2021;02/04/2021;22/04/2021;5;3;3;0;NA;8876506;PM;17,46333333333333;19,4333333333333;46,1666666666667
DIJ-013;2021;15/05/2021;05/04/2021;13/04/2021;02/05/2021;10;10;7;0;NA;NA;CC;7,82571428571429;15,4585714285714;31,3571428571429
DIJ-015;2019;05/05/2019;02/04/2019;NA;NA;8;8;6;0;NA;NA;PM;15,19000000000000;NA;NA
DIJ-015;2022;06/05/2022;01/04/2022;07/04/2022;23/04/2022;8;8;5;0;NA;8876590;PM;15,76800000000000;19,2180000000000;46,6000000000000
DIJ-016;2019;10/05/2019;04/04/2019;13/04/2019;27/04/2019;11;10;0;0;NA;NA;CC;NA;NA;NA
DIJ-016;2021;13/05/2021;05/04/2021;15/04/2021;30/04/2021;12;10;2;0;NA;NA;CC;6,03500000000000;12,0100000000000;17,5000000000000
DIJ-017;2019;01/05/2019;27/03/2019;01/04/2019;14/04/2019;8;6;0;0;NA;NA;PM;NA;NA;NA
DIJ-017;2021;05/05/2021;31/03/2021;06/04/2021;22/04/2021;8;8;2;0;8876505;7581728;PM;16,88000000000000;18,8800000000000;47,0000000000000
DIJ-017;2022;30/04/2022;28/03/2022;02/04/2022;17/04/2022;7;7;7;0;8877090;8877091;PM;13,80714285714286;18,5557142857143;40,8571428571429
DIJ-019;2022;14/05/2022;09/04/2022;18/04/2022;01/05/2022;11;11;10;0;NA;NA;CC;9,12200000000000;16,1510000000000;37,6000000000000
DIJ-020B;2022;15/05/2022;12/04/2022;19/04/2022;02/05/2022;9;9;7;0;NA;NA;CC;8,98571428571429;16,0442857142857;38,3571428571429
DIJ-022B;2022;12/05/2022;06/04/2022;16/04/2022;29/04/2022;12;9;8;0;NA;NA;CC;9,43375000000000;16,4887500000000;37,4375000000000
DIJ-023B;2021;02/05/2021;29/03/2021;06/04/2021;19/04/2021;10;10;8;0;NA;NA;CC;8,56000000000000;15,0775000000000;31,5625000000000
DIJ-023B;2022;15/04/2022;25/03/2022;02/04/2022;NA;10;0;0;0;NA;NA;CC;NA;NA;NA
DIJ-025;2021;02/05/2021;30/03/2021;06/04/2021;19/04/2021;9;8;1;0;NA;8877010;PM;10,12000000000000;15,6800000000000;27,0000000000000
DIJ-026;2021;21/05/2021;14/04/2021;24/04/2021;09/05/2021;12;12;6;0;NA;NA;CC;6,03000000000000;13,3566666666667;23,7500000000000
DIJ-028;2019;10/05/2019;05/04/2019;10/04/2019;27/04/2019;7;7;0;0;NA;NA;PM;NA;NA;NA
DIJ-028;2021;01/05/2021;30/03/2021;04/04/2021;18/04/2021;7;7;7;0;8877006;8877007;PM;12,78571428571428;17,8100000000000;36,7142857142857
DIJ-028;2022;05/05/2022;02/04/2022;04/04/2022;22/04/2022;4;3;3;0;NA;8381527;PM;15,58666666666667;19,0233333333333;44,0000000000000
DIJ-030;2019;13/05/2019;08/04/2019;NA;NA;9;8;4;0;NA;NA;PM;12,30000000000000;NA;NA
DIJ-030;2022;11/05/2022;06/04/2022;11/04/2022;28/04/2022;7;7;5;0;NA;NA;CC;10,19200000000000;16,3120000000000;32,0000000000000
DIJ-031;2019;30/04/2019;27/03/2019;NA;NA;9;9;7;0;NA;NA;PM;17,57714285714286;18,6000000000000;47,0000000000000
DIJ-032;2020;03/05/2020;29/03/2020;NA;NA;9;9;9;0;NA;NA;CC;11,51500000000000;16,8700000000000;NA
DIJ-032;2021;06/05/2021;31/03/2021;08/04/2021;23/04/2021;10;8;8;0;NA;NA;CC;10,26625000000000;17,7237500000000;36,7500000000000
DIJ-033;2019;15/05/2019;13/04/2019;NA;NA;9;8;5;0;NA;NA;PM;13,50400000000000;NA;NA
DIJ-036;2020;10/05/2020;08/04/2020;NA;NA;9;9;7;0;NA;7636298;PM;12,12500000000000;19,6750000000000;NA
DIJ-036;2021;23/04/2021;05/04/2021;10/05/2021;NA;7;0;0;0;NA;NA;PM;NA;NA;NA
DIJ-037;2021;06/05/2021;03/04/2021;07/04/2021;23/04/2021;6;5;5;0;8876509;NA;PM;13,08800000000000;19,2300000000000;40,1000000000000
DIJ-038;2020;14/04/2020;NA;NA;NA;9;0;0;0;NA;NA;PM;NA;NA;NA
DIJ-039;2021;10/05/2021;23/04/2021;27/04/2021;NA;6;0;0;0;NA;NA;PM;NA;NA;NA
DIJ-040;2020;29/04/2020;23/03/2020;NA;NA;11;11;10;0;8382543;NA;PM;14,26000000000000;18,4100000000000;NA
DIJ-040;2021;12/05/2021;05/04/2021;12/04/2021;29/04/2021;9;9;9;0;NA;8877036;CC;10,67555555555556;16,8888888888889;38,6111111111111
DIJ-040;2022;04/05/2022;30/03/2022;06/04/2022;21/04/2022;9;9;10;1;NA;NA;PM;14,87600000000000;19,0530000000000;42,9500000000000
DIJ-041;2019;16/05/2019;10/04/2019;20/04/2019;03/05/2019;12;5;0;0;NA;NA;CC;NA;NA;NA
DIJ-041;2021;04/05/2021;31/03/2021;07/04/2021;21/04/2021;9;9;4;0;NA;NA;PM;13,27000000000000;16,9975000000000;32,3750000000000
DIJ-042;2020;12/05/2020;11/04/2020;NA;NA;8;8;5;0;8791966;NA;PM;15,77500000000000;18,0350000000000;NA
DIJ-044;2019;13/05/2019;10/04/2019;NA;NA;8;8;6;0;NA;8791391;PM;11,04166666666667;NA;NA
DIJ-044;2020;03/05/2020;24/03/2020;NA;NA;10;10;7;0;NA;NA;CC;8,75500000000000;15,7550000000000;NA
DIJ-044;2022;11/05/2022;08/04/2022;13/04/2022;28/04/2022;7;7;7;0;8877507;8877506;PM;16,60571428571428;20,3042857142857;48,5000000000000
DIJ-045;2019;10/05/2019;30/03/2019;08/04/2019;25/04/2019;11;11;0;0;NA;NA;PM;NA;NA;NA
DIJ-045;2021;18/05/2021;09/04/2021;18/04/2021;05/05/2021;11;11;5;0;NA;NA;CC;7,88600000000000;14,1120000000000;28,3000000000000
DIJ-045;2022;04/05/2022;30/03/2022;07/04/2022;21/04/2022;10;10;9;0;NA;NA;PM;15,52000000000000;19,4400000000000;42,1111111111111
DIJ-046;2021;11/05/2021;06/04/2021;14/04/2021;28/04/2021;10;10;7;0;8877029;8877030;PM;13,54000000000000;17,9828571428571;34,5714285714286
DIJ-046;2022;14/05/2022;11/04/2022;18/04/2022;01/05/2022;9;8;7;0;NA;NA;CC;10,29285714285714;17,0500000000000;40,1428571428571
DIJ-047;2019;10/05/2019;06/04/2019;NA;NA;7;5;4;0;NA;NA;PM;13,14500000000000;NA;NA
DIJ-047;2020;06/05/2020;05/04/2020;NA;NA;7;7;6;0;NA;8791997;PM;14,78000000000000;19,4000000000000;NA
DIJ-047;2022;14/05/2022;07/04/2022;17/04/2022;01/05/2022;12;12;5;0;NA;NA;CC;9,20000000000000;16,9040000000000;38,7000000000000
DIJ-048;2019;05/05/2019;01/04/2019;NA;NA;10;10;5;0;NA;NA;PM;13,32800000000000;NA;NA
DIJ-048;2021;13/05/2021;09/04/2021;15/04/2021;30/04/2021;8;8;8;0;NA;NA;CC;8,31500000000000;16,4425000000000;34,6250000000000
DIJ-048;2022;11/05/2022;05/04/2022;15/04/2022;28/04/2022;9;9;9;0;NA;NA;CC;10,30000000000000;17,0244444444444;39,6666666666667
DIJ-049;2019;16/05/2019;09/04/2019;NA;NA;11;10;4;0;NA;8791761;CC;7,76750000000000;NA;NA
DIJ-049;2021;15/05/2021;13/04/2021;18/04/2021;02/05/2021;7;7;7;0;NA;8877050;PM;14,07714285714286;18,3914285714286;37,9285714285714
DIJ-049;2022;16/05/2022;14/04/2022;20/04/2022;03/05/2022;8;8;8;0;8877445;NA;PM;16,83625000000000;19,5087500000000;46,3125000000000
DIJ-050;2019;26/04/2019;22/03/2019;NA;NA;9;8;8;0;NA;NA;CC;7,86375000000000;15,2125000000000;33,0000000000000
DIJ-050;2021;04/05/2021;28/03/2021;06/04/2021;21/04/2021;11;10;5;0;NA;NA;CC;8,93600000000000;16,3220000000000;31,3000000000000
DIJ-050;2022;07/05/2022;31/03/2022;08/04/2022;24/04/2022;10;10;9;0;8877401;8876600;PM;13,47555555555556;18,3377777777778;43,7222222222222
DIJ-051;2019;02/05/2019;28/03/2019;NA;NA;8;5;3;0;NA;NA;PM;14,70000000000000;NA;NA
DIJ-051;2020;29/04/2020;31/03/2020;NA;19/04/2020;7;7;0;0;NA;NA;PM;NA;NA;NA
DIJ-051;2022;15/05/2022;12/04/2022;19/04/2022;02/05/2022;9;9;0;0;NA;NA;PM;NA;NA;NA
DIJ-052;2021;05/05/2021;01/04/2021;07/04/2021;22/04/2021;8;8;7;0;8876504;8876503;PM;14,06857142857143;17,9871428571429;37,1428571428571
DIJ-053;2019;04/05/2019;02/04/2019;NA;NA;8;8;7;0;NA;NA;PM;13,70857142857143;NA;NA
DIJ-053;2022;18/04/2022;24/03/2022;31/03/2022;NA;9;0;0;0;NA;NA;PM;NA;NA;NA
DIJ-054;2019;04/05/2019;27/03/2019;NA;NA;10;10;8;0;NA;NA;PM;12,42375000000000;NA;NA
DIJ-059;2022;03/05/2022;30/03/2022;05/04/2022;20/04/2022;8;8;8;0;8876578;8876579;PM;12,79875000000000;17,6975000000000;37,0000000000000
DIJ-067;2019;09/05/2019;07/04/2019;NA;NA;8;8;7;0;NA;NA;PM;14,93000000000000;NA;NA
DIJ-068;2019;27/04/2019;25/03/2019;31/03/2019;14/04/2019;8;5;0;0;NA;NA;PM;NA;NA;NA
DIJ-068;2020;28/04/2020;25/03/2020;NA;NA;10;10;7;0;NA;NA;PM;12,52500000000000;18,2950000000000;NA
DIJ-071;2019;04/05/2019;27/03/2019;07/04/2019;22/04/2019;13;12;0;0;NA;NA;CC;NA;NA;NA
DIJ-071;2020;30/04/2020;25/03/2020;NA;NA;11;11;10;0;NA;NA;CC;8,81000000000000;16,3800000000000;NA
DIJ-071;2021;03/05/2021;28/03/2021;06/04/2021;20/04/2021;11;11;8;0;NA;NA;CC;10,00000000000000;16,7800000000000;33,6250000000000
DIJ-071;2022;26/04/2022;22/03/2022;31/03/2022;13/04/2022;11;11;10;0;NA;NA;CC;9,88400000000000;NA;36,1000000000000
DIJ-072;2019;13/05/2019;09/04/2019;NA;NA;9;7;6;0;8791247;8791432;CC;8,65166666666667;NA;NA
DIJ-072;2020;11/05/2020;06/04/2020;NA;NA;10;10;5;0;NA;NA;CC;8,47000000000000;15,2000000000000;NA
DIJ-072;2021;15/05/2021;02/04/2021;15/04/2021;02/05/2021;14;14;8;0;NA;NA;CC;8,70500000000000;15,4987500000000;32,3125000000000
DIJ-073;2020;18/05/2020;15/04/2020;NA;NA;9;8;3;0;NA;NA;CC;11,32000000000000;16,3250000000000;NA
DIJ-073;2022;18/04/2022;22/03/2022;29/03/2022;12/04/2022;9;8;0;0;NA;NA;PM;NA;NA;NA
DIJ-074;2021;26/04/2021;03/04/2021;13/04/2021;NA;12;0;0;0;NA;NA;CC;NA;NA;NA
DIJ-076;2019;14/05/2019;05/04/2019;NA;NA;12;12;4;0;NA;8791552;CC;8,98000000000000;NA;NA
DIJ-076;2020;11/05/2020;04/04/2020;NA;NA;12;11;9;0;NA;NA;CC;NA;16,0766666666667;NA
DIJ-079;2019;09/05/2019;05/04/2019;NA;NA;9;9;8;0;NA;NA;PM;14,32125000000000;NA;NA
DIJ-079;2021;27/04/2021;26/03/2021;02/04/2021;14/04/2021;9;9;8;0;8791928;8791929;PM;14,60875000000000;19,3087500000000;39,1250000000000
DIJ-079;2022;20/04/2022;29/03/2022;03/04/2022;NA;7;0;0;0;NA;NA;PM;NA;NA;NA
DIJ-080;2019;12/05/2019;02/04/2019;13/04/2019;29/04/2019;13;11;0;0;NA;NA;CC;NA;NA;NA
DIJ-081;2020;24/04/2020;NA;NA;12/04/2020;9;NA;0;0;NA;NA;PM;NA;NA;NA
DIJ-082;2020;11/05/2020;07/04/2020;NA;NA;9;9;6;0;NA;NA;CC;NA;16,8500000000000;NA
DIJ-082;2022;13/05/2022;07/04/2022;17/04/2022;30/04/2022;12;12;6;0;NA;NA;CC;NA;NA;NA
DIJ-083;2020;03/05/2020;31/03/2020;NA;NA;8;8;6;0;NA;8791854;PM;14,01500000000000;18,4850000000000;NA
DIJ-084;2019;29/04/2019;25/03/2019;01/04/2019;14/04/2019;9;8;0;0;NA;NA;PM;NA;NA;NA
DIJ-084;2021;19/05/2021;05/04/2021;15/04/2021;06/05/2021;12;12;0;0;NA;NA;CC;NA;NA;NA
DIJ-084;2022;13/05/2022;05/04/2022;16/04/2022;30/04/2022;12;12;0;0;NA;NA;CC;NA;NA;NA
DIJ-085;2020;29/04/2020;24/03/2020;NA;NA;11;11;8;0;8791855;NA;PM;13,20500000000000;18,5050000000000;NA
DIJ-085;2021;08/05/2021;03/04/2021;10/04/2021;25/04/2021;9;9;7;0;8876516;8876517;PM;11,73714285714286;17,6942857142857;33,6428571428571
DIJ-085;2022;08/05/2022;03/04/2022;11/04/2022;25/04/2022;10;9;9;0;8877407;8876517;PM;12,50888888888889;18,7288888888889;38,3333333333333
DIJ-086;2022;02/05/2022;28/03/2022;04/04/2022;20/04/2022;9;9;0;0;NA;NA;PM;NA;NA;NA
DIJ-087;2021;30/04/2021;27/03/2021;03/04/2021;17/04/2021;9;9;8;0;NA;8877003;PM;13,03875000000000;18,6675000000000;39,3125000000000
DIJ-088;2019;03/05/2019;31/03/2019;NA;NA;7;6;6;0;NA;NA;PM;15,42500000000000;NA;NA
DIJ-090;2019;02/05/2019;27/03/2019;NA;NA;9;9;7;0;NA;NA;PM;14,24000000000000;NA;NA
DIJ-090;2021;05/05/2021;02/04/2021;08/04/2021;22/04/2021;8;7;6;0;1299BFC;NA;PM;14,38166666666667;19,4600000000000;39,8333333333333
DIJ-090;2022;18/04/2022;10/04/2022;NA;NA;4;0;0;0;NA;NA;PM;NA;NA;NA
DIJ-091;2019;21/05/2019;12/04/2019;NA;NA;14;5;5;0;NA;NA;CC;7,58800000000000;NA;NA
DIJ-092;2019;13/05/2019;04/04/2019;NA;NA;10;9;7;0;8791404;8791396;CC;6,36857142857143;NA;NA
DIJ-092;2020;04/05/2020;29/03/2020;NA;NA;7;7;7;0;NA;NA;CC;10,94000000000000;16,4850000000000;NA
DIJ-093;2020;27/04/2020;25/03/2020;NA;NA;8;8;8;0;8382541;NA;PM;15,35500000000000;18,9200000000000;NA
DIJ-093;2021;23/04/2021;31/03/2021;10/04/2021;NA;12;0;0;0;NA;NA;CC;NA;NA;NA
DIJ-096;2019;13/05/2019;03/04/2019;NA;NA;11;7;7;0;NA;8791413;CC;6,32857142857143;NA;NA
DIJ-096;2020;19/05/2020;16/04/2020;NA;06/05/2020;7;6;0;0;NA;NA;PM;NA;NA;NA
DIJ-096;2021;20/05/2021;19/04/2021;24/04/2021;07/05/2021;7;7;6;0;NA;8877054;PM;14,57500000000000;19,0416666666667;40,7500000000000
DIJ-096;2022;14/05/2022;11/04/2022;15/04/2022;01/05/2022;6;3;1;0;NA;7556111;PM;16,68000000000000;19,2400000000000;48,5000000000000
DIJ-097;2020;15/05/2020;12/04/2020;NA;02/05/2020;9;NA;0;0;NA;NA;CC;NA;NA;NA
DIJ-097;2021;21/05/2021;19/04/2021;24/04/2021;08/05/2021;7;7;6;0;8382544;8877055;PM;14,11000000000000;19,1350000000000;42,9166666666667
DIJ-098;2019;03/05/2019;28/03/2019;NA;NA;9;9;8;0;NA;NA;PM;13,11375000000000;NA;NA
DIJ-098;2021;07/05/2021;05/04/2021;09/04/2021;24/04/2021;6;6;5;0;NA;8382542;PM;14,03400000000000;18,4740000000000;35,2000000000000
DIJ-098;2022;05/05/2022;27/03/2022;06/04/2022;22/04/2022;8;8;6;1;0334BFC;8382542;PM;14,63833333333333;18,8516666666667;41,6666666666667
DIJ-099;2019;09/05/2019;03/04/2019;NA;NA;9;8;2;0;NA;8790934;CC;7,97000000000000;NA;NA
DIJ-099;2020;29/04/2020;27/03/2020;NA;NA;7;7;7;0;NA;8382542;PM;16,44500000000000;19,2700000000000;NA
DIJ-099;2021;21/05/2021;17/04/2021;25/04/2021;08/05/2021;10;10;6;0;NA;NA;CC;5,87333333333333;13,5233333333333;22,3333333333333
DIJ-102;2021;15/05/2021;04/03/2021;12/04/2021;02/05/2021;10;10;8;0;NA;NA;CC;7,34250000000000;15,1512500000000;28,7500000000000
DIJ-102;2022;03/05/2022;28/03/2022;05/04/2022;20/04/2022;10;9;9;0;NA;NA;CC;11,20222222222222;17,1922222222222;36,2222222222222
DIJ-103;2020;27/04/2020;01/04/2020;NA;NA;8;8;8;0;NA;8382540;PM;16,75500000000000;19,5000000000000;NA
DIJ-104;2019;03/05/2019;01/04/2019;NA;NA;8;6;3;0;NA;NA;PM;17,44333333333334;NA;NA
DIJ-105;2019;04/05/2019;31/03/2019;NA;NA;9;9;9;0;NA;NA;PM;16,10111111111111;NA;NA
DIJ-105;2020;30/04/2020;26/03/2020;NA;NA;8;7;5;0;NA;7556298;PM;16,56000000000000;19,0500000000000;NA
DIJ-106;2019;14/05/2019;03/04/2019;NA;NA;14;14;8;0;NA;NA;CC;7,10250000000000;NA;NA
DIJ-106;2020;05/05/2020;01/04/2020;NA;NA;8;8;8;0;NA;NA;CC;9,16000000000000;15,2950000000000;NA
DIJ-108;2019;13/05/2019;11/04/2019;NA;NA;7;7;5;0;NA;8791408;PM;11,96800000000000;NA;NA
DIJ-109;2020;11/05/2020;07/04/2020;NA;NA;9;9;6;0;NA;NA;PM;14,46000000000000;19,1400000000000;NA
DIJ-109;2021;16/05/2021;10/04/2021;16/04/2021;03/05/2021;8;8;4;0;NA;8877051;PM;12,42000000000000;17,0000000000000;33,2500000000000
DIJ-109;2022;01/05/2022;08/04/2022;18/04/2022;01/05/2022;12;12;11;0;NA;NA;CC;10,16818181818182;16,4218181818182;39,7727272727273
DIJ-110;2019;13/05/2019;10/04/2019;NA;NA;6;6;6;0;NA;7556111;PM;14,38000000000000;NA;NA
DIJ-110;2021;30/04/2021;13/04/2021;17/04/2021;NA;6;0;0;0;NA;NA;PM;NA;NA;NA
DIJ-111;2019;03/05/2019;29/03/2019;NA;NA;10;10;4;0;NA;NA;PM;16,82000000000000;NA;NA
DIJ-111;2022;07/05/2022;04/04/2022;11/04/2022;24/04/2022;9;9;10;1;NA;NA;PM;14,65700000000000;19,2940000000000;42,2500000000000
DIJ-112;2020;05/05/2020;31/03/2020;NA;NA;7;6;5;0;8791881;NA;PM;16,44500000000000;18,5150000000000;NA
DIJ-112;2021;11/05/2021;03/04/2021;10/04/2021;28/04/2021;9;9;4;0;NA;NA;CC;7,03750000000000;15,2100000000000;28,3750000000000
DIJ-113;2019;30/04/2019;26/03/2019;NA;NA;9;9;8;0;NA;0917BFC;PM;13,47875000000000;18,0875000000000;42,1250000000000
DIJ-113;2022;05/05/2022;01/04/2022;06/04/2022;22/04/2022;7;7;7;0;NA;NA;PM;16,95714285714286;19,5800000000000;46,7857142857143
DIJ-114;2020;26/04/2020;26/03/2020;NA;NA;7;7;6;0;0325BFC;NA;PM;18,14500000000000;19,4600000000000;NA
DIJ-114;2021;11/05/2021;04/04/2021;09/04/2021;28/04/2021;7;6;6;0;NA;8877026;PM;14,79666666666667;18,6266666666667;42,1666666666667
DIJ-115;2021;11/05/2021;31/03/2021;07/04/2021;28/04/2021;6;6;7;1;8791881;8877025;PM;13,37857142857143;18,4714285714286;40,8571428571429
DIJ-115B;2019;07/05/2019;01/04/2019;NA;NA;11;11;6;0;NA;NA;CC;9,38833333333333;NA;NA
DIJ-115B;2020;30/04/2020;27/03/2020;NA;NA;8;8;8;0;NA;NA;CC;10,16500000000000;16,5250000000000;NA
DIJ-116;2021;09/05/2021;04/04/2021;12/04/2021;26/04/2021;10;10;6;0;NA;NA;CC;9,18666666666667;16,1300000000000;33,1666666666667
DIJ-116;2022;07/05/2022;28/03/2022;06/04/2022;24/04/2022;8;5;4;0;NA;NA;PM;17,36500000000000;19,7100000000000;47,2500000000000
DIJ-117;2020;12/05/2020;07/04/2020;NA;29/04/2020;7;6;0;0;NA;NA;PM;NA;NA;NA
DIJ-117;2021;13/05/2021;07/04/2021;10/04/2021;30/04/2021;5;5;0;0;NA;NA;PM;NA;NA;NA
DIJ-117;2022;07/05/2022;01/04/2022;11/04/2022;24/04/2022;12;12;8;1;8877366;NA;PM;NA;19,3050000000000;41,8125000000000
DIJ-118;2020;05/05/2020;02/04/2020;NA;NA;8;8;6;0;NA;NA;CC;10,51500000000000;16,6700000000000;NA
DIJ-118;2022;18/04/2022;02/04/2022;NA;NA;3;0;0;0;NA;NA;CC;NA;NA;NA
DIJ-119;2019;10/05/2019;04/04/2019;13/04/2019;27/04/2019;11;11;0;0;NA;NA;CC;NA;NA;NA
DIJ-119;2021;12/05/2021;04/04/2021;11/04/2021;29/04/2021;9;9;5;0;NA;NA;CC;7,98400000000000;15,5080000000000;31,6000000000000
DIJ-119;2022;03/05/2022;27/03/2022;06/04/2022;20/04/2022;12;12;9;0;NA;NA;CC;10,01888888888889;17,1655555555556;36,5555555555556
DIJ-121;2019;15/05/2019;10/04/2019;NA;NA;10;10;6;0;NA;NA;CC;7,26000000000000;NA;NA
DIJ-121;2020;13/05/2020;16/04/2020;NA;NA;9;9;4;0;NA;NA;CC;7,91500000000000;14,6750000000000;NA
DIJ-121;2021;13/05/2021;06/04/2021;15/04/2021;30/04/2021;8;8;5;0;NA;8791991;PM;12,48000000000000;17,5540000000000;31,8000000000000
DIJ-121;2022;03/05/2022;27/03/2022;06/04/2022;20/04/2022;10;10;8;0;NA;NA;PM;13,05750000000000;18,2650000000000;34,4375000000000
DIJ-123;2020;09/05/2020;07/04/2020;NA;26/04/2020;7;7;0;0;NA;NA;PM;NA;NA;NA
DIJ-125;2022;10/05/2022;09/04/2022;13/04/2022;27/04/2022;6;6;5;0;8877384;8877385;PM;16,09800000000000;18,5040000000000;45,3000000000000
DIJ-126;2019;17/05/2019;17/04/2019;NA;NA;6;5;3;0;NA;NA;PM;13,56666666666667;NA;NA
DIJ-126;2021;15/05/2021;11/04/2021;16/04/2021;02/05/2021;7;7;5;0;NA;8877049;PM;12,76800000000000;18,8020000000000;36,8000000000000
DIJ-126;2022;12/05/2022;04/04/2022;12/04/2022;29/04/2022;7;7;6;0;8877527;NA;PM;16,04166666666667;19,6866666666667;43,5833333333333
DIJ-127;2019;09/05/2019;07/04/2019;NA;NA;7;7;5;0;NA;NA;PM;13,59600000000000;NA;NA
DIJ-127;2021;15/04/2021;08/04/2021;NA;NA;1;0;0;0;NA;NA;CC;NA;NA;NA
DIJ-127;2022;06/05/2022;02/04/2022;06/04/2022;23/04/2022;6;6;0;0;NA;NA;PM;NA;NA;NA
DIJ-128;2021;19/05/2021;12/04/2021;19/04/2021;06/05/2021;9;9;9;0;NA;NA;CC;11,06111111111111;16,1244444444444;34,5555555555556
DIJ-128;2022;14/05/2022;08/04/2022;17/04/2022;01/05/2022;11;10;8;0;NA;NA;CC;11,04750000000000;16,6000000000000;38,1250000000000
DIJ-129;2019;18/05/2019;11/04/2019;NA;NA;12;12;7;0;NA;NA;CC;7,36571428571429;NA;NA
DIJ-129;2022;18/05/2022;13/04/2022;22/04/2022;05/05/2022;11;10;9;0;NA;NA;CC;NA;NA;NA
DIJ-130;2019;13/05/2019;05/04/2019;NA;NA;8;7;7;0;NA;NA;CC;9,18142857142857;NA;NA
DIJ-131;2019;18/05/2019;13/04/2019;NA;NA;11;10;5;0;NA;NA;CC;10,06800000000000;NA;NA
DIJ-131;2020;12/05/2020;07/04/2020;NA;NA;11;9;4;0;NA;NA;CC;8,88500000000000;17,0500000000000;NA
DIJ-131;2022;17/05/2022;08/04/2022;18/04/2022;03/05/2022;12;12;12;0;NA;NA;CC;NA;NA;NA
DIJ-132;2019;18/05/2019;11/04/2019;NA;NA;11;8;8;0;NA;NA;CC;8,66750000000000;NA;NA
DIJ-132;2021;21/04/2021;14/04/2021;NA;NA;3;0;0;0;NA;NA;CC;NA;NA;NA
DIJ-132;2022;04/05/2022;30/03/2022;05/04/2022;21/04/2022;8;8;4;1;NA;8876584;PM;16,57250000000000;18,9550000000000;37,5000000000000
DIJ-133;2021;13/05/2021;06/04/2021;10/04/2021;30/04/2021;6;3;2;0;NA;8877037;PM;15,61000000000000;18,4800000000000;43,7500000000000
DIJ-133;2022;15/05/2022;13/04/2022;18/04/2022;02/05/2022;7;6;6;0;8877591;8877590;PM;15,44166666666667;19,3083333333333;45,9166666666667
DIJ-134;2019;15/05/2019;06/04/2019;NA;NA;12;10;9;0;NA;NA;CC;10,00333333333333;NA;NA
DIJ-134;2022;06/05/2022;31/03/2022;07/04/2022;23/04/2022;9;9;8;0;8876594;NA;PM;17,20250000000000;19,5562500000000;45,0625000000000
DIJ-135;2019;12/05/2019;04/04/2019;NA;NA;11;11;4;0;NA;8791367;PM;12,06750000000000;NA;NA
DIJ-135;2021;14/05/2021;07/04/2021;11/04/2021;30/04/2021;6;6;2;0;NA;8877038;PM;12,24500000000000;17,0400000000000;29,7500000000000
DIJ-135;2022;23/05/2022;19/04/2022;25/04/2022;09/05/2022;8;8;8;0;8877664;NA;PM;15,84375000000000;19,0937500000000;48,1250000000000
DIJ-136;2020;13/05/2020;11/04/2020;NA;NA;7;7;4;0;8791969;NA;PM;12,92000000000000;18,0400000000000;NA
DIJ-136;2022;08/05/2022;02/04/2022;10/04/2022;25/04/2022;10;10;7;0;NA;8381802;PM;13,09428571428571;17,7171428571429;NA
DIJ-136B;2021;17/05/2021;11/04/2021;18/04/2021;04/05/2021;9;9;8;0;8876543;NA;PM;15,80500000000000;19,3287500000000;46,3750000000000
DIJ-136B;2022;15/05/2022;12/04/2022;19/04/2022;02/05/2022;9;9;7;0;NA;NA;PM;12,36285714285714;19,0085714285714;43,6428571428571
DIJ-137;2019;12/05/2019;08/04/2019;NA;NA;6;6;6;0;NA;NA;PM;15,91833333333333;NA;NA
DIJ-137;2022;11/05/2022;08/04/2022;14/04/2022;28/04/2022;8;7;6;0;8877505;NA;PM;16,05500000000000;19,7500000000000;43,3333333333333
DIJ-138;2021;17/05/2021;14/04/2021;17/04/2021;04/05/2021;5;5;3;0;NA;NA;PM;18,41333333333333;19,9600000000000;43,0000000000000
DIJ-138;2022;18/05/2022;17/04/2022;21/04/2022;05/05/2022;6;5;5;0;8877448;NA;PM;16,40000000000000;19,4560000000000;41,5000000000000
DIJ-139;2019;07/05/2019;02/04/2019;NA;NA;8;8;8;0;NA;NA;PM;14,66250000000000;NA;NA
DIJ-139;2020;13/05/2020;06/04/2020;NA;NA;8;7;6;0;NA;NA;PM;15,12000000000000;18,0000000000000;NA
DIJ-139;2021;25/05/2021;22/04/2021;28/04/2021;12/05/2021;7;6;6;0;8877056;8877057;PM;15,01500000000000;19,3033333333333;45,8333333333333
DIJ-139;2022;12/05/2022;08/04/2022;14/04/2022;29/04/2022;8;7;7;0;NA;NA;PM;15,20142857142857;19,0800000000000;44,5714285714286
DIJ-140;2019;16/05/2019;09/04/2019;NA;NA;11;10;7;0;NA;NA;CC;8,73714285714286;NA;NA
DIJ-140;2020;12/05/2020;07/04/2020;NA;29/04/2020;11;11;0;0;NA;NA;CC;NA;NA;NA
DIJ-140;2022;17/05/2022;08/04/2022;18/04/2022;03/05/2022;12;11;8;0;NA;NA;CC;NA;NA;NA
DIJ-141;2020;12/05/2020;06/04/2020;NA;29/04/2020;10;10;0;0;NA;NA;CC;NA;NA;NA
DIJ-141;2021;13/05/2021;06/04/2021;13/04/2021;30/04/2021;8;8;4;0;8877039;NA;PM;13,02750000000000;17,6125000000000;33,2500000000000
DIJ-141;2022;10/05/2022;07/04/2022;12/04/2022;27/04/2022;7;4;4;0;NA;NA;PM;16,59750000000000;19,6175000000000;40,2500000000000
DIJ-142;2022;10/05/2022;08/04/2022;12/04/2022;27/04/2022;6;5;5;0;NA;NA;PM;17,17400000000000;20,0640000000000;44,8000000000000
DIJ-143;2021;14/05/2021;08/04/2021;15/04/2021;01/05/2021;7;6;5;0;8877046;8877047;PM;15,38400000000000;19,1320000000000;41,1000000000000
DIJ-143;2022;12/05/2022;09/04/2022;14/04/2022;29/04/2022;7;7;6;0;NA;8877049;PM;15,49166666666667;19,9200000000000;46,9166666666667
DIJ-145;2022;18/04/2022;10/04/2022;NA;NA;2;0;0;0;NA;NA;CC;NA;NA;NA
DIJ-146;2020;28/04/2020;06/04/2020;NA;NA;12;12;9;0;NA;8791261;PM;13,41500000000000;17,6300000000000;NA
DIJ-147;2019;13/05/2019;02/04/2019;13/04/2019;30/04/2019;13;12;0;0;NA;NA;CC;NA;NA;NA
DIJ-147;2020;30/04/2020;23/03/2020;NA;NA;13;13;8;0;NA;NA;CC;9,51500000000000;15,8400000000000;NA
DIJ-147;2021;05/05/2021;02/04/2021;09/04/2021;22/04/2021;9;8;7;0;8876508;8876507;PM;15,30000000000000;19,6142857142857;44,5000000000000
DIJ-147;2022;28/04/2022;22/03/2022;29/03/2022;15/04/2022;9;9;7;0;NA;NA;PM;11,71142857142857;16,4814285714286;32,2857142857143
DIJ-148;2021;12/05/2021;03/04/2021;13/04/2021;29/04/2021;12;12;5;0;NA;NA;CC;9,20600000000000;15,6340000000000;30,4000000000000
DIJ-149;2022;27/04/2022;22/03/2022;30/03/2022;14/04/2022;10;10;10;0;8877009;NA;PM;15,51500000000000;19,2340000000000;44,3500000000000
DIJ-150;2019;15/05/2019;12/04/2019;NA;NA;8;8;5;0;NA;NA;PM;9,86600000000000;NA;NA
DIJ-151;2019;16/05/2019;13/04/2019;21/04/2019;03/05/2019;10;10;0;0;NA;NA;CC;NA;NA;NA
DIJ-151;2021;01/05/2021;29/03/2021;06/04/2021;18/04/2021;10;10;7;0;8877009;8877008;PM;14,61857142857143;18,6157142857143;37,6857142857143
DIJ-153;2019;07/05/2019;03/04/2019;NA;NA;8;8;5;0;NA;NA;PM;13,36600000000000;NA;NA
DIJ-153;2021;19/05/2021;10/04/2021;18/04/2021;06/05/2021;12;11;6;0;NA;NA;CC;9,64500000000000;15,2183333333333;29,9166666666667
DIJ-155;2019;29/04/2019;25/03/2019;NA;NA;9;6;6;0;NA;NA;PM;16,97166666666667;18,5166666666667;43,8333333333333
DIJ-157;2021;29/04/2021;24/03/2021;03/04/2021;16/04/2021;12;12;3;0;NA;NA;CC;9,29666666666667;15,6500000000000;29,1666666666667
DIJ-158;2021;09/05/2021;03/04/2021;09/04/2021;26/04/2021;8;8;8;0;8876525;8876524;PM;12,94125000000000;18,3100000000000;36,7500000000000
DIJ-159;2019;08/05/2019;04/04/2019;12/04/2019;25/04/2019;8;8;0;0;NA;NA;PM;NA;NA;NA
DIJ-159;2021;07/04/2021;30/03/2021;NA;NA;3;0;0;0;NA;NA;CC;NA;NA;NA
DIJ-160;2022;07/05/2022;31/03/2022;09/04/2022;24/04/2022;11;11;4;0;8876599;NA;PM;14,54000000000000;19,3100000000000;41,0000000000000
DIJ-162;2020;08/05/2020;04/04/2020;NA;NA;10;10;10;0;8791993;NA;PM;17,48500000000000;18,3600000000000;NA
DIJ-162;2021;20/04/2021;01/04/2021;07/04/2021;NA;8;0;0;0;NA;NA;CC;NA;NA;NA
DIJ-163;2019;22/04/2019;17/03/2019;24/03/2019;08/04/2019;9;9;8;0;NA;NA;PM;14,61375000000000;18,7375000000000;39,8125000000000
DIJ-163;2020;27/04/2020;22/03/2020;NA;NA;11;11;11;0;8791257;8791259;PM;13,85500000000000;17,8600000000000;NA
DIJ-163;2021;04/05/2021;29/03/2021;08/04/2021;22/04/2021;11;11;6;0;NA;8791259;PM;11,79000000000000;17,7600000000000;33,7500000000000
DIJ-163;2022;06/05/2022;02/04/2022;10/04/2022;23/04/2022;10;10;10;0;8876593;8876592;PM;16,43900000000000;19,6480000000000;45,3500000000000
DIJ-164;2021;13/05/2021;07/04/2021;15/04/2021;30/04/2021;10;10;9;0;8877040;8877041;PM;12,40000000000000;17,8588888888889;32,2777777777778
DIJ-165;2019;16/05/2019;11/04/2019;NA;NA;7;6;3;0;NA;NA;PM;13,13666666666667;NA;NA
DIJ-165;2021;12/05/2021;02/04/2021;12/04/2021;29/04/2021;12;12;0;0;NA;NA;CC;NA;NA;NA
DIJ-166;2022;07/05/2022;02/04/2022;10/04/2022;24/04/2022;10;9;9;0;8877402;NA;PM;16,66666666666667;19,9522222222222;49,0000000000000
DIJ-167;2019;15/05/2019;07/04/2019;NA;NA;10;10;7;0;NA;8791629;CC;7,78714285714286;NA;NA
DIJ-167;2022;13/05/2022;10/04/2022;17/04/2022;30/04/2022;9;9;9;0;8877040;8877544;PM;15,54444444444444;19,6777777777778;47,1666666666667
DIJ-168;2019;14/05/2019;08/04/2019;NA;NA;10;9;1;0;NA;NA;CC;8,68000000000000;NA;NA
DIJ-168;2020;16/05/2020;14/04/2020;NA;NA;7;7;4;0;8791968;NA;PM;10,98500000000000;17,8850000000000;NA
DIJ-168;2021;05/05/2021;28/03/2021;03/04/2021;22/04/2021;8;7;6;0;NA;NA;PM;15,18000000000000;19,5400000000000;41,5833333333333
DIJ-168;2022;05/05/2022;01/04/2022;08/04/2022;22/04/2022;9;9;9;1;NA;NA;PM;15,70800000000000;19,5330000000000;48,2500000000000
DIJ-169;2019;09/05/2019;02/04/2019;NA;NA;7;5;5;0;NA;NA;PM;17,55600000000000;NA;NA
DIJ-169;2020;09/05/2020;07/04/2020;NA;NA;8;8;0;0;8382549;NA;PM;17,70500000000000;19,2250000000000;NA
DIJ-169;2021;12/05/2021;08/04/2021;14/04/2021;29/04/2021;8;8;8;0;8877035;8791030;PM;15,33875000000000;19,6137500000000;43,6250000000000
DIJ-170;2019;10/05/2019;02/04/2019;NA;NA;10;6;5;0;NA;7636392;PM;14,25800000000000;NA;NA
DIJ-170;2020;29/04/2020;25/03/2020;NA;NA;9;9;6;0;NA;7636392;PM;11,66000000000000;17,4050000000000;NA
DIJ-171;2019;10/05/2019;05/04/2019;NA;NA;9;9;6;0;NA;8791030;PM;12,47666666666667;NA;NA
DIJ-171;2020;11/05/2020;08/04/2020;NA;NA;8;7;1;0;NA;NA;PM;17,53000000000000;19,4300000000000;NA
DIJ-171;2021;13/05/2021;11/04/2021;17/04/2021;30/04/2021;7;6;6;0;8877042;8877043;PM;14,52166666666667;18,8316666666667;41,2500000000000
DIJ-171;2022;10/05/2022;04/04/2022;13/04/2022;27/04/2022;11;11;10;0;NA;NA;CC;10,36200000000000;16,4450000000000;35,3000000000000
DIJ-172;2020;07/05/2020;04/04/2020;NA;NA;11;11;8;0;NA;NA;CC;8,70000000000000;15,7650000000000;NA
DIJ-172;2022;02/05/2022;28/03/2022;07/04/2022;19/04/2022;8;8;6;1;8876573;8876572;PM;NA;19,6050000000000;42,5000000000000
DIJ-173;2019;11/05/2019;06/04/2019;NA;NA;8;7;6;0;8791194;NA;PM;13,87166666666667;NA;NA
DIJ-173;2020;03/05/2020;31/03/2020;NA;NA;8;8;3;0;NA;NA;CC;7,89000000000000;15,3850000000000;NA
DIJ-174;2021;17/05/2021;07/04/2021;18/04/2021;04/05/2021;9;8;2;0;NA;NA;CC;8,89500000000000;14,3000000000000;31,0000000000000
DIJ-174;2022;01/05/2022;29/03/2022;01/04/2022;18/04/2022;5;4;3;0;8877092;NA;PM;16,92333333333333;19,2200000000000;44,8333333333333
DIJ-175;2022;30/04/2022;27/03/2022;02/04/2022;17/04/2022;8;8;7;0;NA;8877089;PM;14,85142857142857;18,9642857142857;45,0714285714286
DIJ-176;2020;06/05/2020;29/03/2020;NA;NA;12;12;7;0;NA;NA;CC;9,45500000000000;15,7350000000000;NA
DIJ-176;2022;10/05/2022;30/03/2022;09/04/2022;27/04/2022;12;11;10;0;NA;NA;CC;7,56636363636364;16,0454545454545;34,0000000000000
DIJ-177;2019;03/05/2019;30/03/2019;05/04/2019;19/04/2019;8;4;0;0;NA;NA;PM;NA;NA;NA
DIJ-177;2021;29/04/2021;27/03/2021;03/04/2021;16/04/2021;9;8;8;0;8877002;8877001;PM;12,97625000000000;17,8975000000000;38,2500000000000
DIJ-177;2022;07/05/2022;30/03/2022;10/04/2022;24/04/2022;13;13;11;0;NA;NA;CC;9,08727272727273;16,0345454545455;34,0454545454545
DIJ-178;2019;01/05/2019;26/03/2019;NA;NA;10;3;3;0;NA;NA;PM;16,96666666666667;NA;NA
DIJ-178;2022;02/05/2022;28/03/2022;02/04/2022;19/04/2022;7;6;6;1;NA;NA;PM;13,19000000000000;19,9283333333333;45,5000000000000
DIJ-179;2020;24/04/2020;21/03/2020;NA;NA;9;8;8;0;NA;8381599;PM;15,60000000000000;20,0300000000000;NA
DIJ-179;2022;01/05/2022;27/03/2022;04/04/2022;18/04/2022;10;10;10;0;8877093;NA;PM;14,59500000000000;19,5520000000000;42,4000000000000
DIJ-180;2019;05/05/2019;01/04/2019;NA;NA;7;7;6;0;NA;NA;CC;9,16500000000000;NA;NA
DIJ-180;2020;29/04/2020;23/03/2020;NA;NA;10;8;8;0;NA;NA;CC;10,57500000000000;16,0900000000000;NA
DIJ-180;2021;03/05/2021;29/03/2021;07/04/2021;20/04/2021;11;10;7;0;NA;8381599;PM;16,39571428571428;19,5571428571429;40,8571428571429
DIJ-181;2019;03/05/2019;29/03/2019;NA;NA;6;6;3;0;NA;NA;PM;15,41666666666667;NA;NA
DIJ-181;2020;24/04/2020;29/03/2020;NA;NA;6;6;5;0;8791254;8791253;PM;16,23000000000000;18,7750000000000;NA
DIJ-181;2021;15/05/2021;06/04/2021;16/04/2021;02/05/2021;12;12;10;0;NA;NA;CC;8,13700000000000;16,2550000000000;31,7500000000000
DIJ-181;2022;02/05/2022;30/03/2022;05/04/2022;19/04/2022;8;8;8;0;NA;NA;PM;15,62000000000000;19,6700000000000;43,8750000000000
DIJ-182;2019;07/05/2019;03/04/2019;NA;NA;9;8;5;0;NA;NA;CC;10,14000000000000;NA;NA
DIJ-182;2021;07/05/2021;30/03/2021;10/04/2021;24/04/2021;13;12;7;0;NA;NA;CC;7,88714285714286;14,9814285714286;27,9285714285714
DIJ-183;2019;26/04/2019;25/03/2019;NA;NA;6;6;2;0;NA;NA;PM;12,81500000000000;18,9500000000000;35,0000000000000
DIJ-183;2020;28/04/2020;22/03/2020;NA;NA;11;11;8;0;NA;NA;CC;9,82000000000000;15,0750000000000;NA
DIJ-183;2021;01/05/2021;30/03/2021;05/04/2021;18/04/2021;8;7;7;0;8877004;8877005;PM;14,75142857142857;18,5342857142857;39,5000000000000
DIJ-183;2022;01/05/2022;25/03/2022;04/04/2022;18/04/2022;12;12;9;0;NA;NA;CC;9,81444444444444;15,9300000000000;34,6111111111111
DIJ-184;2020;03/05/2020;28/03/2020;NA;NA;11;9;9;0;NA;NA;CC;10,15500000000000;16,2000000000000;NA
DIJ-184B;2019;12/05/2019;09/04/2019;NA;NA;9;9;3;0;NA;8791379;PM;12,55666666666667;NA;NA
DIJ-184B;2020;29/04/2020;26/03/2020;NA;NA;8;8;8;0;8791260;NA;PM;16,87500000000000;19,2350000000000;NA
DIJ-185;2019;01/05/2019;26/03/2019;NA;NA;9;8;8;0;NA;NA;PM;14,93125000000000;NA;NA
DIJ-185;2020;27/04/2020;25/03/2020;NA;NA;8;8;7;0;NA;7636294;PM;16,93000000000000;19,4900000000000;NA
DIJ-185;2021;06/05/2021;30/03/2021;08/04/2021;23/04/2021;8;8;7;0;8791250;8876512;PM;12,56714285714286;18,5842857142857;37,2857142857143
DIJ-188B;2022;02/05/2022;30/03/2022;06/04/2022;19/04/2022;7;6;6;0;8876571;NA;PM;17,02333333333333;19,9466666666667;47,1666666666667
DIJ-188C;2021;04/05/2021;31/03/2021;06/04/2021;21/04/2021;8;8;6;0;NA;NA;PM;10,49500000000000;17,4083333333333;30,3333333333333
DIJ-189;2019;12/05/2019;01/04/2019;NA;NA;14;14;9;0;NA;NA;CC;8,24222222222222;NA;NA
DIJ-190;2020;24/04/2020;NA;NA;17/04/2020;10;10;0;0;NA;NA;PM;NA;NA;NA
DIJ-190;2021;08/05/2021;31/03/2021;07/04/2021;25/04/2021;9;9;5;0;8876521;8876522;PM;14,35600000000000;17,4060000000000;34,2000000000000
DIJ-191;2022;29/04/2022;26/03/2022;01/04/2022;16/04/2022;8;8;8;0;8877088;NA;PM;15,11375000000000;19,4675000000000;43,6250000000000
DIJ-192;2021;08/05/2021;05/04/2021;10/04/2021;25/04/2021;7;7;4;0;8876515;NA;PM;14,14250000000000;17,5800000000000;31,2500000000000
DIJ-192;2022;11/05/2022;01/04/2022;14/04/2022;28/04/2022;10;10;10;0;NA;NA;CC;7,73400000000000;15,7290000000000;33,9000000000000
DIJ-194;2022;04/05/2022;30/03/2022;06/04/2022;21/04/2022;9;8;9;1;8876101;NA;PM;15,69888888888889;19,7433333333333;45,5555555555556
DIJ-196;2021;09/05/2021;04/04/2021;14/04/2021;26/04/2021;12;12;5;0;NA;NA;CC;8,71200000000000;15,8600000000000;29,0000000000000
DIJ-199;2022;23/04/2022;30/03/2022;06/04/2022;NA;9;0;0;0;NA;NA;PM;NA;NA;NA
DIJ-200;2022;14/05/2022;04/03/2022;20/04/2022;01/05/2022;10;10;4;0;NA;NA;CC;8,48750000000000;15,8575000000000;33,3750000000000
DIJ-201;2020;13/05/2020;06/04/2020;NA;NA;11;11;3;0;NA;NA;CC;7,88000000000000;15,9450000000000;NA
DIJ-201;2021;20/05/2021;13/04/2021;23/04/2021;07/05/2021;12;11;7;0;NA;NA;CC;7,90857142857143;15,1628571428571;29,3571428571429
DIJ-201;2022;06/05/2022;31/03/2022;09/04/2022;23/04/2022;11;11;11;0;8876595;8876596;PM;13,28090909090909;18,7836363636364;39,7727272727273
DIJ-202;2019;07/05/2019;31/03/2019;06/04/2019;24/04/2019;8;8;0;0;NA;NA;PM;NA;NA;NA
DIJ-202;2021;20/04/2021;30/03/2021;07/04/2021;NA;10;0;0;0;NA;NA;PM;NA;NA;NA
DIJ-204;2020;30/04/2020;28/03/2020;NA;NA;10;0;0;0;NA;NA;PM;NA;NA;NA
DIJ-204;2021;02/05/2021;29/03/2021;05/04/2021;19/04/2021;9;8;6;0;8877011;8877012;PM;14,00500000000000;17,9700000000000;35,0833333333333
DIJ-205;2019;16/05/2019;31/03/2019;NA;NA;8;8;2;0;NA;NA;CC;12,99000000000000;NA;NA
DIJ-205;2020;07/05/2020;03/04/2020;NA;24/04/2020;9;9;0;0;NA;NA;PM;NA;NA;NA
DIJ-208;2019;11/05/2019;09/04/2019;NA;NA;8;8;2;0;NA;8791192;PM;12,70000000000000;NA;NA
DIJ-208;2020;10/05/2020;10/04/2020;NA;NA;8;8;4;0;NA;8791192;PM;16,81500000000000;19,1150000000000;NA
DIJ-212;2021;14/05/2021;04/04/2021;11/04/2021;01/05/2021;9;9;8;0;NA;8877048;PM;12,61625000000000;17,8475000000000;37,2500000000000
DIJ-212;2022;07/05/2022;31/03/2022;07/04/2022;24/04/2022;9;9;8;0;8877107;NA;PM;15,91750000000000;19,3575000000000;44,3750000000000
DIJ-213;2020;07/05/2020;07/04/2020;NA;NA;7;7;7;0;8791900;NA;PM;17,35000000000000;18,9400000000000;NA
DIJ-213;2022;09/05/2022;07/04/2022;13/04/2022;26/04/2022;8;8;3;1;NA;NA;PM;14,40666666666667;18,4333333333333;41,6666666666667
DIJ-214;2021;11/05/2021;06/04/2021;10/04/2021;28/04/2021;6;5;3;1;8791900;8877031;PM;16,87000000000000;18,9900000000000;44,0000000000000
DIJ-215;2021;03/05/2021;31/03/2021;07/04/2021;20/04/2021;9;9;0;0;NA;NA;PM;NA;NA;NA
DIJ-215;2022;07/05/2022;02/04/2022;11/04/2022;24/04/2022;11;10;9;0;8382546;NA;PM;14,39444444444444;19,2900000000000;42,1111111111111
DIJ-216;2019;17/05/2019;13/04/2019;20/04/2019;03/05/2019;9;8;0;0;NA;NA;CC;NA;NA;NA
DIJ-216;2022;08/05/2022;02/04/2022;11/04/2022;25/04/2022;11;10;10;0;NA;NA;CC;NA;NA;NA
DIJ-217;2021;14/05/2021;04/04/2021;12/04/2021;01/05/2021;10;10;8;0;NA;NA;CC;8,50250000000000;15,0150000000000;32,4375000000000
DIJ-217;2022;09/05/2022;04/04/2022;10/04/2022;26/04/2022;8;8;6;0;NA;NA;PM;12,40666666666667;18,8433333333333;41,5000000000000
DIJ-218;2019;17/05/2019;11/04/2019;NA;NA;11;11;5;0;NA;NA;CC;7,92200000000000;NA;NA
DIJ-218;2020;06/05/2020;30/03/2020;NA;22/04/2020;10;10;0;0;NA;NA;CC;NA;NA;NA
DIJ-218;2021;11/05/2021;05/04/2021;14/04/2021;28/04/2021;10;10;8;0;8877032;NA;PM;13,27000000000000;18,4350000000000;36,0000000000000
DIJ-219;2019;10/05/2019;04/04/2019;11/04/2019;27/04/2019;9;9;0;0;NA;NA;PM;NA;NA;NA
DIJ-219;2022;07/05/2022;29/03/2022;07/04/2022;22/03/2022;11;11;10;0;8876586;8876585;PM;13,04400000000000;18,3090000000000;38,9500000000000
DIJ-220;2019;04/05/2019;30/03/2019;07/04/2019;21/04/2019;8;4;0;0;NA;NA;PM;NA;NA;NA
DIJ-220;2020;07/05/2020;02/04/2020;NA;NA;8;8;8;0;8382546;NA;PM;15,05000000000000;18,0800000000000;NA
DIJ-221;2021;22/05/2021;20/04/2021;26/04/2021;09/05/2021;8;8;5;0;8876549;NA;PM;13,89800000000000;18,6460000000000;39,8000000000000
DIJ-221B;2021;19/05/2021;18/04/2021;22/04/2021;06/05/2021;6;6;5;0;8876547;NA;PM;15,32000000000000;18,6920000000000;39,8000000000000
DIJ-221B;2022;19/04/2022;12/04/2022;NA;NA;2;0;0;0;NA;NA;PM;NA;NA;NA
DIJ-222B;2022;11/05/2022;10/04/2022;14/04/2022;28/04/2022;6;6;6;0;8876547;NA;PM;15,78166666666667;18,7583333333333;45,1666666666667
DIJ-223B;2021;18/05/2021;14/04/2021;19/04/2021;05/05/2021;7;7;4;0;8877052;NA;PM;10,60500000000000;16,0750000000000;28,0000000000000
DIJ-223B;2022;10/05/2022;09/04/2022;11/04/2022;27/04/2022;7;7;7;0;8877398;8877399;PM;15,36571428571429;19,0557142857143;44,8571428571429
DIJ-224;2021;16/05/2021;08/04/2021;15/04/2021;03/05/2021;9;8;0;0;NA;NA;PM;NA;NA;NA
DIJ-224;2022;09/05/2022;07/04/2022;12/04/2022;26/04/2022;7;7;7;0;8877368;8877369;PM;15,93285714285714;19,4528571428571;44,7857142857143
DIJ-224B;2021;12/05/2021;06/04/2021;15/04/2021;29/04/2021;11;10;0;0;NA;NA;CC;NA;NA;NA
DIJ-224B;2022;17/05/2022;10/04/2022;20/04/2022;04/05/2022;11;10;8;0;NA;NA;CC;9,99250000000000;16,3600000000000;38,6250000000000
DIJ-225;2021;14/05/2021;05/04/2021;13/04/2021;01/05/2021;10;10;8;0;NA;NA;CC;8,65875000000000;16,0325000000000;36,5625000000000
DIJ-225B;2022;06/05/2022;02/04/2022;08/04/2022;23/04/2022;8;8;8;0;8876588;8876589;PM;14,38000000000000;18,5900000000000;40,1875000000000
DIJ-227;2021;12/05/2021;05/04/2021;12/04/2021;29/04/2021;9;9;7;0;NA;NA;CC;10,59714285714286;16,5157142857143;36,7857142857143
DIJ-229;2021;06/05/2021;08/04/2021;25/04/2021;NA;9;0;0;0;NA;NA;CC;NA;NA;NA
DIJ-229;2022;17/05/2022;15/04/2022;19/04/2022;04/05/2022;6;6;6;0;8877447;NA;PM;14,75666666666667;19,7950000000000;45,0000000000000
DIJ-232;2021;12/05/2021;04/04/2021;12/04/2021;29/04/2021;10;9;7;0;NA;NA;CC;6,97000000000000;14,6400000000000;24,4285714285714
DIJ-232;2022;08/05/2022;01/04/2022;09/04/2022;25/04/2022;10;10;10;0;NA;NA;CC;NA;NA;NA
DIJ-233;2021;12/05/2021;06/04/2021;10/04/2021;29/04/2021;6;6;5;0;8877033;8877034;PM;15,84600000000000;19,2480000000000;42,2000000000000
DIJ-233;2022;07/05/2022;01/04/2022;08/04/2022;22/04/2022;9;9;6;0;NA;8876598;PM;16,07500000000000;19,7483333333333;43,7500000000000
DIJ-234;2022;13/05/2022;10/04/2022;17/04/2022;30/04/2022;9;8;8;0;NA;NA;CC;8,56750000000000;16,0075000000000;34,6875000000000
DIJ-235;2021;27/04/2021;05/04/2021;13/04/2021;NA;10;0;0;0;NA;NA;CC;NA;NA;NA
DIJ-235;2022;02/05/2022;29/03/2022;06/04/2022;19/04/2022;10;8;8;0;NA;NA;PM;15,46375000000000;19,7762500000000;44,0000000000000
DIJ-236;2021;08/05/2021;04/04/2021;11/04/2021;25/04/2021;9;9;9;0;NA;8876520;PM;14,22444444444444;18,4733333333333;40,0555555555556
DIJ-236;2022;01/05/2022;29/03/2022;05/04/2022;18/04/2022;9;9;9;0;8877094;NA;PM;15,43222222222222;19,0611111111111;42,3888888888889
DIJ-237;2021;13/05/2021;09/04/2021;16/04/2021;30/04/2021;9;9;9;0;8877045;8877044;PM;16,61444444444444;19,1755555555556;41,2222222222222
DIJ-237;2022;28/04/2022;26/03/2022;03/04/2022;15/04/2022;10;10;9;0;8877045;NA;PM;14,30333333333333;18,4833333333333;39,6666666666667
DIJ-238;2021;08/05/2021;05/04/2021;09/04/2021;25/04/2021;6;6;6;0;8876519;8876518;PM;15,07166666666667;19,3500000000000;43,4166666666667
DIJ-240;2022;18/04/2022;02/04/2022;NA;NA;7;0;0;0;NA;NA;PM;NA;NA;NA
DIJ-242;2021;09/05/2021;04/04/2021;10/04/2021;26/04/2021;8;8;8;0;8876527;8876526;PM;12,73250000000000;17,5212500000000;31,0000000000000
DIJ-242;2022;10/05/2022;07/04/2022;14/04/2022;27/04/2022;9;9;9;0;8877387;8877386;PM;16,59555555555556;20,1333333333333;47,0555555555556
DIJ-244;2022;05/04/2022;28/03/2022;NA;NA;NA;0;0;0;NA;NA;PM;NA;NA;NA
DIJ-245;2022;04/05/2022;31/03/2022;07/04/2022;21/04/2022;9;9;7;1;8876583;NA;PM;16,47285714285714;19,5057142857143;43,9285714285714
DIJ-246;2021;11/05/2021;30/03/2021;11/04/2021;28/04/2021;13;13;9;0;NA;NA;CC;9,98666666666667;16,8122222222222;38,8888888888889
DIJ-246;2022;25/04/2022;15/04/2022;NA;NA;NA;0;0;0;NA;NA;CC;NA;NA;NA
DIJ-247;2021;08/05/2021;05/04/2021;12/04/2021;25/04/2021;9;9;8;0;8876514;8876513;PM;13,70000000000000;19,7287500000000;40,5000000000000
DIJ-248;2021;11/05/2021;06/04/2021;12/04/2021;28/04/2021;8;8;7;0;8877028;8877027;PM;13,89714285714286;17,9328571428571;36,0714285714286
DIJ-249;2021;04/05/2021;31/03/2021;07/04/2021;21/04/2021;9;8;7;0;NA;8876502;PM;15,01142857142857;19,5185714285714;42,1428571428571
DIJ-249;2022;06/05/2022;01/04/2022;09/04/2022;23/04/2022;10;10;10;0;8876587;NA;PM;15,75200000000000;19,9180000000000;47,0500000000000
DIJ-251;2021;09/05/2021;31/03/2021;08/04/2021;25/04/2021;10;10;0;0;NA;NA;PM;NA;NA;NA
DIJ-251;2022;01/05/2022;25/03/2022;06/04/2022;18/04/2022;9;9;9;0;NA;8877095;PM;16,74777777777778;20,2966666666667;42,9444444444444
DIJ-253;2021;09/05/2021;30/03/2021;06/04/2021;26/04/2021;11;11;4;0;NA;NA;CC;7,94750000000000;14,7900000000000;28,0000000000000
DIJ-253;2022;19/04/2022;10/04/2022;NA;NA;5;0;0;0;NA;NA;CC;NA;NA;NA
DIJ-254;2022;07/05/2022;03/04/2022;07/04/2022;24/04/2022;6;5;5;0;8876597;NA;PM;18,24400000000000;19,8100000000000;44,4000000000000
DIJ-255;2021;10/05/2021;06/04/2021;11/04/2021;27/04/2021;7;7;7;0;NA;8877024;PM;13,51857142857143;18,8871428571429;37,5000000000000
DIJ-256;2022;19/05/2022;13/04/2022;22/04/2022;06/05/2022;6;6;6;0;8876199;8876200;PM;15,79333333333333;19,4000000000000;40,2500000000000
DIJ-257;2021;09/05/2021;03/04/2021;09/04/2021;26/04/2021;8;8;8;0;8876523;NA;PM;15,11750000000000;19,7062500000000;42,1250000000000
DIJ-257;2022;19/05/2022;18/04/2022;24/04/2022;06/05/2022;8;8;8;0;NA;V011261;PM;16,03500000000000;19,7112500000000;43,0000000000000
DIJ-259;2021;11/05/2021;19/04/2021;28/04/2021;NA;11;0;0;0;NA;NA;CC;NA;NA;NA
DIJ-259;2022;16/05/2022;09/04/2022;20/04/2022;03/05/2022;9;9;8;0;8877444;NA;PM;13,44250000000000;19,4637500000000;44,5625000000000
DIJ-260;2022;07/05/2022;02/04/2022;10/04/2022;24/04/2022;10;10;0;0;NA;NA;PM;NA;NA;NA
DIJ-263;2022;04/05/2022;29/03/2022;05/04/2022;21/04/2022;9;9;6;0;NA;NA;PM;16,94000000000000;19,5716666666667;46,5000000000000
DIJ-269;2021;09/05/2021;04/04/2021;11/04/2021;25/04/2021;9;9;0;0;NA;NA;PM;NA;NA;NA
DIJ-269;2022;07/05/2022;02/04/2022;09/04/2022;24/04/2022;9;9;0;0;NA;NA;PM;NA;NA;NA
DIJ-271;2021;13/05/2021;06/04/2021;NA;NA;2;0;0;0;NA;NA;PM;NA;NA;NA
DIJ-271;2022;04/05/2022;10/04/2022;19/04/2022;NA;11;0;0;0;NA;NA;CC;NA;NA;NA
DIJ-272;2021;06/05/2021;03/04/2021;10/04/2021;23/04/2021;10;7;6;0;8876510;8876511;PM;15,61000000000000;18,8783333333333;39,5833333333333
DIJ-272;2022;14/05/2022;11/04/2022;19/04/2022;01/05/2022;10;10;0;0;NA;NA;PM;NA;NA;NA
DIJ-273;2021;17/05/2021;10/04/2021;18/04/2021;04/05/2021;11;10;9;0;NA;NA;CC;8,45333333333333;16,0044444444444;30,8333333333333
DIJ-274;2022;25/04/2022;18/04/2022;NA;NA;1;0;0;0;NA;NA;PM;NA;NA;NA
DIJ-275;2022;14/05/2022;09/04/2022;17/04/2022;01/05/2022;10;10;6;0;NA;NA;CC;NA;NA;NA
DIJ-303;2022;13/05/2022;NA;NA;28/04/2022;8;7;7;0;NA;NA;PM;NA;NA;NA
DIJ-308;2022;05/05/2022;03/04/2022;12/04/2022;22/04/2022;9;9;9;0;NA;NA;PM;NA;NA;NA
DIJ-312;2022;28/04/2022;26/03/2022;05/04/2022;17/04/2022;9;0;0;0;NA;NA;PM;NA;NA;NA
DIJ-316;2022;05/05/2022;NA;NA;22/04/2022;10;10;9;0;8876004;NA;PM;14,02555555555556;19,2911111111111;48,0555555555556
DIJ-319;2022;04/05/2022;31/03/2022;07/04/2022;21/04/2022;7;7;7;0;NA;NA;PM;NA;NA;NA
DIJ-325;2022;03/05/2022;31/03/2022;07/04/2022;20/04/2022;9;9;8;0;NA;NA;PM;17,44750000000000;19,9200000000000;50,3750000000000
DIJ-326;2022;10/05/2022;06/04/2022;NA;27/04/2022;8;8;5;0;NA;NA;PM;NA;NA;NA
DIJ-328;2022;08/05/2022;04/04/2022;12/04/2022;26/04/2022;9;9;9;0;NA;NA;PM;16,94555555555555;20,5455555555556;46,3333333333333
DIJ-329;2022;27/04/2022;30/03/2022;05/04/2022;19/04/2022;8;8;8;0;NA;NA;PM;15,96250000000000;19,2737500000000;42,6250000000000
DIJ-330;2022;02/05/2022;26/03/2022;01/04/2022;15/04/2022;8;8;8;0;8876002;NA;PM;16,81375000000000;19,1675000000000;45,5000000000000
DIJ-331;2022;10/05/2022;01/04/2022;08/04/2022;26/04/2022;8;8;7;0;NA;NA;PM;NA;NA;NA
DIJ-332;2022;04/05/2022;02/04/2022;09/04/2022;21/04/2022;9;9;9;0;NA;NA;PM;16,69444444444444;19,5666666666667;49,6111111111111
DIJ-337;2022;16/05/2022;16/04/2022;25/04/2022;02/05/2022;10;10;9;0;NA;NA;PM;13,97222222222222;18,5211111111111;47,5000000000000
DIJ-338;2022;29/04/2022;09/04/2022;14/04/2022;NA;7;0;0;0;NA;NA;PM;NA;NA;NA
DIJ-339;2022;16/05/2022;10/04/2022;19/04/2022;02/05/2022;11;11;10;0;8877446;NA;PM;13,54100000000000;19,5560000000000;41,2000000000000
DIJ-339B;2022;02/05/2022;28/03/2022;06/04/2022;19/04/2022;10;10;10;0;NA;NA;PM;16,35500000000000;19,0190000000000;44,8000000000000
DIJ-342;2022;05/05/2022;03/04/2022;09/04/2022;22/04/2022;8;8;8;0;8876003;NA;PM;16,83000000000000;19,9350000000000;45,6250000000000
DIJ-344;2022;08/05/2022;04/04/2022;11/04/2022;25/04/2022;9;8;8;0;NA;NA;PM;12,79250000000000;18,7075000000000;42,6875000000000
DIJ-347;2022;09/05/2022;04/04/2022;13/04/2022;26/04/2022;11;9;8;0;NA;NA;CC;11,39500000000000;15,8925000000000;NA
DIJ-351;2022;06/05/2022;NA;NA;24/04/2022;9;9;9;0;NA;NA;PM;17,00111111111111;19,4444444444444;45,3888888888889
DIJ-352;2022;20/05/2022;20/04/2022;NA;08/05/2022;5;5;5;0;NA;NA;PM;16,07600000000000;18,7180000000000;36,1000000000000
DIJ-357;2022;08/05/2022;30/03/2022;06/04/2022;25/04/2022;9;9;9;0;8877408;NA;PM;14,65222222222222;18,9877777777778;45,0555555555556
DIJ-358;2022;27/04/2022;25/03/2022;01/04/2022;14/04/2022;9;9;8;0;8876001;NA;PM;14,47500000000000;19,0100000000000;46,8750000000000
DIJ-362;2022;06/05/2022;NA;NA;24/04/2022;7;5;4;0;8876005;NA;PM;16,40250000000000;19,0300000000000;47,1250000000000
DIJ-368;2022;25/04/2022;NA;NA;19/04/2022;7;7;7;0;NA;NA;PM;17,10285714285714;19,4457142857143;45,8571428571429
DIJ-382;2022;09/05/2022;NA;NA;26/04/2022;6;6;6;0;NA;NA;PM;NA;NA;NA
DIJ-387;2022;10/05/2022;30/03/2022;14/04/2022;27/04/2022;14;12;12;0;NA;NA;CC;NA;NA;NA
