id_nestbox;id_patch;cost_to_patch;patch_area;perim;ccF_d1_beta0;ccF_d2_beta0;ccF_d3_beta0;ccF_d1_beta1;ccF_d2_beta1;ccF_d3_beta1;ccRr_d1_capa1;ccRr_d2_capa1;ccRr_d3_capa1;ccRr_d1_capa2;ccRr_d2_capa2;ccRr_d3_capa2;ccDr_capa1;ccDr_capa2
DIJ-001;32923;0;2974;800;14,62262991;62,83742238;759,1332202;4299,819491;9935,381383;70190,40473;0,093557314;0,199953467;0,419433033;0,043666156;0,093324604;0,195762656;3510,942898;4976,109819
DIJ-002;32923;0;2974;800;14,62262991;62,83742238;759,1332202;4299,819491;9935,381383;70190,40473;0,093557314;0,199953467;0,419433033;0,043666156;0,093324604;0,195762656;3510,942898;4976,109819
DIJ-003;32328;0;1373;366;15,96739143;65,32390586;752,5608653;7319,119183;12224,81429;71046,80734;0,105692238;0,202551706;0,416063121;0,049329909;0,094537285;0,194189811;3550,808859;5041,480531
DIJ-004;32328;0;1373;366;15,96739143;65,32390586;752,5608653;7319,119183;12224,81429;71046,80734;0,105692238;0,202551706;0,416063121;0,049329909;0,094537285;0,194189811;3550,808859;5041,480531
DIJ-005;31461;0;4824;1356;19,88863528;75,98678387;796,0893054;3540,107685;9195,930406;70831,90396;0,103571124;0,212978121;0,433390839;0,048339918;0,099403622;0,202277205;3459,006295;4947,123716
DIJ-006;31461;0;4824;1356;19,88863528;75,98678387;796,0893054;3540,107685;9195,930406;70831,90396;0,103571124;0,212978121;0,433390839;0,048339918;0,099403622;0,202277205;3459,006295;4947,123716
DIJ-007;31461;0;4824;1356;19,88863528;75,98678387;796,0893054;3540,107685;9195,930406;70831,90396;0,103571124;0,212978121;0,433390839;0,048339918;0,099403622;0,202277205;3459,006295;4947,123716
DIJ-008;31461;34,8492428;4824;1356;19,88863528;75,98678387;796,0893054;3540,107685;9195,930406;70831,90396;0,103571124;0,212978121;0,433390839;0,048339918;0,099403622;0,202277205;3459,006295;4947,123716
DIJ-009;32672;0;259;126;7,669281725;54,81612847;735,5117496;5509,61678;11076,96036;70579,35785;0,072622579;0,182616366;0,398217577;0,033895254;0,085232831;0,185860732;3586,966762;5019,652202
DIJ-010;32709;0;1580;474;9,786058995;50,24040756;863,49212;5004,822207;9994,798773;89069,02346;0,075361456;0,190704097;0,475308477;0,035173574;0,089007631;0,22312695;3120,703177;4382,41553
DIJ-011;32147;0;228;138;5,440319257;45,32042045;854,5373706;1569,281067;9097,360741;91101,50448;0,014033625;0,196768705;0,463711647;0,006549937;0,091838175;0,219624089;3103,895991;4380,248807
DIJ-012;30871;0;4013;1158;13,26968346;58,33143948;906,6414753;2646,557262;8066,884369;90519,78876;0,074190547;0,202475821;0,493768678;0,034627074;0,094501866;0,234126403;3059,604147;4282,122439
DIJ-012B;32657;9,25;544;210;4,718473906;44,55293997;854,4815508;1390,578244;8925,080954;90696,74891;0,01601072;0,194924997;0,463976734;0,007472709;0,090977658;0,219353884;3124,604672;4373,321875
DIJ-013;30871;0;4013;1158;13,26968346;58,33143948;906,6414753;2646,557262;8066,884369;90519,78876;0,074190547;0,202475821;0,493768678;0,034627074;0,094501866;0,234126403;3059,604147;4282,122439
DIJ-014;30871;0;4013;1158;13,26968346;58,33143948;906,6414753;2646,557262;8066,884369;90519,78876;0,074190547;0,202475821;0,493768678;0,034627074;0,094501866;0,234126403;3059,604147;4282,122439
DIJ-015;30871;0;4013;1158;13,26968346;58,33143948;906,6414753;2646,557262;8066,884369;90519,78876;0,074190547;0,202475821;0,493768678;0,034627074;0,094501866;0,234126403;3059,604147;4282,122439
DIJ-016;78690;0;1215;352;11,07757995;81,06976795;1252,592416;1707,357431;12230,4168;272858,1863;0,033688031;0,297867609;0,671822565;0,015723269;0,139024229;0,500423224;1602,544353;2470,734218
DIJ-016B;55529;0;8146;1222;18,83170899;47,26982972;638,1482106;8056,072059;16376,68234;137266,4235;0,18011159;0,334356285;0,624526394;0,084063773;0,156054648;0,382478422;2267,645482;3187,919757
DIJ-017;78690;9,25;1215;352;11,07757995;81,06976795;1252,592416;1707,357431;12230,4168;272858,1863;0,033688031;0,297867609;0,671822565;0,015723269;0,139024229;0,500423224;1602,544353;2470,734218
DIJ-018;79363;30,5814758;423;126;13,48630838;86,95104732;1271,214748;2762,631284;14045,51832;278783,1128;0,035354066;0,322052074;0,683490446;0,01650086;0,150311884;0,511121732;1589,876878;2423,432278
DIJ-019;78503;44,25;914;230;12,32338529;89,52616383;1295,472395;2135,168331;14695,3318;285596,4245;0,033236796;0,351120837;0,697147582;0,015512664;0,163885139;0,525136043;1542,260606;2421,159774
DIJ-020;78743;170,5;13;16;1,668134059;49,940805;1180,290066;397,5967799;10576,18038;276473,3544;2,53E-04;0,269384017;0,649111881;1,18E-04;0,125730037;0,486633239;1818,083035;2363,780996
DIJ-020B;54608;0;6606;1732;26,15622053;139,2574744;1466,039509;7993,715633;34285,28318;247678,7699;0,176066203;0,642548111;0,833165903;0,082175663;0,350077807;0,689391956;1051,773226;1853,626042
DIJ-021;79418;9,25;25;30;11,1343788;60,40497634;1101,500543;275,3380576;7213,304292;245113,0491;0,002379999;0,17228625;0,596366976;0,001110821;0,080411439;0,42469867;1932,114471;2757,088607
DIJ-021B;54608;0;6606;1732;26,15622053;139,2574744;1466,039509;7993,715633;34285,28318;247678,7699;0,176066203;0,642548111;0,833165903;0,082175663;0,350077807;0,689391956;1051,773226;1853,626042
DIJ-022;80134;0;13;16;9,03616237;69,25718947;1183,453835;981,3593778;9791,662194;264724,0476;0,014424697;0,220689442;0,62874155;0,006732462;0,103002739;0,463952037;1755,255558;2562,841968
DIJ-022B;55189;0;148;74;5,642972397;69,59797184;1256,673382;1166,307218;20913,26568;225745,0677;0,003673223;0,469310836;0,752310591;0,001714409;0,2299071;0,611987054;1296,892547;1955,203732
DIJ-023;76394;26,75;2835;1034;25,86619952;125,8853339;1442,736408;5920,826044;25230,24026;328566,6759;0,103870039;0,52896939;0,780155124;0,048479431;0,249189165;0,6095126;1379,972236;2005,553499
DIJ-023B;54597;0;4492;846;12,36555648;112,2892895;1394,793151;8916,642373;35857,22766;256911,2603;0,152811744;0,609180744;0,817592298;0,071322072;0,38331486;0,711578339;941,4690884;1613,225072
DIJ-024;78834;80,0789518;20;22;9,512473631;78,52812815;1258,240652;1120,340126;14167,00785;288595,7296;0,008253325;0,340467369;0,689220301;0,003852088;0,158906884;0,519893612;1695,484955;2311,228645
DIJ-024B;53066;0;3516;1178;18,76128267;116,583505;1385,152392;11802,81709;41853,23141;262988,4308;0,198536062;0,642502519;0,833144624;0,092663056;0,417386932;0,728048445;920,9245076;1553,515342
DIJ-025;70140;0;2728;646;10,28934815;31,72754217;724,9933542;747,1996893;2547,140826;112500,155;0,040806509;0,07848047;0,253302606;0,019045688;0,036629316;0,118224334;3347,585757;4039,447818
DIJ-026;70140;0;2728;646;10,28934815;31,72754217;724,9933542;747,1996893;2547,140826;112500,155;0,040806509;0,07848047;0,253302606;0,019045688;0,036629316;0,118224334;3347,585757;4039,447818
DIJ-027;61794;0;5142;1030;12,88917907;111,2457741;1328,08578;2630,653996;21893,99001;191694,2497;0,080341637;0,542410543;0,786428535;0,037497982;0,258817105;0,57680512;1345,124468;2580,193636
DIJ-028;61794;60,5;5142;1030;12,88917907;111,2457741;1328,08578;2630,653996;21893,99001;191694,2497;0,080341637;0,542410543;0,786428535;0,037497982;0,258817105;0,57680512;1345,124468;2580,193636
DIJ-029;61794;0;5142;1030;12,88917907;111,2457741;1328,08578;2630,653996;21893,99001;191694,2497;0,080341637;0,542410543;0,786428535;0,037497982;0,258817105;0,57680512;1345,124468;2580,193636
DIJ-030;61794;0;5142;1030;12,88917907;111,2457741;1328,08578;2630,653996;21893,99001;191694,2497;0,080341637;0,542410543;0,786428535;0,037497982;0,258817105;0,57680512;1345,124468;2580,193636
DIJ-031;59361;0;2552;322;6,250786794;78,12267929;1278,304892;3311,248677;17402,7098;194743,4633;0,077041794;0,374242335;0,707939116;0,035957841;0,174865647;0,553389897;1542,461615;2219,024488
DIJ-032;59361;0;2552;322;6,250786794;78,12267929;1278,304892;3311,248677;17402,7098;194743,4633;0,077041794;0,374242335;0,707939116;0,035957841;0,174865647;0,553389897;1542,461615;2219,024488
DIJ-033;59361;0;2552;322;6,250786794;78,12267929;1278,304892;3311,248677;17402,7098;194743,4633;0,077041794;0,374242335;0,707939116;0,035957841;0,174865647;0,553389897;1542,461615;2219,024488
DIJ-034;44848;0;1117;526;9,557244195;51,72409067;821,1636206;936,2782994;5659,985395;122904,1709;0,024630585;0,135187059;0,491340588;0,011495873;0,063096074;0,273764261;2539,719598;3655,953717
DIJ-035;45701;0;939;410;15,54059028;59,38684904;806,8247658;1326,270005;6348,212846;120953,8455;0,027200991;0,142163752;0,48942488;0,012695562;0,066352317;0,267054382;2602,032357;3713,529833
DIJ-036;39429;0;1996;530;3,417451985;49,57351398;878,2219165;320,4750893;4750,898516;110712,6341;0,025238021;0,12984831;0,510718718;0,011779382;0,060604311;0,283512422;2318,505246;3913,026784
DIJ-037;39429;0;1996;530;3,417451985;49,57351398;878,2219165;320,4750893;4750,898516;110712,6341;0,025238021;0,12984831;0,510718718;0,011779382;0,060604311;0,283512422;2318,505246;3913,026784
DIJ-038;39429;0;1996;530;3,417451985;49,57351398;878,2219165;320,4750893;4750,898516;110712,6341;0,025238021;0,12984831;0,510718718;0,011779382;0,060604311;0,283512422;2318,505246;3913,026784
DIJ-039;39429;0;1996;530;3,417451985;49,57351398;878,2219165;320,4750893;4750,898516;110712,6341;0,025238021;0,12984831;0,510718718;0,011779382;0,060604311;0,283512422;2318,505246;3913,026784
DIJ-040;67429;0;5251;1220;7,23194908;33,39856796;767,6297697;857,2834127;6999,507946;136441,7028;0,06848691;0,213895961;0,571388874;0,031965006;0,099832007;0,313673931;2518,534881;3470,952242
DIJ-041;67429;0;5251;1220;7,23194908;33,39856796;767,6297697;857,2834127;6999,507946;136441,7028;0,06848691;0,213895961;0,571388874;0,031965006;0,099832007;0,313673931;2518,534881;3470,952242
DIJ-042;67429;0;5251;1220;7,23194908;33,39856796;767,6297697;857,2834127;6999,507946;136441,7028;0,06848691;0,213895961;0,571388874;0,031965006;0,099832007;0,313673931;2518,534881;3470,952242
DIJ-043;67429;0;5251;1220;7,23194908;33,39856796;767,6297697;857,2834127;6999,507946;136441,7028;0,06848691;0,213895961;0,571388874;0,031965006;0,099832007;0,313673931;2518,534881;3470,952242
DIJ-044;66285;0;1333;320;5,682989113;29,90917861;828,0809192;3371,765289;10986,9093;158064,1115;0,058083886;0,229512348;0,588751364;0,027109586;0,107120668;0,375822467;2227,265228;3036,196882
DIJ-045;66285;0;1333;320;5,682989113;29,90917861;828,0809192;3371,765289;10986,9093;158064,1115;0,058083886;0,229512348;0,588751364;0,027109586;0,107120668;0,375822467;2227,265228;3036,196882
DIJ-046;66081;0;2259;586;10,18449231;33,43097251;858,1400108;3650,957887;10923,88508;163246,3623;0,074373143;0,233140303;0,598592013;0,034712297;0,10881395;0,394455681;2143,056221;2942,956864
DIJ-047;66197;0;272;104;9,653929797;32,45282528;859,5028972;4727,236429;12142,20397;166678,0718;0,067156686;0,22379828;0,595721041;0,031344148;0,104453732;0,395954333;2093,754182;2960,910937
DIJ-048;65101;0;1564;456;11,23366471;34,73695585;887,8184576;3079,079909;10909,54651;170000,1786;0,062814197;0,232841047;0,606698003;0,029317372;0,108674277;0,41086916;2029,767327;2905,842492
DIJ-049;65071;0;783;314;7,726503621;31,87083471;858,9192179;2092,325375;9816,649608;163769,9299;0,036414246;0,212712296;0,58631901;0,01699568;0,099279553;0,387237604;2126,289092;2948,50587
DIJ-050;67228;0;1077;280;9,115321977;47,10990633;768,3552012;3079,317173;9013,047495;128062,896;0,051848498;0,187002768;0,507607677;0,024199333;0,087280103;0,276648492;2604,314956;3473,902613
DIJ-051;68207;0;3174;632;13,23509878;52,11742875;776,5772077;1578,446505;7367,454497;125274,2592;0,056086448;0,195362598;0,506114603;0,026177318;0,0911819;0,272302146;2552,054024;3555,64273
DIJ-052;68207;0;3174;632;13,23509878;52,11742875;776,5772077;1578,446505;7367,454497;125274,2592;0,056086448;0,195362598;0,506114603;0,026177318;0,0911819;0,272302146;2552,054024;3555,64273
DIJ-053;68207;9,25;3174;632;13,23509878;52,11742875;776,5772077;1578,446505;7367,454497;125274,2592;0,056086448;0,195362598;0,506114603;0,026177318;0,0911819;0,272302146;2552,054024;3555,64273
DIJ-054;72040;0;137;66;0,509422897;9,329971912;507,5638166;33,70872635;1636,443289;85411,30392;0,001925822;0,041119647;0,29779588;8,99E-04;0,019191839;0,139216345;3262,740414;4494,993448
DIJ-055;53332;0;1395;412;7,487872269;25,84817478;319,4481322;9382,406206;12873,72547;51187,34281;0,134572682;0,185835473;0,290889104;0,062809325;0,08673529;0,135767141;4303,835316;5691,216322
DIJ-056;52158;30,5814758;9886;1782;9,609266917;29,66172569;348,9756774;3380,426149;5740,805565;46854,78722;0,153495853;0,198158327;0,30894294;0,071641367;0,092486756;0,144193437;4244,03013;5488,753103
DIJ-057;52158;0;9886;1782;9,609266917;29,66172569;348,9756774;3380,426149;5740,805565;46854,78722;0,153495853;0,198158327;0,30894294;0,071641367;0,092486756;0,144193437;4244,03013;5488,753103
DIJ-058;52158;0;9886;1782;9,609266917;29,66172569;348,9756774;3380,426149;5740,805565;46854,78722;0,153495853;0,198158327;0,30894294;0,071641367;0,092486756;0,144193437;4244,03013;5488,753103
DIJ-059;52158;0;9886;1782;9,609266917;29,66172569;348,9756774;3380,426149;5740,805565;46854,78722;0,153495853;0,198158327;0,30894294;0,071641367;0,092486756;0,144193437;4244,03013;5488,753103
DIJ-060;52158;0;9886;1782;9,609266917;29,66172569;348,9756774;3380,426149;5740,805565;46854,78722;0,153495853;0,198158327;0,30894294;0,071641367;0,092486756;0,144193437;4244,03013;5488,753103
DIJ-061;52158;0;9886;1782;9,609266917;29,66172569;348,9756774;3380,426149;5740,805565;46854,78722;0,153495853;0,198158327;0,30894294;0,071641367;0,092486756;0,144193437;4244,03013;5488,753103
DIJ-062;52158;0;9886;1782;9,609266917;29,66172569;348,9756774;3380,426149;5740,805565;46854,78722;0,153495853;0,198158327;0,30894294;0,071641367;0,092486756;0,144193437;4244,03013;5488,753103
DIJ-063;52158;0;9886;1782;9,609266917;29,66172569;348,9756774;3380,426149;5740,805565;46854,78722;0,153495853;0,198158327;0,30894294;0,071641367;0,092486756;0,144193437;4244,03013;5488,753103
DIJ-064;53332;0;1395;412;7,487872269;25,84817478;319,4481322;9382,406206;12873,72547;51187,34281;0,134572682;0,185835473;0,290889104;0,062809325;0,08673529;0,135767141;4303,835316;5691,216322
DIJ-065;55422;0;2391;684;3,968300574;12,18542159;147,3229911;679,9706033;1529,292194;24009,32056;0,035932484;0,052405878;0,1032271;0,016770826;0,02445948;0,048179351;5313,724617;6482,582055
DIJ-066;55422;0;2391;684;3,968300574;12,18542159;147,3229911;679,9706033;1529,292194;24009,32056;0,035932484;0,052405878;0,1032271;0,016770826;0,02445948;0,048179351;5313,724617;6482,582055
DIJ-067;55422;0;2391;684;3,968300574;12,18542159;147,3229911;679,9706033;1529,292194;24009,32056;0,035932484;0,052405878;0,1032271;0,016770826;0,02445948;0,048179351;5313,724617;6482,582055
DIJ-068;62038;37,8302138;1262;642;8,708172011;23,91941749;188,3587236;753,8685014;2467,74435;23353,37383;0,024460032;0,061882639;0,148029442;0,01141627;0,028882584;0,06909002;5544,399763;6972,502791
DIJ-069;62038;375,5;1262;642;8,708172011;23,91941749;188,3587236;753,8685014;2467,74435;23353,37383;0,024460032;0,061882639;0,148029442;0,01141627;0,028882584;0,06909002;5544,399763;6972,502791
DIJ-070;62497;0;604;224;0,783286699;9,355842496;172,4879486;22,44145281;1286,897248;20450,21334;0,006853059;0,044684077;0,131960408;0,003198539;0,020855471;0,061590094;6097,084153;7321,516035
DIJ-071;63791;0;1163;288;2,900967507;15,33932787;207,084434;397,4617166;1704,352546;23779,96217;0,01802712;0,052530527;0,150024564;0,008413827;0,024517657;0,070021207;5654,990399;6846,251925
DIJ-072;55922;0;1583;322;8,375379163;82,72220301;1348,927368;1801,149097;18431,8552;221917,8717;0,032937155;0,43018622;0,734049896;0,015372811;0,203532931;0,590126488;1401,064021;2083,51554
DIJ-073;56222;0;871;208;6,951860636;79,99556224;1339,471908;2198,664161;18697,57575;222538,3627;0,030075637;0,425722249;0,731966419;0,01403725;0,201877591;0,58900008;1378,793517;2076,666198
DIJ-074;55966;0;249;92;5,267253864;75,7543745;1327,1957;2088,656949;18828,6289;222782,6446;0,022988588;0,421708363;0,730093012;0,010729501;0,201541747;0,588366845;1410,147283;2100,647382
DIJ-075;55922;0;1583;322;8,375379163;82,72220301;1348,927368;1801,149097;18431,8552;221917,8717;0,032937155;0,43018622;0,734049896;0,015372811;0,203532931;0,590126488;1401,064021;2083,51554
DIJ-076;54608;0;6606;1732;26,15622053;139,2574744;1466,039509;7993,715633;34285,28318;247678,7699;0,176066203;0,642548111;0,833165903;0,082175663;0,350077807;0,689391956;1051,773226;1853,626042
DIJ-077;55425;0;1181;330;6,154181033;93,45397161;1380,356527;4683,534968;25752,82974;234930,4616;0,069488564;0,514035428;0,773184972;0,03243251;0,25887241;0,629692258;1256,463516;2023,746937
DIJ-078;55425;0;1181;330;6,154181033;93,45397161;1380,356527;4683,534968;25752,82974;234930,4616;0,069488564;0,514035428;0,773184972;0,03243251;0,25887241;0,629692258;1256,463516;2023,746937
DIJ-079;55498;0;854;230;4,075877909;64,40241555;1265,140706;1035,861185;15340,12192;212413,329;0,016474959;0,358814557;0,700738484;0,007689384;0,167981071;0,558964233;1514,151381;2192,859537
DIJ-080;50165;0;337;130;6,573266652;24,46613774;254,2135166;373,8411221;1746,860874;20901,8456;0,009102094;0,039016637;0,112188884;0,004248235;0,018210298;0,052362099;5827,145452;7699,473652
DIJ-081;50360;0;1418;354;4,484941667;19,48213075;273,3389028;156,8724613;1187,257356;22707,96751;0,017636363;0,038699356;0,123737138;0,008231448;0,018062213;0,057752034;5395,879798;7283,681085
DIJ-082;49824;0;1194;274;2,142097243;15,76493314;242,3012659;65,129161;727,0587316;18364,45753;0,014034128;0,031019117;0,112180975;0,006550171;0,014477603;0,052358407;6135,171415;8030,995091
DIJ-083;51534;0;791;222;13,73030416;37,50259026;219,1049162;1850,366716;3696,869066;19955,33005;0,03373085;0,066107182;0,130727977;0,015743254;0,030854312;0,061014879;6215,319549;8872,99424
DIJ-084;51210;0;103;58;4,806826979;28,83348927;217,9686008;564,9470846;2856,652406;18879,07223;0,006816625;0,052682127;0,12692639;0,003181534;0,024588414;0,059240559;6274,199377;8732,411205
DIJ-085;51477;20,5;109;58;5,355296321;27,19412156;205,1930755;653,0994941;2839,573096;17962,57396;0,008231662;0,05186006;0,119771875;0,003841977;0,024204729;0,05590132;6376,244908;8964,045967
DIJ-086;56871;0;5270;1004;18,16500806;49,35986374;694,5270047;11340,47728;20415,70098;150398,5256;0,199950027;0,361238752;0,655681844;0,093322999;0,168601545;0,42638754;2225,324201;2998,917035
DIJ-087;56871;0;5270;1004;18,16500806;49,35986374;694,5270047;11340,47728;20415,70098;150398,5256;0,199950027;0,361238752;0,655681844;0,093322999;0,168601545;0,42638754;2225,324201;2998,917035
DIJ-088;55529;0;8146;1222;18,83170899;47,26982972;638,1482106;8056,072059;16376,68234;137266,4235;0,18011159;0,334356285;0,624526394;0,084063773;0,156054648;0,382478422;2267,645482;3187,919757
DIJ-089;55529;0;8146;1222;18,83170899;47,26982972;638,1482106;8056,072059;16376,68234;137266,4235;0,18011159;0,334356285;0,624526394;0,084063773;0,156054648;0,382478422;2267,645482;3187,919757
DIJ-090;55529;0;8146;1222;18,83170899;47,26982972;638,1482106;8056,072059;16376,68234;137266,4235;0,18011159;0,334356285;0,624526394;0,084063773;0,156054648;0,382478422;2267,645482;3187,919757
DIJ-091;55733;9,25;24;24;10,98664649;38,23614442;590,1934522;10271,19315;20477,52803;136414,0209;0,130534994;0,305606015;0,59082708;0,060924808;0,142635988;0,34684921;2392,791191;3308,030783
DIJ-092;55529;0;8146;1222;18,83170899;47,26982972;638,1482106;8056,072059;16376,68234;137266,4235;0,18011159;0,334356285;0,624526394;0,084063773;0,156054648;0,382478422;2267,645482;3187,919757
DIJ-093;56871;0;5270;1004;18,16500806;49,35986374;694,5270047;11340,47728;20415,70098;150398,5256;0,199950027;0,361238752;0,655681844;0,093322999;0,168601545;0,42638754;2225,324201;2998,917035
DIJ-094;56871;0;5270;1004;18,16500806;49,35986374;694,5270047;11340,47728;20415,70098;150398,5256;0,199950027;0,361238752;0,655681844;0,093322999;0,168601545;0,42638754;2225,324201;2998,917035
DIJ-095;57649;0;422;240;4,932181317;34,59359378;585,0985913;6848,217702;20028,88688;135074,3155;0,113540047;0,314487099;0,592814677;0,052992729;0,146781071;0,345595609;2458,676819;3309,044452
DIJ-096;56631;0;9162;1806;11,75591046;44,27369474;663,7150318;4520,011986;15249,1926;141218,8655;0,1641801;0,351808455;0,63929109;0,076628043;0,164200128;0,40143904;2377,233693;3076,809908
DIJ-097;56775;0;500;126;5,871781677;33,83298817;572,0118464;4080,001036;16672,66127;132224,8668;0,061481038;0,289230952;0,576130558;0,028695144;0,134993229;0,335185042;2472,651054;3341,036356
DIJ-098;55586;0;830;220;7,871124362;36,62377502;572,1415648;6997,772324;18649,87063;130662,2739;0,116407092;0,3022677;0,575895493;0,05433087;0,141077891;0,329119832;2453,502296;3361,670395
DIJ-099;55708;0;664;254;6,639085999;34,37621567;551,3930169;5600,832463;17843,56976;126982,1941;0,086146037;0,299121243;0,562148446;0,040207079;0,13960934;0,311796973;2528,23884;3398,808958
DIJ-100;56631;0;9162;1806;11,75591046;44,27369474;663,7150318;4520,011986;15249,1926;141218,8655;0,1641801;0,351808455;0,63929109;0,076628043;0,164200128;0,40143904;2377,233693;3076,809908
DIJ-101;56631;0;9162;1806;11,75591046;44,27369474;663,7150318;4520,011986;15249,1926;141218,8655;0,1641801;0,351808455;0,63929109;0,076628043;0,164200128;0,40143904;2377,233693;3076,809908
DIJ-102;56631;0;9162;1806;11,75591046;44,27369474;663,7150318;4520,011986;15249,1926;141218,8655;0,1641801;0,351808455;0,63929109;0,076628043;0,164200128;0,40143904;2377,233693;3076,809908
DIJ-103;56631;0;9162;1806;11,75591046;44,27369474;663,7150318;4520,011986;15249,1926;141218,8655;0,1641801;0,351808455;0,63929109;0,076628043;0,164200128;0,40143904;2377,233693;3076,809908
DIJ-104;56631;0;9162;1806;11,75591046;44,27369474;663,7150318;4520,011986;15249,1926;141218,8655;0,1641801;0,351808455;0,63929109;0,076628043;0,164200128;0,40143904;2377,233693;3076,809908
DIJ-105;56631;0;9162;1806;11,75591046;44,27369474;663,7150318;4520,011986;15249,1926;141218,8655;0,1641801;0,351808455;0,63929109;0,076628043;0,164200128;0,40143904;2377,233693;3076,809908
DIJ-106;56169;0;3581;686;9,816458621;36,29552609;584,1520757;5822,939791;16676,32304;130862,4714;0,120556145;0,309358044;0,584751161;0,056267364;0,144387179;0,337609199;2558,366258;3300,29519
DIJ-107;56169;0;3581;686;9,816458621;36,29552609;584,1520757;5822,939791;16676,32304;130862,4714;0,120556145;0,309358044;0,584751161;0,056267364;0,144387179;0,337609199;2558,366258;3300,29519
DIJ-108;56169;0;3581;686;9,816458621;36,29552609;584,1520757;5822,939791;16676,32304;130862,4714;0,120556145;0,309358044;0,584751161;0,056267364;0,144387179;0,337609199;2558,366258;3300,29519
DIJ-109;55529;0;8146;1222;18,83170899;47,26982972;638,1482106;8056,072059;16376,68234;137266,4235;0,18011159;0,334356285;0,624526394;0,084063773;0,156054648;0,382478422;2267,645482;3187,919757
DIJ-110;56871;0;5270;1004;18,16500806;49,35986374;694,5270047;11340,47728;20415,70098;150398,5256;0,199950027;0,361238752;0,655681844;0,093322999;0,168601545;0,42638754;2225,324201;2998,917035
DIJ-111;64703;0;6922;1176;20,53380344;131,4972436;1347,521141;8334,458241;28770,41542;186143,111;0,195700796;0,605943627;0,816081433;0,091339748;0,289701265;0,590612482;1261,734643;2610,225497
DIJ-112;64703;0;6922;1176;20,53380344;131,4972436;1347,521141;8334,458241;28770,41542;186143,111;0,195700796;0,605943627;0,816081433;0,091339748;0,289701265;0,590612482;1261,734643;2610,225497
DIJ-113;64703;0;6922;1176;20,53380344;131,4972436;1347,521141;8334,458241;28770,41542;186143,111;0,195700796;0,605943627;0,816081433;0,091339748;0,289701265;0,590612482;1261,734643;2610,225497
DIJ-114;64703;0;6922;1176;20,53380344;131,4972436;1347,521141;8334,458241;28770,41542;186143,111;0,195700796;0,605943627;0,816081433;0,091339748;0,289701265;0,590612482;1261,734643;2610,225497
DIJ-115;64703;0;6922;1176;20,53380344;131,4972436;1347,521141;8334,458241;28770,41542;186143,111;0,195700796;0,605943627;0,816081433;0,091339748;0,289701265;0,590612482;1261,734643;2610,225497
DIJ-115B;64703;0;6922;1176;20,53380344;131,4972436;1347,521141;8334,458241;28770,41542;186143,111;0,195700796;0,605943627;0,816081433;0,091339748;0,289701265;0,590612482;1261,734643;2610,225497
DIJ-116;64703;0;6922;1176;20,53380344;131,4972436;1347,521141;8334,458241;28770,41542;186143,111;0,195700796;0,605943627;0,816081433;0,091339748;0,289701265;0,590612482;1261,734643;2610,225497
DIJ-117;65819;0;218;88;10,29411138;96,23156115;1245,37238;7173,945969;27206,60213;176605,6993;0,118021169;0,506388092;0,769615718;0,05508421;0,237121899;0,547375891;1507,683441;2768,829971
DIJ-118;66206;0;2345;972;20,66161313;124,7316039;1330,837033;13942,68125;33041,4473;186133,8977;0,222459187;0,584934219;0,806275679;0,103828735;0,278874596;0,586723476;1372,901693;2652,35636
DIJ-119;66206;0;2345;972;20,66161313;124,7316039;1330,837033;13942,68125;33041,4473;186133,8977;0,222459187;0,584934219;0,806275679;0,103828735;0,278874596;0,586723476;1372,901693;2652,35636
DIJ-120;66206;0;2345;972;20,66161313;124,7316039;1330,837033;13942,68125;33041,4473;186133,8977;0,222459187;0,584934219;0,806275679;0,103828735;0,278874596;0,586723476;1372,901693;2652,35636
DIJ-121;57495;0;2515;556;1,5809639;5,754701337;47,20484157;34,03639694;433,5382919;5734,423424;0,028404282;0,039401214;0,053505268;0,013257176;0,018389792;0,0249726;7503,231011;8699,022004
DIJ-122;57495;0;2515;556;1,5809639;5,754701337;47,20484157;34,03639694;433,5382919;5734,423424;0,028404282;0,039401214;0,053505268;0,013257176;0,018389792;0,0249726;7503,231011;8699,022004
DIJ-123;57495;0;2515;556;1,5809639;5,754701337;47,20484157;34,03639694;433,5382919;5734,423424;0,028404282;0,039401214;0,053505268;0,013257176;0,018389792;0,0249726;7503,231011;8699,022004
DIJ-124;57495;0;2515;556;1,5809639;5,754701337;47,20484157;34,03639694;433,5382919;5734,423424;0,028404282;0,039401214;0,053505268;0,013257176;0,018389792;0,0249726;7503,231011;8699,022004
DIJ-125;88363;0;11400;1474;22,05515631;153,3437173;1957,705824;103017,1113;197667,4952;570474,1064;0,961256931;0,991930649;0,996233779;0,637580896;0,924423662;0,964726134;50,6274176;326,918836
DIJ-126;87346;0;33232;3082;26,35677409;185,470267;2037,441967;129954,3386;212939,5298;569461,4155;0,998053451;0,999594576;0,999810776;0,845302031;0,967779729;0,984961781;1;231,923884
DIJ-127;87346;0;33232;3082;26,35677409;185,470267;2037,441967;129954,3386;212939,5298;569461,4155;0,998053451;0,999594576;0,999810776;0,845302031;0,967779729;0,984961781;1;231,923884
DIJ-128;89646;0;32871;3086;28,47507533;180,9144134;2009,879173;145838,6895;222449,833;574552,3257;0,998040952;0,999591972;0,999809561;0,89796477;0,978748249;0,990081136;1;225,0243888
DIJ-129;89646;0;32871;3086;28,47507533;180,9144134;2009,879173;145838,6895;222449,833;574552,3257;0,998040952;0,999591972;0,999809561;0,89796477;0,978748249;0,990081136;1;225,0243888
DIJ-130;89646;0;32871;3086;28,47507533;180,9144134;2009,879173;145838,6895;222449,833;574552,3257;0,998040952;0,999591972;0,999809561;0,89796477;0,978748249;0,990081136;1;225,0243888
DIJ-131;89646;0;32871;3086;28,47507533;180,9144134;2009,879173;145838,6895;222449,833;574552,3257;0,998040952;0,999591972;0,999809561;0,89796477;0,978748249;0,990081136;1;225,0243888
DIJ-132;89646;0;32871;3086;28,47507533;180,9144134;2009,879173;145838,6895;222449,833;574552,3257;0,998040952;0,999591972;0,999809561;0,89796477;0,978748249;0,990081136;1;225,0243888
DIJ-133;89645;0;32725;3174;20,98710941;184,6914517;1979,993996;128013,0442;213670,5526;568702,0413;0,998035897;0,99959092;0,999809069;0,825418539;0,963638423;0,983028903;1;258,2375928
DIJ-134;89645;9,25;32725;3174;20,98710941;184,6914517;1979,993996;128013,0442;213670,5526;568702,0413;0,998035897;0,99959092;0,999809069;0,825418539;0,963638423;0,983028903;1;258,2375928
DIJ-135;91961;0;11488;1914;24,50178628;163,4472079;1868,677947;92223,09296;189740,9663;561269,4713;0,941161128;0,987745124;0,994280262;0,552142484;0,906720878;0,956463685;156,2548352;320,918836
DIJ-136;91962;0;28785;2376;34,92967115;184,4514995;1978,694368;105078,4179;202238,3599;572511,2555;0,984950888;0,996865592;0,998537073;0,75527672;0,948603484;0,976011621;29,9705632;373,8650104
DIJ-136B;91962;0;28785;2376;34,92967115;184,4514995;1978,694368;105078,4179;202238,3599;572511,2555;0,984950888;0,996865592;0,998537073;0,75527672;0,948603484;0,976011621;29,9705632;373,8650104
DIJ-137;89646;0;32871;3086;28,47507533;180,9144134;2009,879173;145838,6895;222449,833;574552,3257;0,998040952;0,999591972;0,999809561;0,89796477;0,978748249;0,990081136;1;225,0243888
DIJ-138;89646;0;32871;3086;28,47507533;180,9144134;2009,879173;145838,6895;222449,833;574552,3257;0,998040952;0,999591972;0,999809561;0,89796477;0,978748249;0,990081136;1;225,0243888
DIJ-139;89646;0;32871;3086;28,47507533;180,9144134;2009,879173;145838,6895;222449,833;574552,3257;0,998040952;0,999591972;0,999809561;0,89796477;0,978748249;0,990081136;1;225,0243888
DIJ-140;89646;0;32871;3086;28,47507533;180,9144134;2009,879173;145838,6895;222449,833;574552,3257;0,998040952;0,999591972;0,999809561;0,89796477;0,978748249;0,990081136;1;225,0243888
DIJ-141;89646;0;32871;3086;28,47507533;180,9144134;2009,879173;145838,6895;222449,833;574552,3257;0,998040952;0,999591972;0,999809561;0,89796477;0,978748249;0,990081136;1;225,0243888
DIJ-142;88363;0;11400;1474;22,05515631;153,3437173;1957,705824;103017,1113;197667,4952;570474,1064;0,961256931;0,991930649;0,996233779;0,637580896;0,924423662;0,964726134;50,6274176;326,918836
DIJ-143;88363;0;11400;1474;22,05515631;153,3437173;1957,705824;103017,1113;197667,4952;570474,1064;0,961256931;0,991930649;0,996233779;0,637580896;0,924423662;0,964726134;50,6274176;326,918836
DIJ-144;49964;9,25;136;110;8,654028666;64,90845583;986,7199062;1276,553755;8556,213966;160484,9292;0,016570682;0,187408589;0,569217049;0,007734061;0,087469513;0,395732903;2182,34954;2936,502821
DIJ-145;50383;0;1148;412;17,76782335;86,53386532;1063,781926;2083,419973;10994,41703;173047,0902;0,035009523;0,258495915;0,626048181;0,016340051;0,120648215;0,447315184;2012,846917;2815,066644
DIJ-146;50383;0;1148;412;17,76782335;86,53386532;1063,781926;2083,419973;10994,41703;173047,0902;0,035009523;0,258495915;0,626048181;0,016340051;0,120648215;0,447315184;2012,846917;2815,066644
DIJ-147;50383;0;1148;412;17,76782335;86,53386532;1063,781926;2083,419973;10994,41703;173047,0902;0,035009523;0,258495915;0,626048181;0,016340051;0,120648215;0,447315184;2012,846917;2815,066644
DIJ-148;51707;0;1109;368;19,41189754;87,46589573;1062,886606;2164,447344;10859,90899;172507,5166;0,037831871;0,254963669;0,625201257;0,01765733;0,118999604;0,444613943;2015,087034;2761,839345
DIJ-149;51707;0;1109;368;19,41189754;87,46589573;1062,886606;2164,447344;10859,90899;172507,5166;0,037831871;0,254963669;0,625201257;0,01765733;0,118999604;0,444613943;2015,087034;2761,839345
DIJ-150;52918;0;27;26;11,20217399;67,71393922;989,8150346;1599,60729;8546,238594;160398,8558;0,021167127;0,188369735;0,576170825;0,009879367;0,08791811;0,395413704;2155,491676;2905,904217
DIJ-151;53584;0;150;114;8,585765674;57,77124395;980,0171714;895,5607624;7058,20766;157864,9772;0,011680572;0,162279505;0,559298731;0,005451692;0,075740975;0,382083261;2247,625092;2952,312333
DIJ-152;51485;0;718;240;3,481209568;17,80744947;205,8852884;729,5015212;2121,330844;20393,3171;0,018499187;0,048173864;0,128678652;0,008634155;0,022484265;0,060058395;6088,356954;8595,123657
DIJ-153;51813;0;250;100;3,263006923;17,17526741;202,413644;1056,025429;2449,517243;20440,58345;0,016772816;0,045248412;0,124559491;0,007828404;0,021118864;0,058135852;6102,315649;8606,514036
DIJ-154;39740;0;160;110;12,63567574;74,55634627;1092,934863;2310,940731;11670,21814;155534,7598;0,031520481;0,248985316;0,624057228;0,014711605;0,116209318;0,389157604;2085,177868;3186,323053
DIJ-155;40254;0;95;50;7,185580414;61,25431843;1039,04205;1299,597793;9741,274947;148848,1473;0,017835178;0,216636547;0,601009147;0,008324241;0,101111125;0,364353861;2183,679016;3276,276571
DIJ-156;39768;0;1104;658;18,16621486;84,65272371;1114,38433;2489,453853;12097,18364;157498,8461;0,039190459;0,273538852;0,640410801;0,018291426;0,127669229;0,403428893;2001,137385;3160,072414
DIJ-157;44864;0;127;86;3,18021543;34,92761282;833,4426128;354,687574;4888,249955;125943,3377;0,002838732;0,109571015;0,483770264;0,001324926;0,051140256;0,278264987;2478,491151;3638,98935
DIJ-158;43710;0;2572;540;4,415327431;61,10158594;1063,628888;1093,473025;10700,18599;170361,6025;0,036097373;0,263306669;0,63145214;0,016847785;0,122893546;0,422705247;2006,025636;3091,806533
DIJ-159;43710;0;2572;540;4,415327431;61,10158594;1063,628888;1093,473025;10700,18599;170361,6025;0,036097373;0,263306669;0,63145214;0,016847785;0,122893546;0,422705247;2006,025636;3091,806533
DIJ-160;43710;0;2572;540;4,415327431;61,10158594;1063,628888;1093,473025;10700,18599;170361,6025;0,036097373;0,263306669;0,63145214;0,016847785;0,122893546;0,422705247;2006,025636;3091,806533
DIJ-161;41862;0;797;226;6,86589197;60,6719669;1271,569783;2321,261418;13656,55919;225505,2194;0,031576673;0,300846838;0,665922135;0,014737832;0,14041473;0,485324724;1783,736316;2660,606998
DIJ-162;41862;0;797;226;6,86589197;60,6719669;1271,569783;2321,261418;13656,55919;225505,2194;0,031576673;0,300846838;0,665922135;0,014737832;0,14041473;0,485324724;1783,736316;2660,606998
DIJ-163;76524;0;1330;482;5,658310905;28,52844993;751,3834102;1748,447721;7760,580502;134384,6702;0,038823292;0,170036585;0,579926452;0,018120058;0,07936145;0,331772393;2088,218975;3586,595754
DIJ-164;77213;0;256;118;2,388627746;17,99001302;661,3346076;815,7085054;5860,86428;119887,2753;0,01280677;0,110922401;0,522221799;0,005977324;0,051770991;0,284332068;2285,793517;3877,719074
DIJ-165;76021;0;1395;570;7,005720925;31,06033148;772,6070323;2225,261181;8897,386506;143205,1655;0,046463352;0,199217516;0,599577149;0,021685915;0,092981113;0,345551558;2047,014293;3600,066218
DIJ-166;75671;26,75;1169;358;6,463754475;31,82310417;776,9529767;2663,37672;9143,695368;143211,5468;0,047534811;0,195322573;0,600366962;0,022185999;0,091163219;0,346620141;2032,042779;3545,129714
DIJ-167;75139;0;347;118;4,143472868;24,00556226;660,7579758;577,8519163;6181,599244;120254,5728;0,011098778;0,130457758;0,540743644;0,005180151;0,06088876;0,294097358;2232,501673;3931,907988
DIJ-168;73724;0;79;58;3,080727331;22,41262062;614,9574215;885,1424884;5012,313924;106196,0571;0,012993397;0,099523134;0,50577693;0,006064429;0,046450593;0,264513483;2388,475809;4033,208027
DIJ-169;72260;0;96;60;1,49887436;15,99224141;515,2732144;171,0604558;2173,863032;86102,09438;0,003433558;0,048113259;0,420263683;0,00160255;0,022455979;0,207218754;2754,707404;4275,94172
DIJ-170;71201;0;66;56;0,930807042;12,66634451;462,6343465;109,5614845;1436,65067;75682,51433;0,002372464;0,030313058;0,360414599;0,001107304;0,014148062;0,173695192;2778,131713;4495,68354
DIJ-171;68761;0;457;150;0,190119971;10,676557;386,935196;16,33275573;1292,826022;62231,7978;0,005108845;0,035409776;0,24371552;0,00238446;0,016526862;0,113749738;3514,612373;4798,962764
DIJ-172;70534;0;109;74;2,398447665;9,941309931;284,7867993;100,1897656;1252,736221;43848,71476;0,002309655;0,029979835;0,167000834;0,001077989;0,013992537;0,077944568;4058,914936;5644,243759
DIJ-173;71392;14,8492428;44;48;0,473004306;6,738967854;312,5438504;232,7023146;2087,590824;51156,94666;0,003199318;0,04293081;0,247729786;0,001493223;0,020037166;0,115623322;3827,021736;5374,211076
DIJ-174;66301;0;3462;1028;11,26360545;73,3102173;1136,093872;3173,085227;17337,24994;244700,6051;0,076956299;0,412324309;0,725028042;0,035917938;0,19244479;0,477966859;1632,168198;2840,176166
DIJ-175;66301;0;3462;1028;11,26360545;73,3102173;1136,093872;3173,085227;17337,24994;244700,6051;0,076956299;0,412324309;0,725028042;0,035917938;0,19244479;0,477966859;1632,168198;2840,176166
DIJ-176;66301;9,25;3462;1028;11,26360545;73,3102173;1136,093872;3173,085227;17337,24994;244700,6051;0,076956299;0,412324309;0,725028042;0,035917938;0,19244479;0,477966859;1632,168198;2840,176166
DIJ-177;70552;0;2075;618;12,20216078;93,74220947;1284,548151;6237,208607;25503,35936;280148,1285;0,093322153;0,532998525;0,782035648;0,043556399;0,25117886;0,555183693;1426,50777;2537,805909
DIJ-178;70552;0;2075;618;12,20216078;93,74220947;1284,548151;6237,208607;25503,35936;280148,1285;0,093322153;0,532998525;0,782035648;0,043556399;0,25117886;0,555183693;1426,50777;2537,805909
DIJ-179;72451;0;2173;662;13,79880741;102,8929338;1332,963427;8089,063668;27926,22085;293385,2306;0,113821036;0,570981709;0,799763601;0,053123876;0,268380438;0,577723746;1385,508819;2457,830397
DIJ-180;72451;9,25;2173;662;13,79880741;102,8929338;1332,963427;8089,063668;27926,22085;293385,2306;0,113821036;0,570981709;0,799763601;0,053123876;0,268380438;0,577723746;1385,508819;2457,830397
DIJ-181;74208;0;1398;462;10,01912821;99,66971956;1334,916903;6051,173174;27188,97491;296101,4228;0,089680458;0,56663877;0,797736614;0,041856705;0,265443478;0,578290066;1391,81748;2464,360685
DIJ-182;75502;0;2051;594;14,79352203;122,0973959;1453,481087;6903,012412;28556,86108;332230,587;0,098432093;0,568755987;0,798724786;0,045941369;0,270212769;0,618667809;1345,31843;2010,553499
DIJ-183;75502;0;2051;594;14,79352203;122,0973959;1453,481087;6903,012412;28556,86108;332230,587;0,098432093;0,568755987;0,798724786;0,045941369;0,270212769;0,618667809;1345,31843;2010,553499
DIJ-184;67061;0;12911;1706;16,31917544;121,2573465;1323,900118;4505,031285;20640,12634;172401,037;0,209239909;0,555203445;0,792399387;0,09765888;0,260642048;0,574477838;1457,398644;2654,214224
DIJ-184B;67061;0;12911;1706;16,31917544;121,2573465;1323,900118;4505,031285;20640,12634;172401,037;0,209239909;0,555203445;0,792399387;0,09765888;0,260642048;0,574477838;1457,398644;2654,214224
DIJ-185;67061;0;12911;1706;16,31917544;121,2573465;1323,900118;4505,031285;20640,12634;172401,037;0,209239909;0,555203445;0,792399387;0,09765888;0,260642048;0,574477838;1457,398644;2654,214224
DIJ-186;62751;0;2279;772;3,086205029;14,81582813;381,5766043;109,7676176;1294,896847;69017,35006;0,026521132;0,058815684;0,171932181;0,012378251;0,027451139;0,080246184;3779,606048;4662,897466
DIJ-186B;68344;0;4322;1486;16,68478409;73,37654309;1470,408725;1277,412344;5700,165181;233061,3121;0,066387772;0,151882657;0,542699281;0,030985272;0,070888437;0,40822716;2170,275324;2532,201831
DIJ-187;64803;0;22;24;0,280732462;3,948267234;397,9771003;115,8737893;1014,025358;77310,17728;0,002198398;0,019544688;0,170568501;0,001026062;0,009122124;0,079609712;3526,86898;4255,709176
DIJ-187B;68344;0;4322;1486;16,68478409;73,37654309;1470,408725;1277,412344;5700,165181;233061,3121;0,066387772;0,151882657;0,542699281;0,030985272;0,070888437;0,40822716;2170,275324;2532,201831
DIJ-188;62136;10,5;14;16;3,177454896;10,51953997;442,6231563;313,8721005;884,3686383;88993,93397;0,005072113;0,014977696;0,226614192;0,002367315;0,006990564;0,107593547;3210,655776;3818,919232
DIJ-188B;68344;0;4322;1486;16,68478409;73,37654309;1470,408725;1277,412344;5700,165181;233061,3121;0,066387772;0,151882657;0,542699281;0,030985272;0,070888437;0,40822716;2170,275324;2532,201831
DIJ-188C;68344;0;4322;1486;16,68478409;73,37654309;1470,408725;1277,412344;5700,165181;233061,3121;0,066387772;0,151882657;0,542699281;0,030985272;0,070888437;0,40822716;2170,275324;2532,201831
DIJ-189;60924;0;400;140;2,051925854;10,953456;684,8818559;112,4441721;2503,085158;142657,8998;0,00590687;0,057022206;0,464393019;0,002756923;0,026614066;0,343504872;2228,623518;2948,878452
DIJ-190;60307;0;1184;320;7,078672111;51,99272245;1128,358966;4415,026533;23184,74289;240229,9579;0,068530981;0,446787633;0,7417983;0,031985575;0,224341701;0,619948063;1246,496526;1923,267653
DIJ-191;31372;0;239;150;6,206518536;46,53768641;862,9613172;1369,442099;9063,493295;92029,37503;0,012194;0,198386501;0,467254452;0,005691325;0,092593252;0,222214356;3044,913758;4350,846788
DIJ-192;31111;0;48;34;5,630471775;44,70911335;863,129135;1197,247228;8543,447529;91784,43825;0,009235604;0,188800786;0,463117324;0,004310549;0,088119296;0,220514478;3048,623389;4337,041473
DIJ-193;30550;0;96;60;4,877240643;46,79891519;880,90559;992,7539947;8518,541993;93065,16092;0,005186086;0,191095466;0,471333414;0,00242051;0,089190295;0,225452042;3002,777195;4307,212521
DIJ-194;29986;0;75;52;6,830271411;45,6729176;858,9469028;572,8000486;6718,20203;90346,33789;0,005399283;0,168657151;0,458744466;0,002520016;0,078717624;0,218097433;2978,378026;4286,07186
DIJ-195;29125;0;134;96;7,489891596;45,52135128;851,1201461;558,6651967;6140,65545;89834,30945;0,006516481;0,15809762;0,453371374;0,003041448;0,073789157;0,215445692;2982,603623;4281,617292
DIJ-196;28664;0;25;26;6,063691617;42,56211922;847,4679171;534,4364406;5548,130809;89092,8567;0,0057099;0,14406645;0,446177659;0,002664991;0,067240367;0,212121723;2977,22137;4276,235039
DIJ-197;28292;0;30;30;2,587326324;35,75028759;826,4275065;170,5378101;4294,356719;85458,15831;0,001370511;0,113710291;0,423987196;6,40E-04;0,053072188;0,201353843;3014,12234;4322,950243
DIJ-198;27519;0;59;58;2,044626097;28,38997139;799,1059148;82,13409981;2885,249583;82003,71938;0,001380376;0,067776626;0,389324664;6,44E-04;0,031633494;0,185473639;3013,251658;4354,020034
DIJ-199;26706;0;101;84;5,630338512;30,98997375;830,014371;221,0029866;2320,586586;84597,97454;0,003640842;0,044677022;0,394815716;0,001699296;0,020852179;0,196609288;2780,782669;4191,33207
DIJ-200;26180;0;20;22;5,247852928;27,48629567;847,6827546;223,0389499;1991,992663;87334,31247;0,003217814;0,035720386;0,384469741;0,001501856;0,016671833;0,196638232;2654,721172;3973,808107
DIJ-201;63020;0;160;76;3,036121411;14,3955168;452,8594773;116,0521189;821,3095912;54546,15266;0,00292303;0,015690368;0,148215426;0,001364271;0,007323191;0,069176825;3667,833772;5077,380422
DIJ-202;63437;37,8302138;226;84;1,417397094;15,83244241;499,7373956;142,1701904;2792,510419;62624,97244;0,002791746;0,059006187;0,39663846;0,001302996;0,027540053;0,187710088;3050,446372;4990,886648
DIJ-202B;67921;0;1025;476;9,814839811;53,1032377;553,3888141;2405,370398;9734,051152;71128,81188;0,047481719;0,203119702;0,490368461;0,022161219;0,094802386;0,22946133;3144,884747;5212,869603
DIJ-203;66864;0;3106;1268;10,99004809;57,59135015;563,4525183;2966,372448;10339,10252;70878,22347;0,072083311;0,227994224;0,522839419;0,03364356;0,106412112;0,245820157;3175,153153;5279,337019
DIJ-204;69716;0;165;114;9,834124385;38,98660971;485,2252871;1254,439856;5325,401845;64734,87566;0,016577927;0,11495972;0,363901224;0,007737443;0,053655336;0,169844205;3506,02036;5146,903138
DIJ-205;69032;0;222;102;1,234252144;26,60182139;439,3690308;356,4583694;5243,267262;54687,30106;0,005181307;0,133761271;0,390219284;0,00241828;0,062430614;0,182127676;3594,644531;5752,621291
DIJ-206;68633;9,25;141;88;4,715361732;29,86824105;435,7591064;654,6272997;4852,112152;53858,53613;0,009842543;0,114420351;0,371747022;0,004593826;0,053403595;0,173506087;3670,383371;5757,580976
DIJ-207;69093;0;732;322;7,297666965;27,35576217;396,1504843;856,3011565;3564,752778;50592,176;0,019593181;0,074815928;0,288337485;0,009144757;0,034918959;0,134576219;3947,045699;5704,776146
DIJ-208;69557;0;609;302;6,440040858;25,33846381;383,0540683;818,3288568;3232,973273;49118,81873;0,017947376;0,065396977;0,26914645;0,008376608;0,030522836;0,125619157;4036,791389;5701,49617
DIJ-209;70539;0;62;42;0,680204231;11,87725949;310,2137433;74,18880529;1315,856198;39459,97599;7,28E-04;0,029476779;0,177799182;3,40E-04;0,013757745;0,082984499;4516,421429;5857,286964
DIJ-210;71652;104,8276898;12;16;0,707473972;5,775755171;286,1358879;9,070958819;217,4169748;40527,90196;2,30E-04;0,004244771;0,072332882;1,07E-04;0,001981169;0,033760043;4484,983975;5351,454311
DIJ-211;61902;0;427;156;2,647777923;29,63631775;635,6198172;760,6466821;5036,810187;90034,45557;0,013429962;0,100905291;0,412741956;0,006268188;0,047095689;0,196366166;3095,906315;4466,010492
DIJ-212;59771;0;2771;618;10,16605754;40,359943;686,3665125;929,7716953;4324,734528;98550,13963;0,043508149;0,107104464;0,409135509;0,020306629;0,049989039;0,19418411;3094,720548;4334,723369
DIJ-213;59771;0;2771;618;10,16605754;40,359943;686,3665125;929,7716953;4324,734528;98550,13963;0,043508149;0,107104464;0,409135509;0,020306629;0,049989039;0,19418411;3094,720548;4334,723369
DIJ-214;59771;0;2771;618;10,16605754;40,359943;686,3665125;929,7716953;4324,734528;98550,13963;0,043508149;0,107104464;0,409135509;0,020306629;0,049989039;0,19418411;3094,720548;4334,723369
DIJ-215;59347;9,25;74;48;6,386733481;33,03213459;622,1528805;1748,38901;5433,041085;91422,99117;0,028874688;0,092539974;0,349231187;0,013476729;0,043191331;0,162997235;3327,438899;4475,377502
DIJ-216;58806;0;311;140;8,892641486;35,61422205;631,2653245;1823,361819;5366,499985;92532,76534;0,030803016;0,096232386;0,350160408;0,014376741;0,044914697;0,163431446;3318,271751;4417,539602
DIJ-217;57838;0;228;174;5,14444027;35,21428067;576,107712;734,1894806;3616,81208;84847,34802;0,011674205;0,075936562;0,301588461;0,005448721;0,035441994;0,140760869;3459,36993;4437,615095
DIJ-218;57330;0;516;210;8,351919209;38,83264442;593,0841073;870,5451152;3711,572585;87731,51578;0,016663932;0,075676531;0,31647452;0,007777584;0,03532063;0,147708663;3383,513115;4346,258052
DIJ-219;59719;0;427;140;3,705040407;28,09145322;539,8032656;178,9742739;3150,630223;72846,71158;0,006722201;0,075991905;0,343079433;0,003137464;0,035467825;0,160126017;3337,388221;4756,570088
DIJ-220;60764;0;19;20;2,960036376;28,0665611;545,2435078;201,3825072;3691,056647;71829,01255;0,002037538;0,095507765;0,380240968;9,51E-04;0,044576493;0,178090473;3204,436375;4682,727566
DIJ-221;59780;0;7085;1334;16,14025902;88,06763293;1331,652786;12207,62961;33537,73968;280470,686;0,216850473;0,613387726;0,81955583;0,101210971;0,350054003;0,695386966;1103,433554;1626,14276
DIJ-221B;17244;0;3359;940;20,55060246;138,269487;1762,602926;7131,605297;26424,54611;187321,5561;0,11704944;0,540112266;0,785355856;0,054630674;0,254087227;0,594920647;1442,039305;2304,872454
DIJ-222;59780;0;7085;1334;16,14025902;88,06763293;1331,652786;12207,62961;33537,73968;280470,686;0,216850473;0,613387726;0,81955583;0,101210971;0,350054003;0,695386966;1103,433554;1626,14276
DIJ-222B;17244;0;3359;940;20,55060246;138,269487;1762,602926;7131,605297;26424,54611;187321,5561;0,11704944;0,540112266;0,785355856;0,054630674;0,254087227;0,594920647;1442,039305;2304,872454
DIJ-223;59780;0;7085;1334;16,14025902;88,06763293;1331,652786;12207,62961;33537,73968;280470,686;0,216850473;0,613387726;0,81955583;0,101210971;0,350054003;0,695386966;1103,433554;1626,14276
DIJ-223B;17571;0;3385;826;20,74977132;150,5123887;1793,006782;9562,740411;30221,52816;191444,8046;0,166972757;0,577179434;0,802656275;0,077931464;0,275549504;0,620970087;1315,098179;2246,476957
DIJ-224;59658;0;9802;2362;21,70768513;112,2015474;1474,109011;13850,61455;41161,03734;310767,4653;0,260205007;0,708720897;0,864050835;0,121445902;0,432719198;0,734998684;897,7645056;1586,201208
DIJ-224B;16633;26,75;11370;1512;32,5394042;187,7480968;1824,759156;6539,040836;26318,90883;185621,6935;0,210467469;0,610332604;0,818129908;0,098231821;0,303350906;0,639165413;1267,86216;2285,040354
DIJ-225;59658;0;9802;2362;21,70768513;112,2015474;1474,109011;13850,61455;41161,03734;310767,4653;0,260205007;0,708720897;0,864050835;0,121445902;0,432719198;0,734998684;897,7645056;1586,201208
DIJ-225B;16633;0;11370;1512;32,5394042;187,7480968;1824,759156;6539,040836;26318,90883;185621,6935;0,210467469;0,610332604;0,818129908;0,098231821;0,303350906;0,639165413;1267,86216;2285,040354
DIJ-226;16633;9,25;11370;1512;32,5394042;187,7480968;1824,759156;6539,040836;26318,90883;185621,6935;0,210467469;0,610332604;0,818129908;0,098231821;0,303350906;0,639165413;1267,86216;2285,040354
DIJ-227;16633;0;11370;1512;32,5394042;187,7480968;1824,759156;6539,040836;26318,90883;185621,6935;0,210467469;0,610332604;0,818129908;0,098231821;0,303350906;0,639165413;1267,86216;2285,040354
DIJ-228;16633;61,75;11370;1512;32,5394042;187,7480968;1824,759156;6539,040836;26318,90883;185621,6935;0,210467469;0,610332604;0,818129908;0,098231821;0,303350906;0,639165413;1267,86216;2285,040354
DIJ-229;17775;0;979;294;17,08260433;151,1912181;1749,51045;14267,55428;33176,50994;189345,5168;0,191486364;0,568357786;0,798538933;0,089372739;0,275603741;0,621443089;1304,130664;2271,15243
DIJ-230;17571;0;3385;826;20,74977132;150,5123887;1793,006782;9562,740411;30221,52816;191444,8046;0,166972757;0,577179434;0,802656275;0,077931464;0,275549504;0,620970087;1315,098179;2246,476957
DIJ-231;17571;0;3385;826;20,74977132;150,5123887;1793,006782;9562,740411;30221,52816;191444,8046;0,166972757;0,577179434;0,802656275;0,077931464;0,275549504;0,620970087;1315,098179;2246,476957
DIJ-232;17244;0;3359;940;20,55060246;138,269487;1762,602926;7131,605297;26424,54611;187321,5561;0,11704944;0,540112266;0,785355856;0,054630674;0,254087227;0,594920647;1442,039305;2304,872454
DIJ-233;16633;0;11370;1512;32,5394042;187,7480968;1824,759156;6539,040836;26318,90883;185621,6935;0,210467469;0,610332604;0,818129908;0,098231821;0,303350906;0,639165413;1267,86216;2285,040354
DIJ-234;16633;0;11370;1512;32,5394042;187,7480968;1824,759156;6539,040836;26318,90883;185621,6935;0,210467469;0,610332604;0,818129908;0,098231821;0,303350906;0,639165413;1267,86216;2285,040354
DIJ-235;16633;0;11370;1512;32,5394042;187,7480968;1824,759156;6539,040836;26318,90883;185621,6935;0,210467469;0,610332604;0,818129908;0,098231821;0,303350906;0,639165413;1267,86216;2285,040354
DIJ-236;59658;0;9802;2362;21,70768513;112,2015474;1474,109011;13850,61455;41161,03734;310767,4653;0,260205007;0,708720897;0,864050835;0,121445902;0,432719198;0,734998684;897,7645056;1586,201208
DIJ-237;60239;0;128;80;10,6708965;94,33469561;1592,916914;12611,40554;50442,3233;354649,88;0,138781873;0,739483993;0,878408944;0,064773887;0,466692006;0,748977298;772,2802732;1663,454994
DIJ-238;59873;0;5264;1554;21,4591583;125,1583957;1722,610038;20660,39927;60930,81128;375836,0166;0,304458344;0,822750795;0,917272193;0,142100334;0,546361434;0,788272541;636,3208552;1521,665575
DIJ-239;61122;0;11976;2458;31,49963017;155,8999819;1961,934734;41792,16237;75529,07373;435662,7511;0,595813044;0,91350131;0,959628327;0,278084783;0,624182836;0,824287951;393,6198456;1622,950371
DIJ-240;61122;0;11976;2458;31,49963017;155,8999819;1961,934734;41792,16237;75529,07373;435662,7511;0,595813044;0,91350131;0,959628327;0,278084783;0,624182836;0,824287951;393,6198456;1622,950371
DIJ-241;61122;0;11976;2458;31,49963017;155,8999819;1961,934734;41792,16237;75529,07373;435662,7511;0,595813044;0,91350131;0,959628327;0,278084783;0,624182836;0,824287951;393,6198456;1622,950371
DIJ-242;61122;0;11976;2458;31,49963017;155,8999819;1961,934734;41792,16237;75529,07373;435662,7511;0,595813044;0,91350131;0,959628327;0,278084783;0,624182836;0,824287951;393,6198456;1622,950371
DIJ-243;61121;0;10579;2616;39,83216864;157,6421186;2077,748357;44816,0587;79716,41839;478742,9039;0,697940487;0,937087477;0,970636737;0,325783659;0,616741103;0,819430602;299,9954766;1692,258933
DIJ-244;61121;0;10579;2616;39,83216864;157,6421186;2077,748357;44816,0587;79716,41839;478742,9039;0,697940487;0,937087477;0,970636737;0,325783659;0,616741103;0,819430602;299,9954766;1692,258933
DIJ-245;61121;0;10579;2616;39,83216864;157,6421186;2077,748357;44816,0587;79716,41839;478742,9039;0,697940487;0,937087477;0,970636737;0,325783659;0,616741103;0,819430602;299,9954766;1692,258933
DIJ-246;14549;13,0814758;11270;2126;21,92386138;167,2753533;1547,665447;16391,82724;29163,51336;150183,3818;0,317891241;0,579251681;0,803623458;0,148369891;0,270499936;0,5659774;1541,08451;2596,415659
DIJ-247;14549;0;11270;2126;21,92386138;167,2753533;1547,665447;16391,82724;29163,51336;150183,3818;0,317891241;0,579251681;0,803623458;0,148369891;0,270499936;0,5659774;1541,08451;2596,415659
DIJ-248;12998;0;9970;1602;35,28990423;217,3654329;1643,170221;21571,12826;34915,64903;160034,8051;0,360523829;0,635644695;0,829943861;0,168267868;0,302478087;0,601393097;1320,95047;2463,771751
DIJ-249;13763;0;3081;846;20,42748372;166,7336057;1542,698871;25366,16163;37382,11419;157619,5872;0,3203964;0,576238354;0,802217044;0,149539128;0,269514754;0,563304799;1506,030684;2612,615946
DIJ-250;14549;0;11270;2126;21,92386138;167,2753533;1547,665447;16391,82724;29163,51336;150183,3818;0,317891241;0,579251681;0,803623458;0,148369891;0,270499936;0,5659774;1541,08451;2596,415659
DIJ-251;14549;0;11270;2126;21,92386138;167,2753533;1547,665447;16391,82724;29163,51336;150183,3818;0,317891241;0,579251681;0,803623458;0,148369891;0,270499936;0,5659774;1541,08451;2596,415659
DIJ-252;14548;0;2692;690;15,89976564;159,336625;1531,551463;25485,8672;37529,66439;157304,5653;0,316901158;0,572764176;0,800595535;0,147907788;0,267674963;0,560704895;1522,256082;2595,615946
DIJ-253;12998;0;9970;1602;35,28990423;217,3654329;1643,170221;21571,12826;34915,64903;160034,8051;0,360523829;0,635644695;0,829943861;0,168267868;0,302478087;0,601393097;1320,95047;2463,771751
DIJ-254;12998;0;9970;1602;35,28990423;217,3654329;1643,170221;21571,12826;34915,64903;160034,8051;0,360523829;0,635644695;0,829943861;0,168267868;0,302478087;0,601393097;1320,95047;2463,771751
DIJ-255;12998;0;9970;1602;35,28990423;217,3654329;1643,170221;21571,12826;34915,64903;160034,8051;0,360523829;0,635644695;0,829943861;0,168267868;0,302478087;0,601393097;1320,95047;2463,771751
DIJ-256;12998;0;9970;1602;35,28990423;217,3654329;1643,170221;21571,12826;34915,64903;160034,8051;0,360523829;0,635644695;0,829943861;0,168267868;0,302478087;0,601393097;1320,95047;2463,771751
DIJ-257;12927;0;4116;1004;45,22031277;237,8092334;1690,267594;16092,7741;36226,77291;169915,7845;0,241670588;0,63882126;0,831426464;0,112795303;0,31191562;0,617526459;1216,089558;2458,663348
DIJ-258;12927;0;4116;1004;45,22031277;237,8092334;1690,267594;16092,7741;36226,77291;169915,7845;0,241670588;0,63882126;0,831426464;0,112795303;0,31191562;0,617526459;1216,089558;2458,663348
DIJ-259;12927;0;4116;1004;45,22031277;237,8092334;1690,267594;16092,7741;36226,77291;169915,7845;0,241670588;0,63882126;0,831426464;0,112795303;0,31191562;0,617526459;1216,089558;2458,663348
DIJ-260;58065;0;1568;316;9,944803068;58,38615246;1030,426186;4833,328282;11334,65644;147244,9198;0,08950957;0,199020495;0,549294964;0,041776946;0,092889156;0,363724859;2340,916411;3000,904316
DIJ-261;58065;0;1568;316;9,944803068;58,38615246;1030,426186;4833,328282;11334,65644;147244,9198;0,08950957;0,199020495;0,549294964;0,041776946;0,092889156;0,363724859;2340,916411;3000,904316
DIJ-262;59229;0;523;240;8,262090724;52,06398455;1000,717451;2271,114805;9782,149823;142922,9172;0,036678559;0,180494172;0,533658468;0,017119043;0,084242336;0,34929638;2324,976235;3162,818529
DIJ-263;59801;0;306;144;9,244847824;60,78940517;1054,878144;4009,234968;11974,23117;150768,1864;0,060841388;0,207472974;0,564771055;0,028396599;0,096834196;0,383093147;2195,990953;3033,833248
DIJ-264;58205;0;3078;618;15,12067647;77,29990916;1121,56822;6712,069701;13092,43743;158120,0489;0,112889599;0,243965224;0,600135799;0,052689144;0,113866282;0,419041759;2116,517341;2864,371306
DIJ-265;58205;0;3078;618;15,12067647;77,29990916;1121,56822;6712,069701;13092,43743;158120,0489;0,112889599;0,243965224;0,600135799;0,052689144;0,113866282;0,419041759;2116,517341;2864,371306
DIJ-266;58205;0;3078;618;15,12067647;77,29990916;1121,56822;6712,069701;13092,43743;158120,0489;0,112889599;0,243965224;0,600135799;0,052689144;0,113866282;0,419041759;2116,517341;2864,371306
DIJ-267;56492;0;5040;1090;16,5439809;75,13325828;1107,178937;4617,799506;10485,27995;154543,232;0,110858198;0,232059604;0,591243353;0,051741025;0,108309553;0,407882704;2176,695635;2822,985579
DIJ-268;56492;0;5040;1090;16,5439809;75,13325828;1107,178937;4617,799506;10485,27995;154543,232;0,110858198;0,232059604;0,591243353;0,051741025;0,108309553;0,407882704;2176,695635;2822,985579
DIJ-269;56492;0;5040;1090;16,5439809;75,13325828;1107,178937;4617,799506;10485,27995;154543,232;0,110858198;0,232059604;0,591243353;0,051741025;0,108309553;0,407882704;2176,695635;2822,985579
DIJ-270;56492;0;5040;1090;16,5439809;75,13325828;1107,178937;4617,799506;10485,27995;154543,232;0,110858198;0,232059604;0,591243353;0,051741025;0,108309553;0,407882704;2176,695635;2822,985579
DIJ-271;56492;9,25;5040;1090;16,5439809;75,13325828;1107,178937;4617,799506;10485,27995;154543,232;0,110858198;0,232059604;0,591243353;0,051741025;0,108309553;0,407882704;2176,695635;2822,985579
DIJ-272;59019;0;147;136;5,488085004;47,96735988;998,2932787;2126,442486;9762,233051;143841,3007;0,032810974;0,178440924;0,528826476;0,015313919;0,08328402;0,34678955;2362,239691;3116,620568
DIJ-273;58065;0;1568;316;9,944803068;58,38615246;1030,426186;4833,328282;11334,65644;147244,9198;0,08950957;0,199020495;0,549294964;0,041776946;0,092889156;0,363724859;2340,916411;3000,904316
DIJ-274;68714;0;13;16;3,572185152;28,81488407;1130,807367;545,9992851;3799,015016;184538,1469;0,008241329;0,087555124;0,468578477;0,003846489;0,040864744;0,360067627;2192,623092;2810,005969
DIJ-275;68203;9,25;752;246;7,967182799;38,14743512;1196,861432;332,6573052;4681,505698;198563,8406;0,0125324;0,110557293;0,517788279;0,005849267;0,051600584;0,40408989;2003,563268;2761,611947
DIJ-301;59580;83,1335148;42;34;2,981815936;8,32520722;55,91896078;406,824177;1085,076349;6931,894257;0,005946364;0,020896813;0,037549484;0,002775356;0,009753203;0,017525531;8762,730882;10293,02787
DIJ-302;74526;0;288;150;4,639679621;28,42945224;736,3268273;199,9208802;3138,154012;86196,56908;0,005608538;0,077001056;0,359611788;0,002617682;0,035938827;0,170312002;3085,034129;4333,253855
DIJ-303;47747;92,6309908;115;66;3,80731885;20,26941953;466,8106469;459,6827375;2166,861128;55194,4296;0,007266436;0,048012946;0,165659034;0,003391475;0,02240916;0,077318308;3932,155578;5050,243433
DIJ-304;58366;0;15768;3748;63,18634047;300,8006301;2891,055375;67483,41068;185360,0235;1765498,135;0,883420731;0,975719037;0,988667307;0,446942801;0,853377219;0,931566513;232,781748;565,7899436
DIJ-305;83528;0;988;526;9,028574047;59,31257472;1250,474199;838,0522427;4393,672022;281039,5387;0,021882085;0,097152065;0,443371798;0,010213061;0,04534394;0,224155166;2710,759656;3528,720647
DIJ-306;76144;0;493;340;2,3420003;29,27048683;986,3357545;195,797572;5542,957615;223587,4869;0,007171615;0,129139079;0,566374569;0,003347219;0,060273291;0,368777589;2084,910413;2984,707503
DIJ-307;82475;0;608;340;5,943540616;36,74041906;937,5405856;349,169091;4879,029426;220262,1818;0,009285987;0,128032118;0,480915252;0,004334064;0,059756637;0,298044759;2542,994299;3044,649154
DIJ-308;98705;55,3302138;46;38;6,668290543;61,5081549;761,3868097;597,6759641;4737,662887;139338,3733;0,007346084;0,106122379;0,361955401;0,00342865;0,049530669;0,169404483;3249,088479;3780,731565
DIJ-309;96843;18,5;20;28;11,83701631;69,24428114;879,4801829;1500,689652;7276,068283;160073,2483;0,021020743;0,145021597;0,513840889;0,009811045;0,067686164;0,266991395;2366,566842;4182,30588
DIJ-310;87414;0;326;188;3,110337863;48,69249893;938,1136717;440,9933135;8373,380248;148318,3314;0,004266947;0,187033911;0,608229456;0,001991519;0,087294639;0,452343669;1797,092507;2649,013739
DIJ-311;87414;0;326;188;3,110337863;48,69249893;938,1136717;440,9933135;8373,380248;148318,3314;0,004266947;0,187033911;0,608229456;0,001991519;0,087294639;0,452343669;1797,092507;2649,013739
DIJ-312;35945;0;2115;1126;11,71544191;73,67791084;1966,217658;727,5312782;10141,31228;436904,3968;0,029312743;0,235775172;0,628334971;0,013681184;0,110043726;0,500664562;1769,128665;2240,094378
DIJ-313;52536;0;31;28;8,529624859;35,37887052;780,381499;1945,945541;9343,851951;167755,9145;0,027415798;0,166950166;0,581991157;0,01279582;0,07792092;0,42626704;1816,675869;2878,352687
DIJ-314;45276;0;61;50;1,684570865;22,73134722;551,3532769;74,61240287;1805,284952;62448,98496;9,45E-04;0,042568249;0,226124133;4,41E-04;0,019867948;0,105539281;3432,586083;4676,87475
DIJ-315;44557;0;41;36;1,995340909;20,06671676;520,286264;138,9738281;1455,597825;55954,74541;0,002075186;0,028987066;0,201824596;9,69E-04;0,01352918;0,094197919;3632,382649;4935,948471
DIJ-316;45020;0;12;16;1,453647728;15,72041284;467,0829217;56,66195164;1035,441597;47804,93609;7,00E-04;0,023711733;0,16888636;3,27E-04;0,011067015;0,078824603;4058,475057;5253,825448
DIJ-317;45135;0;354;118;0,802027682;14,21409358;407,7400155;25,93530894;688,018183;38573,51458;0,004119038;0,018284607;0,134287648;0,001922485;0,008534004;0,06267629;4559,054321;5620,817876
DIJ-318;45135;0;354;118;0,802027682;14,21409358;407,7400155;25,93530894;688,018183;38573,51458;0,004119038;0,018284607;0,134287648;0,001922485;0,008534004;0,06267629;4559,054321;5620,817876
DIJ-319;44686;10,5;133;100;1,849016777;9,302007218;234,8258413;84,52383887;460,2594127;15241,30348;0,002209079;0,011056688;0,046682858;0,001031047;0,005160506;0,021788366;5909,831644;7234,517312
DIJ-320;66126;10,5;1021;648;14,09319633;98,01268763;1175,884174;1761,014916;15039,25477;160026,6295;0,030295624;0,363468647;0,697213936;0,014139925;0,169642308;0,462686186;1761,150955;3102,865208
DIJ-321;61173;0;1100;676;8,264770108;51,71161716;975,3130656;876,0541003;5982,952148;147411,2023;0,021507572;0,141820412;0,494821651;0,010038264;0,06619207;0,30466178;2463,903692;3204,509868
DIJ-322;51850;10,5;2877;1592;16,200454;93,46930352;1278,953693;4407,669152;33723,42105;245734,6979;0,078155719;0,611455041;0,818653785;0,036477745;0,357903595;0,694961133;1091,116371;1755,019964
DIJ-323;74373;0;480;304;7,56080147;84,23886898;1298,94847;3167,43808;20900,73965;292824,3939;0,043825845;0,47579349;0,75533625;0,020454908;0,222413881;0,549404574;1486,876354;2394,085034
DIJ-324;74373;0;480;304;7,56080147;84,23886898;1298,94847;3167,43808;20900,73965;292824,3939;0,043825845;0,47579349;0,75533625;0,020454908;0,222413881;0,549404574;1486,876354;2394,085034
DIJ-325;89696;9,25;85;58;14,55066778;100,3415232;1403,80996;7969,100053;37281,00131;392954,8168;0,109014914;0,524193426;0,777926031;0,050880706;0,317920692;0,681652025;1193,054974;1506,297714
DIJ-326;85492;0;323;166;18,77892301;83,40840812;1426,280599;2052,320544;36856,09032;401950,0359;0,028616251;0,477949995;0,75634276;0,013356109;0,385381432;0,713138084;938,5377314;1203,893071
DIJ-327;85027;9,25;203;118;10,07249237;68,41524242;1337,851186;873,2689331;24580,53061;371912,1445;0,013493904;0,353641081;0,698323859;0,006298032;0,258219101;0,653787405;1158,65148;1382,00682
DIJ-328;58366;0;15768;3748;63,18634047;300,8006301;2891,055375;67483,41068;185360,0235;1765498,135;0,883420731;0,975719037;0,988667307;0,446942801;0,853377219;0,931566513;232,781748;565,7899436
DIJ-329;58367;0;12538;4142;59,64553146;282,5146718;2890,73539;47092,26721;149056,7393;1668744,226;0,700366642;0,937592793;0,970872584;0,335284646;0,795230434;0,90442757;258,3269524;702,236118
DIJ-330;58367;0;12538;4142;59,64553146;282,5146718;2890,73539;47092,26721;149056,7393;1668744,226;0,700366642;0,937592793;0,970872584;0,335284646;0,795230434;0,90442757;258,3269524;702,236118
DIJ-331;63138;0;915;564;24,1875386;145,0316812;2503,947005;6880,53262;40416,5298;1125159,532;0,086163159;0,58379155;0,805742359;0,04021507;0,359090492;0,700867272;1092,198684;1415,014916
DIJ-332;72422;9,25;14;24;19,19593752;170,9461259;2720,93701;7467,757358;52225,10742;997764,9757;0,080885715;0,669707144;0,845841883;0,03775192;0,4818866;0,758180097;818,7219242;1256,628566
DIJ-333;83939;0;455;318;22,21605288;136,8493688;2570,374527;21457,58455;128473,2337;1323573,052;0,267299238;0,76454393;0,890105209;0,124757004;0,652970846;0,838030524;653,6336138;754,7168762
DIJ-334;84185;0;17438;1532;37,91747913;182,7712874;2780,660225;24005,29621;159506,5903;1453849,282;0,444509468;0,849556905;0,929783452;0,207466621;0,739046122;0,878204576;494,6289914;649,2904682
DIJ-335;85434;0;33859;3368;32,11017635;211,5778253;2675,386331;75811,97872;168599,8702;1209408,156;0,980616757;0,995962886;0,998115751;0,587973023;0,913321628;0,959544464;94,8284272;372,4802336
DIJ-336;85436;0;6840;2230;28,1802113;200,1935795;2635,043277;78669,43739;176066,9823;1207053,296;0,862159405;0,971290758;0,986600489;0,460834132;0,869514188;0,939098147;209,284272;474,4680392
DIJ-337;64756;0;83;76;15,88347058;159,3868378;2450,023176;34603,4919;156151,0954;1715631,003;0,372637867;0,859499014;0,934423748;0,173921873;0,738788483;0,878084327;381,4091656;681,837672
DIJ-338;64723;0;17016;1646;43,82419569;222,0607068;2653,321225;42526,11856;181205,7034;1816055,68;0,643472363;0,925742934;0,96534188;0,314086319;0,816857737;0,914521716;271,3380976;568,5828368
DIJ-339;82251;13,0814758;12;16;5,721129302;55,38008098;991,5369151;321,1409564;3459,834088;137586,7684;0,003762692;0,077498885;0,373283916;0,001756167;0,03617118;0,177309235;3055,642106;4105,67669
DIJ-339B;82181;0;87;82;7,580266792;61,85080415;1019,256993;380,8048491;3817,132565;141257,1423;0,005252054;0,087751903;0,390112699;0,0024513;0,040956587;0,186520974;3002,686262;4050,166396
DIJ-340;91589;30,5814758;68;46;10,95369308;66,60958845;918,659405;1150,387558;6367,106148;83543,08358;0,015260885;0,137103915;0,42683492;0,007122738;0,063990731;0,201539885;3003,689736;4310,933099
DIJ-341;99623;46,25;154;80;8,710251238;50,38251011;590,2846042;823,8442754;4433,16323;56135,11091;0,012008506;0,092159549;0,370066046;0,005604749;0,043013775;0,172721522;3611,340265;5603,566911
DIJ-342;99534;9,25;46;54;7,451400173;24,76389699;242,6729239;565,6399185;1314,480794;16458,54081;0,008148022;0,022469009;0,064310687;0,003802939;0,010486997;0,030015831;5975,686786;8217,250451
DIJ-343;24767;0;155;130;4,95932832;48,4100999;947,2617984;422,8226613;5319,432564;93376,60961;0,004279615;0,126205769;0,401981773;0,001997431;0,058904222;0,189910545;3125,390844;4087,211799
DIJ-344;23434;0;186;154;9,168605801;66,17952914;1586,283602;580,5071173;6137,680338;185297,4454;0,00941012;0,139599852;0,543742915;0,004392;0,065155664;0,398577585;2101,192062;2815,360061
DIJ-345;39828;0;15;20;5,205386303;47,16187566;926,729598;378,2612231;5775,374153;125640,7579;0,003552187;0,128157508;0,534770524;0,001657918;0,05981516;0,310748136;2266,499673;3635,903266
DIJ-346;32750;10,5;32;40;2,611484496;43,85572662;1530,012361;220,7058404;7439,916878;250145,8279;0,001743743;0,191191308;0,591708849;8,14E-04;0,089235028;0,43104041;1992,596179;2609,29224
DIJ-347;28601;50,5;397;246;15,3182646;63,34737014;802,1958723;1961,261455;9270,500096;86996,22639;0,025294112;0,195531218;0,442310571;0,011805562;0,091260601;0,207214161;3159,742186;4348,908611
DIJ-348;39947;0;400;298;11,1640624;47,03077116;578,1922318;913,6463849;3764,246477;51922,12224;0,016345158;0,084512789;0,338249238;0,007628802;0,03944479;0,157871612;3905,582708;5694,08058
DIJ-349;16708;0;2030;1136;39,31523719;185,7308225;2124,813176;18583,41187;41458,21412;254316,6696;0,244979599;0,669532553;0,845760395;0,114339723;0,335999418;0,663069087;1154,025438;2126,424181
DIJ-350;40913;37,8302138;861;482;10,88269554;66,58514487;958,6462249;734,9229111;7622,483686;129462,5598;0,015743803;0,183102355;0,569507956;0,00734813;0,085459657;0,331439349;2293,125616;3472,74956
DIJ-351;47438;0;1377;798;24,41234291;124,7658723;1640,768608;2685,09959;29488,45903;367782,8077;0,045906591;0,53143644;0,781306574;0,021426057;0,352242976;0,697538871;967,0422548;1572,568217
DIJ-352;35792;0;5897;2030;27,73120442;167,2899458;2591,840541;8420,134648;53885,28888;673358,5722;0,136298209;0,718300288;0,868521839;0,063614683;0,519306565;0,775645178;703,8813026;1227,04173
DIJ-353;35792;0;5897;2030;27,73120442;167,2899458;2591,840541;8420,134648;53885,28888;673358,5722;0,136298209;0,718300288;0,868521839;0,063614683;0,519306565;0,775645178;703,8813026;1227,04173
DIJ-354;27021;0;483;180;12,67319194;107,0711977;2321,377787;5000,231743;55135,42533;1055732,373;0,040442067;0,678815267;0,850092932;0,018875591;0,535531173;0,783217715;756,5117688;1138,592082
DIJ-357;17289;30,5814758;97;116;10,75786858;98,32367339;1398,318653;2131,70294;13593,36812;148365,8143;0,022790362;0,288906313;0,668110097;0,010636983;0,138314222;0,519713358;1441,870781;2622,05927
DIJ-358;82001;0;263;194;8,623523559;49,19767464;1107,121852;512,4997392;4400,862938;241306,0425;0,007609528;0,097371918;0,429012414;0,003551607;0,045446552;0,315677712;2436,435227;2773,954568
DIJ-359;97498;0;768;350;6,299543471;44,56867413;652,4630477;662,5999071;5521,698868;62648,26547;0,015251097;0,130440478;0,397987403;0,007118169;0,060880695;0,185778599;3301,024785;5131,900713
DIJ-360;10646;0;27;28;14,39382864;112,1729208;1562,33584;3218,559644;18305,81904;193657,6584;0,039542541;0,375700575;0,708619723;0,018455754;0,175352254;0,530153913;1545,611323;2701,760606
DIJ-361;60735;0;176;138;1,439234123;6,503547473;284,2424912;436,3072431;851,4574293;38630,33713;0,006829931;0,012598524;0,103182718;0,003187745;0,00588013;0,048158636;4510,758577;5628,578779
DIJ-362;66456;0;465;234;3,24257276;18,86752412;327,1698031;201,4535194;1396,450167;48819,33136;0,007674986;0,030829293;0,135149628;0,003582158;0,014389006;0,063078604;4144,847936;5410,53013
DIJ-363;60395;0;93;70;2,390606691;11,60163893;354,9808572;424,4456545;2099,652595;51317,08901;0,007439843;0,039898271;0,186056595;0,00347241;0,018621784;0,086838495;4278,278541;5375,345185
DIJ-368;87917;10,5;43;60;5,373005828;42,54717581;887,4253734;812,6940303;5446,402299;136750,8353;0,009390836;0,097022726;0,520906729;0,004383;0,045283573;0,369498015;2056,198159;2864,607948
DIJ-372;59960;30,5;46;32;0,026900964;1,579361159;57,67293515;0,454778984;72,81814517;6383,98561;5,14E-04;0,001989917;0,019049464;2,40E-04;9,29E-04;0,008890987;7712,902059;9114,87482
DIJ-373;59476;0;93;62;0,950985646;1,914474215;44,40312229;19,62168944;135,6061872;5462,294838;0,00115558;0,003639482;0,015242016;5,39E-04;0,001698661;0,007113931;7992,650797;9221,756647
DIJ-376;62746;0;170;124;6,170578674;83,57874382;1105,625785;1681,732956;19433,97408;172619,0203;0,007380129;0,440119428;0,738686038;0,003444539;0,20792486;0,568010999;1432,027635;2429,115619
DIJ-377;65557;13,0814758;22;28;12,31959889;103,4851097;1071,070212;2568,55662;18022,105;162579,1252;0,026750213;0,39266519;0,716537645;0,01248517;0,184883827;0,552810922;1469,191112;2484,599852
DIJ-378;65556;0;393;290;14,78279757;112,1170747;1089,592282;2865,888673;19213,85642;164805,7195;0,03313279;0,416320145;0,72757816;0,01546412;0,197264701;0,563579822;1409,7728;2455,510492
DIJ-379;123407;0;3986;1184;10,12738625;53,70843338;332,4149521;1045,673766;11153,41469;64073,99582;0,051329922;0,321133492;0,58826219;0,023957297;0,149883153;0,283095028;2860,420707;8508,468247
DIJ-380;123407;0;3986;1184;10,12738625;53,70843338;332,4149521;1045,673766;11153,41469;64073,99582;0,051329922;0,321133492;0,58826219;0,023957297;0,149883153;0,283095028;2860,420707;8508,468247
DIJ-381;123721;0;58;38;2,207220203;32,46995905;312,4396937;1027,722514;10765,37471;65397,3176;0,006091553;0,269426491;0,559715813;0,00284312;0,125749861;0,269154384;2946,266475;8394,041839
DIJ-382;65899;0;1200;674;10,04944214;92,3041462;1444,523665;1080,606905;12818,5339;254512,4607;0,021462433;0,261351876;0,65524957;0,010017196;0,124026404;0,545813065;1476,675245;2314,376878
DIJ-383;63694;10,5;110;64;0,347854193;10,56426194;182,1366553;53,14770381;1511,514574;24164,16574;0,0012297;0,039816618;0,12873283;5,74E-04;0,018583674;0,060083681;5463,239008;6933,266347
DIJ-384;35933;9,25;1404;666;18,26225493;102,3541551;1303,281107;2337,570458;15096,77958;180297,971;0,043948492;0,35323823;0,698135836;0,020512151;0,164921569;0,530066572;1535,86311;2441,672493
DIJ-385;55371;0;203;118;0,783568066;1,898726115;17,81469963;9,862027197;30,93263676;1844,227106;0,002436418;0,002689664;0,007611509;0,001137153;0,001255351;0,003552532;10228,03452;11936,87322
DIJ-386;55423;272,2325448;14;16;0,542303795;1,615945499;16,84104137;85,04458383;171,6896052;1862,330188;0,001572723;0,002479603;0,007055655;7,34E-04;0,001157309;0,003293097;10289,85293;12057,63605
DIJ-387;112817;0;564;380;6,077975301;66,9218996;739,2833123;1737,131021;14002,4471;250264,8366;0,02665063;0,303604681;0,663225466;0,012438691;0,141701902;0,525101038;1777,884975;2201,210452
