id_nestbox;id_patch;cost_to_patch;patch_area;perim;pmF_d1_beta0;pmF_d2_beta0;pmF_d3_beta0;pmF_d1_beta1;pmF_d2_beta1;pmF_d3_beta1;pmRr_d1_capa1;pmRr_d2_capa1;pmRr_d3_capa1;pmRr_d1_capa2;pmRr_d2_capa2;pmRr_d3_capa2;pmDr_capa1;pmDr_capa2
DIJ-001;32923;0;2974;800;23,401453;173,3980319;1032,982469;5495,9157;19184,06032;100894,9166;0,117812587;0,271995152;0,678508087;0,054588439;0,126028901;0,43442911;2440,08346;3767,163249
DIJ-002;32923;0;2974;800;23,401453;173,3980319;1032,982469;5495,9157;19184,06032;100894,9166;0,117812587;0,271995152;0,678508087;0,054588439;0,126028901;0,43442911;2440,08346;3767,163249
DIJ-003;32328;0;1373;366;24,66556233;175,3509948;1016,014164;8423,703692;20948,38423;99597,83996;0,131841141;0,277387692;0,676237081;0,061088567;0,128527533;0,426679482;2468,799188;3824,876552
DIJ-004;32328;0;1373;366;24,66556233;175,3509948;1016,014164;8423,703692;20948,38423;99597,83996;0,131841141;0,277387692;0,676237081;0,061088567;0,128527533;0,426679482;2468,799188;3824,876552
DIJ-005;31461;0;4824;1356;31,3005729;197,1579864;1076,822695;4744,672954;18671,00338;101814,3874;0,128724646;0,298515755;0,692216822;0,05964454;0,138317217;0,444350327;2466,737167;3731,081134
DIJ-006;31461;0;4824;1356;31,3005729;197,1579864;1076,822695;4744,672954;18671,00338;101814,3874;0,128724646;0,298515755;0,692216822;0,05964454;0,138317217;0,444350327;2466,737167;3731,081134
DIJ-007;31461;0;4824;1356;31,3005729;197,1579864;1076,822695;4744,672954;18671,00338;101814,3874;0,128724646;0,298515755;0,692216822;0,05964454;0,138317217;0,444350327;2466,737167;3731,081134
DIJ-008;31461;26,3137088;4824;1356;31,3005729;197,1579864;1076,822695;4744,672954;18671,00338;101814,3874;0,128724646;0,298515755;0,692216822;0,05964454;0,138317217;0,444350327;2466,737167;3731,081134
DIJ-009;32672;0;259;126;15,29094425;162,1594775;1002,654456;6859,856881;20163,26696;100520,7231;0,094972653;0,253459426;0,664232628;0,04400556;0,117440376;0,420912539;2511,031832;3871,369306
DIJ-010;32709;0;1580;474;13,80802172;166,3206794;1064,680752;5565,802376;20618,57096;105568,2478;0,091565378;0,272115719;0,701420537;0,0424268;0,126084766;0,496545516;2195,589756;3309,668693
DIJ-011;32147;0;228;138;9,257473598;154,0606463;1041,951217;2560,855678;20564,45207;105651,3854;0,017941804;0,273725215;0,693097011;0,008313331;0,126830525;0,488303579;2358,224844;3305,986826
DIJ-012;30871;0;4013;1158;18,85915039;185,9413931;1125,40115;3367,65316;19558,11623;108482,6568;0,091024775;0,292316362;0,715459953;0,042176312;0,135444729;0,51633877;2101,065367;3193,816926
DIJ-012B;32657;6,75;544;210;8,479160551;153,4432313;1043,375729;2393,882875;20324,61846;105355,2791;0,020241546;0,272718641;0,693242591;0,009378917;0,126364129;0,487517042;2328,816728;3303,894418
DIJ-013;30871;0;4013;1158;18,85915039;185,9413931;1125,40115;3367,65316;19558,11623;108482,6568;0,091024775;0,292316362;0,715459953;0,042176312;0,135444729;0,51633877;2101,065367;3193,816926
DIJ-014;30871;0;4013;1158;18,85915039;185,9413931;1125,40115;3367,65316;19558,11623;108482,6568;0,091024775;0,292316362;0,715459953;0,042176312;0,135444729;0,51633877;2101,065367;3193,816926
DIJ-015;30871;0;4013;1158;18,85915039;185,9413931;1125,40115;3367,65316;19558,11623;108482,6568;0,091024775;0,292316362;0,715459953;0,042176312;0,135444729;0,51633877;2101,065367;3193,816926
DIJ-016;78690;0;1215;352;20,78938771;273,5686269;1406,290336;2877,004535;50753,84035;291915,9404;0,042018501;0,454999153;0,802869929;0,019469264;0,230794116;0,699482768;1224,611323;1951,346392
DIJ-016B;55529;0;8146;1222;25,38414998;105,5009113;821,0923978;10231,48106;32293,06301;164250,6897;0,238216599;0,460185244;0,798168679;0,110377615;0,213226743;0,629835996;1701,898644;2529,910413
DIJ-017;78690;6,75;1215;352;20,78938771;273,5686269;1406,290336;2877,004535;50753,84035;291915,9404;0,042018501;0,454999153;0,802869929;0,019469264;0,230794116;0,699482768;1224,611323;1951,346392
DIJ-018;79363;22,0459418;423;126;23,96339119;282,2204686;1422,480402;4085,694099;53637,21004;296533,9339;0,04407644;0,475399802;0,810248966;0,02042281;0,243135044;0,705856545;1178,62909;1918,421132
DIJ-019;78503;31,75;914;230;23,88406656;290,3811514;1444,129354;3853,449906;55421,07409;299954,435;0,042568608;0,505380023;0,821092992;0,019724156;0,260419084;0,714868301;1131,365109;1903,843344
DIJ-020;78743;128;13;16;7,298276198;214,863914;1335,123661;1753,892387;51263,22113;291100,0942;3,57E-04;0,441766904;0,798083745;1,65E-04;0,210678898;0,68835993;1313,858062;1935,971286
DIJ-020B;54608;0;6606;1732;43,04503334;414,0031402;1653,214234;12007,07893;85734,49927;270076,1178;0,211928684;0,749022308;0,909219866;0,098197114;0,508633625;0,822269839;749,1528556;1353,192487
DIJ-021;79418;6,75;25;30;21,09842419;216,2153909;1260,605126;1020,420462;36356,92083;263450,3594;0,003888024;0,344833563;0,763022375;0,001801515;0,163015613;0,656075572;1360,223498;2132,701732
DIJ-021B;54608;0;6606;1732;43,04503334;414,0031402;1653,214234;12007,07893;85734,49927;270076,1178;0,211928684;0,749022308;0,909219866;0,098197114;0,508633625;0,822269839;749,1528556;1353,192487
DIJ-022;80134;0;13;16;18,67129419;240,3672964;1339,309567;1966,810539;45949,9286;285256,6129;0,020905584;0,374234315;0,773656803;0,009686598;0,180736702;0,675779918;1337,878878;1981,411888
DIJ-022B;55189;0;148;74;12,35423119;293,1898052;1440,8044;3897,696208;69286,20509;248040,0947;0,015079907;0,60337009;0,856536586;0,006987272;0,367014005;0,770882372;894,6732456;1540,282896
DIJ-023;76394;19,25;2835;1034;42,40546609;345,5304549;1589,016823;9275,210482;77714,01064;337243,0462;0,130606393;0,665631197;0,879056801;0,060516447;0,358556513;0,765209299;974,2879442;1646,607849
DIJ-023B;54597;0;4492;846;25,83523236;367,0778641;1579,35878;12437,29946;89675,84101;277278,8617;0,193606802;0,706843616;0,89396358;0,089707674;0,528019454;0,829281809;749,248837;1141,283322
DIJ-024;78834;57,4012818;20;22;21,67604085;259,1098322;1404,003558;3154,617188;58228,90582;300494,5507;0,0212232;0,500100254;0,819183267;0,009833765;0,246385227;0,708114832;1169,232119;1851,141384
DIJ-024B;53066;0;3516;1178;32,72656703;367,4539923;1584,511022;16611,14664;97664,38532;285318,7073;0,257978393;0,73953991;0,905790025;0,119534238;0,564594456;0,842511207;762,2416906;1094,104177
DIJ-025;70140;0;2728;646;14,52073494;99,25063701;951,5406875;1066,654247;8594,452026;141423,3729;0,050631425;0,118341248;0,54803635;0,023460061;0,054833394;0,418998392;2588,699832;3089,111521
DIJ-026;70140;0;2728;646;14,52073494;99,25063701;951,5406875;1066,654247;8594,452026;141423,3729;0,050631425;0,118341248;0,54803635;0,023460061;0,054833394;0,418998392;2588,699832;3089,111521
DIJ-027;61794;0;5142;1030;27,76924444;365,447767;1543,11476;5871,011416;57812,56538;216642,5867;0,110723134;0,667953953;0,879896956;0,051303543;0,372037571;0,762766351;843,6584282;1841,217401
DIJ-028;61794;45,5;5142;1030;27,76924444;365,447767;1543,11476;5871,011416;57812,56538;216642,5867;0,110723134;0,667953953;0,879896956;0,051303543;0,372037571;0,762766351;843,6584282;1841,217401
DIJ-029;61794;0;5142;1030;27,76924444;365,447767;1543,11476;5871,011416;57812,56538;216642,5867;0,110723134;0,667953953;0,879896956;0,051303543;0,372037571;0,762766351;843,6584282;1841,217401
DIJ-030;61794;0;5142;1030;27,76924444;365,447767;1543,11476;5871,011416;57812,56538;216642,5867;0,110723134;0,667953953;0,879896956;0,051303543;0,372037571;0,762766351;843,6584282;1841,217401
DIJ-031;59361;0;2552;322;15,34563296;310,6735429;1470,717163;5767,472374;53685,25179;217007,2258;0,105808879;0,526158223;0,828608591;0,049026524;0,279228567;0,731467691;1186,35439;1770,646857
DIJ-032;59361;0;2552;322;15,34563296;310,6735429;1470,717163;5767,472374;53685,25179;217007,2258;0,105808879;0,526158223;0,828608591;0,049026524;0,279228567;0,731467691;1186,35439;1770,646857
DIJ-033;59361;0;2552;322;15,34563296;310,6735429;1470,717163;5767,472374;53685,25179;217007,2258;0,105808879;0,526158223;0,828608591;0,049026524;0,279228567;0,731467691;1186,35439;1770,646857
DIJ-034;44848;0;1117;526;17,73267026;177,327754;1033,811617;1696,698172;22625,97654;152392,5021;0,031845574;0,239353956;0,709540369;0,014755641;0,110904609;0,574416204;1813,219074;2604,082085
DIJ-035;45701;0;939;410;24,85369273;180,1929031;1012,357924;2243,17319;22860,75361;150186,1393;0,036652703;0,250705363;0,710722449;0,016983023;0,116164281;0,569389782;1844,264179;2654,488202
DIJ-036;39429;0;1996;530;10,41857225;193,900947;1128,470325;923,9833932;22182,91117;142588,0406;0,033146131;0,241261302;0,718113581;0,015358253;0,111788378;0,581220656;1703,936177;2827,28152
DIJ-037;39429;0;1996;530;10,41857225;193,900947;1128,470325;923,9833932;22182,91117;142588,0406;0,033146131;0,241261302;0,718113581;0,015358253;0,111788378;0,581220656;1703,936177;2827,28152
DIJ-038;39429;0;1996;530;10,41857225;193,900947;1128,470325;923,9833932;22182,91117;142588,0406;0,033146131;0,241261302;0,718113581;0,015358253;0,111788378;0,581220656;1703,936177;2827,28152
DIJ-039;39429;0;1996;530;10,41857225;193,900947;1128,470325;923,9833932;22182,91117;142588,0406;0,033146131;0,241261302;0,718113581;0,015358253;0,111788378;0,581220656;1703,936177;2827,28152
DIJ-040;67429;0;5251;1220;11,35802214;122,1336523;976,110804;1824,305041;24161,79873;165021,9442;0,084604576;0,344999234;0,76083483;0,039201514;0,159855328;0,590933885;1670,025012;2728,577987
DIJ-041;67429;0;5251;1220;11,35802214;122,1336523;976,110804;1824,305041;24161,79873;165021,9442;0,084604576;0,344999234;0,76083483;0,039201514;0,159855328;0,590933885;1670,025012;2728,577987
DIJ-042;67429;0;5251;1220;11,35802214;122,1336523;976,110804;1824,305041;24161,79873;165021,9442;0,084604576;0,344999234;0,76083483;0,039201514;0,159855328;0,590933885;1670,025012;2728,577987
DIJ-043;67429;0;5251;1220;11,35802214;122,1336523;976,110804;1824,305041;24161,79873;165021,9442;0,084604576;0,344999234;0,76083483;0,039201514;0,159855328;0,590933885;1670,025012;2728,577987
DIJ-044;66285;0;1333;320;9,00449924;118,9401932;1029,755632;4862,547228;30598,82928;183830,0443;0,072789845;0,35583946;0,761713749;0,033727161;0,164878145;0,617434946;1747,039404;2490,757231
DIJ-045;66285;0;1333;320;9,00449924;118,9401932;1029,755632;4862,547228;30598,82928;183830,0443;0,072789845;0,35583946;0,761713749;0,033727161;0,164878145;0,617434946;1747,039404;2490,757231
DIJ-046;66081;0;2259;586;13,81453688;125,3908258;1059,999297;5011,921465;31675,9863;188116,2476;0,092618644;0,363218396;0,767283505;0,042914831;0,168297173;0,628575233;1628,177967;2371,895793
DIJ-047;66197;0;272;104;13,2040406;122,5231084;1056,778442;6024,731237;32924,14559;190575,5366;0,083853885;0,348907065;0,762027194;0,038853681;0,161666021;0,62700746;1584,911462;2343,629288
DIJ-048;65101;0;1564;456;15,02842472;130,0558342;1085,881075;4411,453729;33346,84418;194090,6914;0,079694348;0,362812405;0,769455446;0,03692636;0,168109058;0,636705441;1509,920083;2268,63791
DIJ-049;65071;0;783;314;11,3865344;124,3146914;1056,258299;3323,133557;31229,05436;186998,5921;0,048609053;0,332495434;0,756364028;0,022522995;0,154061695;0,621521986;1602,290142;2360,215075
DIJ-050;67228;0;1077;280;16,75569735;139,5640876;979,1890461;4386,254916;25105,67142;156609,0316;0,068781009;0,295006079;0,720555079;0,031869667;0,136691009;0,571118062;1921,531832;2661,279095
DIJ-051;68207;0;3174;632;22,21761557;144,9707601;982,8677752;2800,517127;23170,47869;153299,8271;0,072526457;0,304232843;0,721501512;0,03360512;0,140966229;0,568165667;1956,600901;2740,541503
DIJ-052;68207;0;3174;632;22,21761557;144,9707601;982,8677752;2800,517127;23170,47869;153299,8271;0,072526457;0,304232843;0,721501512;0,03360512;0,140966229;0,568165667;1956,600901;2740,541503
DIJ-053;68207;6,75;3174;632;22,21761557;144,9707601;982,8677752;2800,517127;23170,47869;153299,8271;0,072526457;0,304232843;0,721501512;0,03360512;0,140966229;0,568165667;1956,600901;2740,541503
DIJ-054;72040;0;137;66;1,398732386;60,5840845;676,412007;153,6493624;10880,90851;105675,8179;0,002498116;0,099259816;0,592275729;0,001157502;0,045992017;0,429456314;2468,342393;3377,921855
DIJ-055;53332;0;1395;412;10,90109708;67,24277104;449,3046334;10601,01897;17124,73395;75356,53641;0,168338466;0,240521607;0,546260458;0,077999595;0,11144564;0,306431052;3348,53688;4314,917728
DIJ-056;52158;22,0459418;9886;1782;13,16048713;75,24777561;494,5502845;3935,540925;9990,801791;74159,85893;0,187797136;0,255356616;0,574085208;0,087015766;0,118319438;0,334453633;3210,52236;4151,746907
DIJ-057;52158;0;9886;1782;13,16048713;75,24777561;494,5502845;3935,540925;9990,801791;74159,85893;0,187797136;0,255356616;0,574085208;0,087015766;0,118319438;0,334453633;3210,52236;4151,746907
DIJ-058;52158;0;9886;1782;13,16048713;75,24777561;494,5502845;3935,540925;9990,801791;74159,85893;0,187797136;0,255356616;0,574085208;0,087015766;0,118319438;0,334453633;3210,52236;4151,746907
DIJ-059;52158;0;9886;1782;13,16048713;75,24777561;494,5502845;3935,540925;9990,801791;74159,85893;0,187797136;0,255356616;0,574085208;0,087015766;0,118319438;0,334453633;3210,52236;4151,746907
DIJ-060;52158;0;9886;1782;13,16048713;75,24777561;494,5502845;3935,540925;9990,801791;74159,85893;0,187797136;0,255356616;0,574085208;0,087015766;0,118319438;0,334453633;3210,52236;4151,746907
DIJ-061;52158;0;9886;1782;13,16048713;75,24777561;494,5502845;3935,540925;9990,801791;74159,85893;0,187797136;0,255356616;0,574085208;0,087015766;0,118319438;0,334453633;3210,52236;4151,746907
DIJ-062;52158;0;9886;1782;13,16048713;75,24777561;494,5502845;3935,540925;9990,801791;74159,85893;0,187797136;0,255356616;0,574085208;0,087015766;0,118319438;0,334453633;3210,52236;4151,746907
DIJ-063;52158;0;9886;1782;13,16048713;75,24777561;494,5502845;3935,540925;9990,801791;74159,85893;0,187797136;0,255356616;0,574085208;0,087015766;0,118319438;0,334453633;3210,52236;4151,746907
DIJ-064;53332;0;1395;412;10,90109708;67,24277104;449,3046334;10601,01897;17124,73395;75356,53641;0,168338466;0,240521607;0,546260458;0,077999595;0,11144564;0,306431052;3348,53688;4314,917728
DIJ-065;55422;0;2391;684;5,901551107;31,30225106;224,4422697;905,6014585;3544,67645;39244,43485;0,044389482;0,071942207;0,378848477;0,020567858;0,033334408;0,17708563;3812,374552;5233,981778
DIJ-066;55422;0;2391;684;5,901551107;31,30225106;224,4422697;905,6014585;3544,67645;39244,43485;0,044389482;0,071942207;0,378848477;0,020567858;0,033334408;0,17708563;3812,374552;5233,981778
DIJ-067;55422;0;2391;684;5,901551107;31,30225106;224,4422697;905,6014585;3544,67645;39244,43485;0,044389482;0,071942207;0,378848477;0,020567858;0,033334408;0,17708563;3812,374552;5233,981778
DIJ-068;62038;27,2236118;1262;642;12,18395963;57,17124339;269,2655562;1108,911057;6250,851833;33922,44322;0,031926293;0,102538622;0,335846483;0,014793042;0,047511251;0,155657573;4154,610245;5318,442869
DIJ-069;62038;278;1262;642;12,18395963;57,17124339;269,2655562;1108,911057;6250,851833;33922,44322;0,031926293;0,102538622;0,335846483;0,014793042;0,047511251;0,155657573;4154,610245;5318,442869
DIJ-070;62497;0;604;224;1,587452932;39,75498238;231,3458237;124,2022415;5067,093254;29998,50626;0,008305624;0,075904104;0,322603904;0,003848409;0,035170152;0,149478456;4381,127289;5646,644502
DIJ-071;63791;0;1163;288;5,094931118;51,98764788;272,5766621;602,6679786;5642,289735;36299,98497;0,022374806;0,082142483;0,382534285;0,010367362;0,038060704;0,177321002;4149,941621;5418,428774
DIJ-072;55922;0;1583;322;18,18837057;329,2165661;1544,972644;4128,491288;64020,82684;244448,8954;0,046442459;0,572830215;0,84549013;0,021519105;0,329597876;0,757135995;970,5442542;1542,633614
DIJ-073;56222;0;871;208;15,99486693;324,3568602;1533,286465;4419,154566;64417,1782;244669,0065;0,041880251;0,565498031;0,842838035;0,019405206;0,328814283;0,756661564;977,9554192;1558,067168
DIJ-074;55966;0;249;92;13,50146632;315,7743687;1517,630186;4392,26018;64386,28752;244907,6678;0,031648231;0,560392214;0,84099123;0,014664202;0,328648449;0,756159829;1010,663575;1594,870157
DIJ-075;55922;0;1583;322;18,18837057;329,2165661;1544,972644;4128,491288;64020,82684;244448,8954;0,046442459;0,572830215;0,84549013;0,021519105;0,329597876;0,757135995;970,5442542;1542,633614
DIJ-076;54608;0;6606;1732;43,04503334;414,0031402;1653,214234;12007,07893;85734,49927;270076,1178;0,211928684;0,749022308;0,909219866;0,098197114;0,508633625;0,822269839;749,1528556;1353,192487
DIJ-077;55425;0;1181;330;16,4239956;342,4517157;1562,905733;7764,304137;72574,21728;255007,5276;0,094109165;0,632016242;0,86689807;0,043605463;0,395327977;0,781204823;946,939226;1531,696061
DIJ-078;55425;0;1181;330;16,4239956;342,4517157;1562,905733;7764,304137;72574,21728;255007,5276;0,094109165;0,632016242;0,86689807;0,043605463;0,395327977;0,781204823;946,939226;1531,696061
DIJ-079;55498;0;854;230;10,71186944;283,5153074;1458,100767;2926,296513;56439,09292;234187,1;0,026359242;0,510551996;0,822963725;0,01221355;0,282077955;0,737829948;1106,777749;1650,004197
DIJ-080;50165;0;337;130;10,9236634;60,02233457;331,4648778;683,0082413;4729,317101;28116,79112;0,012400041;0,057016841;0,314073844;0,005745556;0,026418742;0,145526054;4285,929952;5766,795259
DIJ-081;50360;0;1418;354;6,672042471;56,7137282;362,5382157;300,6752607;4171,723839;31186,63992;0,021786903;0,06247777;0,338313574;0,010094957;0,028949062;0,158670169;3936,339018;5559,376324
DIJ-082;49824;0;1194;274;3,824116139;55,08577582;311,8284455;118,461608;3474,448228;24182,80485;0,017092852;0,050445326;0,305577073;0,00791997;0,023373832;0,141589078;4690,541374;6164,910611
DIJ-083;51534;0;791;222;19,60656039;72,0176933;272,6612688;2316,26053;6517,857521;24583,20104;0,043304657;0,095170189;0,295468556;0,020065204;0,044097089;0,136905298;4520,732614;6542,435297
DIJ-084;51210;0;103;58;10,46801609;66,86011914;271,538487;1152,881299;6174,082836;24315,89899;0,012164247;0,080192364;0,290765743;0,005636302;0,037157116;0,134726251;4745,408809;6480,512986
DIJ-085;51477;15,5;109;58;10,3838702;62,45459546;257,6916201;1225,610114;5937,083899;23412,27489;0,013812166;0,076490406;0,276325628;0,006399864;0,035441815;0,128035426;4714,071761;6574,132406
DIJ-086;56871;0;5270;1004;24,84446689;117,463647;886,459119;13930,73734;39970,55256;180536,1429;0,262060584;0,507052826;0,820039443;0,121425721;0,234942828;0,661906721;1689,771226;2368,917658
DIJ-087;56871;0;5270;1004;24,84446689;117,463647;886,459119;13930,73734;39970,55256;180536,1429;0,262060584;0,507052826;0,820039443;0,121425721;0,234942828;0,661906721;1689,771226;2368,917658
DIJ-088;55529;0;8146;1222;25,38414998;105,5009113;821,0923978;10231,48106;32293,06301;164250,6897;0,238216599;0,460185244;0,798168679;0,110377615;0,213226743;0,629835996;1701,898644;2529,910413
DIJ-089;55529;0;8146;1222;25,38414998;105,5009113;821,0923978;10231,48106;32293,06301;164250,6897;0,238216599;0,460185244;0,798168679;0,110377615;0,213226743;0,629835996;1701,898644;2529,910413
DIJ-090;55529;0;8146;1222;25,38414998;105,5009113;821,0923978;10231,48106;32293,06301;164250,6897;0,238216599;0,460185244;0,798168679;0,110377615;0,213226743;0,629835996;1701,898644;2529,910413
DIJ-091;55733;6,75;24;24;16,2563194;91,12915949;762,3563847;12710,21853;35786,45398;161063,2184;0,162106793;0,410561515;0,773571871;0,075112151;0,190233598;0,603437437;1819,973285;2643,368257
DIJ-092;55529;0;8146;1222;25,38414998;105,5009113;821,0923978;10231,48106;32293,06301;164250,6897;0,238216599;0,460185244;0,798168679;0,110377615;0,213226743;0,629835996;1701,898644;2529,910413
DIJ-093;56871;0;5270;1004;24,84446689;117,463647;886,459119;13930,73734;39970,55256;180536,1429;0,262060584;0,507052826;0,820039443;0,121425721;0,234942828;0,661906721;1689,771226;2368,917658
DIJ-094;56871;0;5270;1004;24,84446689;117,463647;886,459119;13930,73734;39970,55256;180536,1429;0,262060584;0,507052826;0,820039443;0,121425721;0,234942828;0,661906721;1689,771226;2368,917658
DIJ-095;57649;0;422;240;10,64114014;90,70002051;756,4424374;11156,82691;36368,11229;159387,9866;0,165897086;0,43136464;0,779616425;0,076868382;0,199872722;0,607445429;1930,746838;2620,753034
DIJ-096;56631;0;9162;1806;19,93588699;106,2964691;819,3732034;7876,650829;32120,95306;162008,5939;0,230469756;0,478930145;0,804049596;0,106788117;0,221912189;0,634986058;1837,734742;2474,8835
DIJ-097;56775;0;500;126;12,31466448;88,041026;749,1156388;8085,7518;34057,38047;157683,6919;0,108928282;0,403815059;0,769288882;0,050471898;0,187107629;0,60180183;1930,335673;2635,298238
DIJ-098;55586;0;830;220;14,23583683;88,82237874;743,7945049;10624,54186;34085,48947;156223,7425;0,15698195;0,402398829;0,766912263;0,072737556;0,186451419;0,594394944;1877,813907;2668,223696
DIJ-099;55708;0;664;254;12,28058238;84,45735614;717,1986004;9150,345774;32491,51014;151177,8541;0,119348401;0,390005989;0,757832976;0,055300059;0,180709199;0,581856657;1950,142334;2708,619618
DIJ-100;56631;0;9162;1806;19,93588699;106,2964691;819,3732034;7876,650829;32120,95306;162008,5939;0,230469756;0,478930145;0,804049596;0,106788117;0,221912189;0,634986058;1837,734742;2474,8835
DIJ-101;56631;0;9162;1806;19,93588699;106,2964691;819,3732034;7876,650829;32120,95306;162008,5939;0,230469756;0,478930145;0,804049596;0,106788117;0,221912189;0,634986058;1837,734742;2474,8835
DIJ-102;56631;0;9162;1806;19,93588699;106,2964691;819,3732034;7876,650829;32120,95306;162008,5939;0,230469756;0,478930145;0,804049596;0,106788117;0,221912189;0,634986058;1837,734742;2474,8835
DIJ-103;56631;0;9162;1806;19,93588699;106,2964691;819,3732034;7876,650829;32120,95306;162008,5939;0,230469756;0,478930145;0,804049596;0,106788117;0,221912189;0,634986058;1837,734742;2474,8835
DIJ-104;56631;0;9162;1806;19,93588699;106,2964691;819,3732034;7876,650829;32120,95306;162008,5939;0,230469756;0,478930145;0,804049596;0,106788117;0,221912189;0,634986058;1837,734742;2474,8835
DIJ-105;56631;0;9162;1806;19,93588699;106,2964691;819,3732034;7876,650829;32120,95306;162008,5939;0,230469756;0,478930145;0,804049596;0,106788117;0,221912189;0,634986058;1837,734742;2474,8835
DIJ-106;56169;0;3581;686;15,35679736;89,01614815;734,0090306;8958,839189;31131,73757;150707,9469;0,156365025;0,408806287;0,767699522;0,072451704;0,189420314;0,591393907;1977,709304;2622,424706
DIJ-107;56169;0;3581;686;15,35679736;89,01614815;734,0090306;8958,839189;31131,73757;150707,9469;0,156365025;0,408806287;0,767699522;0,072451704;0,189420314;0,591393907;1977,709304;2622,424706
DIJ-108;56169;0;3581;686;15,35679736;89,01614815;734,0090306;8958,839189;31131,73757;150707,9469;0,156365025;0,408806287;0,767699522;0,072451704;0,189420314;0,591393907;1977,709304;2622,424706
DIJ-109;55529;0;8146;1222;25,38414998;105,5009113;821,0923978;10231,48106;32293,06301;164250,6897;0,238216599;0,460185244;0,798168679;0,110377615;0,213226743;0,629835996;1701,898644;2529,910413
DIJ-110;56871;0;5270;1004;24,84446689;117,463647;886,459119;13930,73734;39970,55256;180536,1429;0,262060584;0,507052826;0,820039443;0,121425721;0,234942828;0,661906721;1689,771226;2368,917658
DIJ-111;64703;0;6922;1176;39,15020291;397,0640957;1579,435824;12985,66914;61348,49294;213982,5807;0,257115096;0,737824108;0,905169409;0,11913423;0,410847965;0,775573831;908,3873998;1886,56307
DIJ-112;64703;0;6922;1176;39,15020291;397,0640957;1579,435824;12985,66914;61348,49294;213982,5807;0,257115096;0,737824108;0,905169409;0,11913423;0,410847965;0,775573831;908,3873998;1886,56307
DIJ-113;64703;0;6922;1176;39,15020291;397,0640957;1579,435824;12985,66914;61348,49294;213982,5807;0,257115096;0,737824108;0,905169409;0,11913423;0,410847965;0,775573831;908,3873998;1886,56307
DIJ-114;64703;0;6922;1176;39,15020291;397,0640957;1579,435824;12985,66914;61348,49294;213982,5807;0,257115096;0,737824108;0,905169409;0,11913423;0,410847965;0,775573831;908,3873998;1886,56307
DIJ-115;64703;0;6922;1176;39,15020291;397,0640957;1579,435824;12985,66914;61348,49294;213982,5807;0,257115096;0,737824108;0,905169409;0,11913423;0,410847965;0,775573831;908,3873998;1886,56307
DIJ-115B;64703;0;6922;1176;39,15020291;397,0640957;1579,435824;12985,66914;61348,49294;213982,5807;0,257115096;0,737824108;0,905169409;0,11913423;0,410847965;0,775573831;908,3873998;1886,56307
DIJ-116;64703;0;6922;1176;39,15020291;397,0640957;1579,435824;12985,66914;61348,49294;213982,5807;0,257115096;0,737824108;0,905169409;0,11913423;0,410847965;0,775573831;908,3873998;1886,56307
DIJ-117;65819;0;218;88;21,34168435;331,333737;1453,709619;11040,08265;56948,93572;201407,705;0,152798332;0,653528584;0,874679213;0,070799077;0,339911306;0,743399903;1022,578739;1953,884351
DIJ-118;66206;0;2345;972;36,04852006;388,0174846;1566,65888;18634,08493;64367,48911;214489,079;0,287040342;0,725220665;0,900610668;0,133000087;0,394280103;0,77187217;918,406216;1814,088607
DIJ-119;66206;0;2345;972;36,04852006;388,0174846;1566,65888;18634,08493;64367,48911;214489,079;0,287040342;0,725220665;0,900610668;0,133000087;0,394280103;0,77187217;918,406216;1814,088607
DIJ-120;66206;0;2345;972;36,04852006;388,0174846;1566,65888;18634,08493;64367,48911;214489,079;0,287040342;0,725220665;0,900610668;0,133000087;0,394280103;0,77187217;918,406216;1814,088607
DIJ-121;57495;0;2515;556;2,41223212;11,76351483;67,60648074;103,4321256;1213,47932;8970,812697;0,034421235;0,05008586;0,100527584;0,015949072;0,023207273;0,046579436;5946,096872;6955,894487
DIJ-122;57495;0;2515;556;2,41223212;11,76351483;67,60648074;103,4321256;1213,47932;8970,812697;0,034421235;0,05008586;0,100527584;0,015949072;0,023207273;0,046579436;5946,096872;6955,894487
DIJ-123;57495;0;2515;556;2,41223212;11,76351483;67,60648074;103,4321256;1213,47932;8970,812697;0,034421235;0,05008586;0,100527584;0,015949072;0,023207273;0,046579436;5946,096872;6955,894487
DIJ-124;57495;0;2515;556;2,41223212;11,76351483;67,60648074;103,4321256;1213,47932;8970,812697;0,034421235;0,05008586;0,100527584;0,015949072;0,023207273;0,046579436;5946,096872;6955,894487
DIJ-125;88363;0;11400;1474;34,38189114;468,3038419;2114,522697;115011,8647;286960,1857;583030,1698;0,985424615;0,997101428;0,998951569;0,723305241;0,944974382;0,980096904;50,6274176;265,7939424
DIJ-126;87346;0;33232;3082;42,34608202;535,6914355;2213,434992;141647,0613;298348,0026;585556,994;0,998165229;0,999635124;0,999868022;0,943155978;0,988695567;0,995911119;1;186,4472236
DIJ-127;87346;0;33232;3082;42,34608202;535,6914355;2213,434992;141647,0613;298348,0026;585556,994;0,998165229;0,999635124;0,999868022;0,943155978;0,988695567;0,995911119;1;186,4472236
DIJ-128;89646;0;32871;3086;43,30713888;509,7971941;2177,386432;155032,4721;305129,8817;590203,8032;0,998148924;0,999631881;0,999866849;0,988884552;0,997789498;0,999200448;1;50,6274176
DIJ-129;89646;0;32871;3086;43,30713888;509,7971941;2177,386432;155032,4721;305129,8817;590203,8032;0,998148924;0,999631881;0,999866849;0,988884552;0,997789498;0,999200448;1;50,6274176
DIJ-130;89646;0;32871;3086;43,30713888;509,7971941;2177,386432;155032,4721;305129,8817;590203,8032;0,998148924;0,999631881;0,999866849;0,988884552;0,997789498;0,999200448;1;50,6274176
DIJ-131;89646;0;32871;3086;43,30713888;509,7971941;2177,386432;155032,4721;305129,8817;590203,8032;0,998148924;0,999631881;0,999866849;0,988884552;0,997789498;0,999200448;1;50,6274176
DIJ-132;89646;0;32871;3086;43,30713888;509,7971941;2177,386432;155032,4721;305129,8817;590203,8032;0,998148924;0,999631881;0,999866849;0,988884552;0,997789498;0,999200448;1;50,6274176
DIJ-133;89645;0;32725;3174;37,75564407;512,2901115;2134,579728;138552,6271;299900,6108;582694,1577;0,998142329;0,999630569;0,999866375;0,944962926;0,98905491;0,996041095;1;224,3675344
DIJ-134;89645;6,75;32725;3174;37,75564407;512,2901115;2134,579728;138552,6271;299900,6108;582694,1577;0,998142329;0,999630569;0,999866375;0,944962926;0,98905491;0,996041095;1;224,3675344
DIJ-135;91961;0;11488;1914;43,38600056;459,7254798;2020,790014;105598,7806;286710,3161;577583,3263;0,997183084;0,999439807;0,999797375;0,663718246;0,93312446;0,975810717;1;249,4386024
DIJ-136;91962;0;28785;2376;52,57704344;495,7949228;2140,978447;116847,06;295501,7653;587517,489;0,997964365;0,999595178;0,999853574;0,834900004;0,967166963;0,988124094;1;203,071068
DIJ-136B;91962;0;28785;2376;52,57704344;495,7949228;2140,978447;116847,06;295501,7653;587517,489;0,997964365;0,999595178;0,999853574;0,834900004;0,967166963;0,988124094;1;203,071068
DIJ-137;89646;0;32871;3086;43,30713888;509,7971941;2177,386432;155032,4721;305129,8817;590203,8032;0,998148924;0,999631881;0,999866849;0,988884552;0,997789498;0,999200448;1;50,6274176
DIJ-138;89646;0;32871;3086;43,30713888;509,7971941;2177,386432;155032,4721;305129,8817;590203,8032;0,998148924;0,999631881;0,999866849;0,988884552;0,997789498;0,999200448;1;50,6274176
DIJ-139;89646;0;32871;3086;43,30713888;509,7971941;2177,386432;155032,4721;305129,8817;590203,8032;0,998148924;0,999631881;0,999866849;0,988884552;0,997789498;0,999200448;1;50,6274176
DIJ-140;89646;0;32871;3086;43,30713888;509,7971941;2177,386432;155032,4721;305129,8817;590203,8032;0,998148924;0,999631881;0,999866849;0,988884552;0,997789498;0,999200448;1;50,6274176
DIJ-141;89646;0;32871;3086;43,30713888;509,7971941;2177,386432;155032,4721;305129,8817;590203,8032;0,998148924;0,999631881;0,999866849;0,988884552;0,997789498;0,999200448;1;50,6274176
DIJ-142;88363;0;11400;1474;34,38189114;468,3038419;2114,522697;115011,8647;286960,1857;583030,1698;0,985424615;0,997101428;0,998951569;0,723305241;0,944974382;0,980096904;50,6274176;265,7939424
DIJ-143;88363;0;11400;1474;34,38189114;468,3038419;2114,522697;115011,8647;286960,1857;583030,1698;0,985424615;0,997101428;0,998951569;0,723305241;0,944974382;0,980096904;50,6274176;265,7939424
DIJ-144;49964;6,75;136;110;18,16655977;199,4124304;1198,687848;2441,396985;32414,41501;184090,6459;0,024989226;0,313115323;0,748485314;0,011578753;0,145081924;0,63555486;1658,055498;2137,038355
DIJ-145;50383;0;1148;412;32,01782176;240,1717705;1284,241438;3424,59053;39199,34766;198435,3923;0,0487046;0,413833499;0,787980065;0,022567267;0,191858289;0,673568765;1461,200059;1999,760081
DIJ-146;50383;0;1148;412;32,01782176;240,1717705;1284,241438;3424,59053;39199,34766;198435,3923;0,0487046;0,413833499;0,787980065;0,022567267;0,191858289;0,673568765;1461,200059;1999,760081
DIJ-147;50383;0;1148;412;32,01782176;240,1717705;1284,241438;3424,59053;39199,34766;198435,3923;0,0487046;0,413833499;0,787980065;0,022567267;0,191858289;0,673568765;1461,200059;1999,760081
DIJ-148;51707;0;1109;368;34,07242159;241,1526011;1278,220732;3417,539465;38814,33122;197662,0137;0,051670189;0,41080362;0,78688414;0,023941372;0,190649453;0,671537415;1454,889498;2013,142334
DIJ-149;51707;0;1109;368;34,07242159;241,1526011;1278,220732;3417,539465;38814,33122;197662,0137;0,051670189;0,41080362;0,78688414;0,023941372;0,190649453;0,671537415;1454,889498;2013,142334
DIJ-150;52918;0;27;26;21,03035138;203,3748721;1188,921329;2499,765014;32147,69085;183628,7595;0,027644574;0,318560214;0,752186365;0,012809108;0,147604813;0,634156963;1627,232644;2123,262704
DIJ-151;53584;0;150;114;15,60467004;194,8082779;1190,119848;1578,042816;30519,30888;182631,189;0,016403626;0,295123381;0,743385795;0,007600617;0,136745361;0,628608224;1643,178818;2178,601227
DIJ-152;51485;0;718;240;5,61702088;55,43779447;268,1460041;1009,537416;5333,383646;25594,96131;0,023794923;0,076677281;0,319808322;0,011025373;0,035528403;0,148183124;4402,728942;6440,516886
DIJ-153;51813;0;250;100;5,345234588;53,51184663;263,3447192;1350,200596;5567,740122;25662,10401;0,021948007;0,073774841;0,313768937;0,010169605;0,034183558;0,145384776;4436,524983;6457,996892
DIJ-154;39740;0;160;110;23,0822096;239,4295586;1373,667903;3960,295663;35413,82437;198510,4179;0,047543031;0,4177437;0,789394408;0,022029054;0,194198311;0,650134945;1455,60775;2345,167148
DIJ-155;40254;0;95;50;15,76840418;216,92068;1311,893416;2723,286934;32410,57422;190751,8752;0,025300614;0,379340847;0,775457693;0,011723035;0,175767508;0,633742187;1550,109849;2425,878977
DIJ-156;39768;0;1104;658;30,08453815;257,3820311;1390,009166;4165,182278;36592,02005;199382,8919;0,055004354;0,449201877;0,800773019;0,025486257;0,209182964;0,659849112;1402,978957;2344,850589
DIJ-157;44864;0;127;86;7,234215903;164,4636641;1047,481455;1060,537339;22459,59414;154998,5508;0,008611772;0,206535203;0,700651706;0,003990263;0,095698046;0,576520524;1785,036781;2561,583559
DIJ-158;43710;0;2572;540;13,17624492;230,0672617;1318,828901;2897,075508;36059,761;209085,6588;0,058926814;0,433237891;0,79499875;0,027303728;0,201071586;0,67071298;1474,437751;2156,130239
DIJ-159;43710;0;2572;540;13,17624492;230,0672617;1318,828901;2897,075508;36059,761;209085,6588;0,058926814;0,433237891;0,79499875;0,027303728;0,201071586;0,67071298;1474,437751;2156,130239
DIJ-160;43710;0;2572;540;13,17624492;230,0672617;1318,828901;2897,075508;36059,761;209085,6588;0,058926814;0,433237891;0,79499875;0,027303728;0,201071586;0,67071298;1474,437751;2156,130239
DIJ-161;41862;0;797;226;14,35812635;233,7818607;1559,843173;4205,663649;45451,16388;277947,4292;0,047158016;0,4785542;0,811389931;0,021850658;0,23164826;0,702102538;1214,151905;1932,699634
DIJ-162;41862;0;797;226;14,35812635;233,7818607;1559,843173;4205,663649;45451,16388;277947,4292;0,047158016;0,4785542;0,811389931;0,021850658;0,23164826;0,702102538;1214,151905;1932,699634
DIJ-163;76524;0;1330;482;8,321245026;119,6676152;961,4446515;2410,001768;24938,32037;181282,9842;0,049822351;0,278863418;0,738871267;0,023085177;0,129211311;0,59604204;1554,012293;2778,400119
DIJ-164;77213;0;256;118;4,544984729;91,64801175;861,4803036;1574,194092;21021,54918;165920,0899;0,020376377;0,201668348;0,703868746;0,00944139;0,09344299;0,558224065;1720,480006;2925,177868
DIJ-165;76021;0;1395;570;10,46564453;123,5174594;980,1423306;3007,388144;26727,05882;185907,1682;0,059353962;0,315387496;0,752371556;0,027501647;0,146175245;0,607173074;1502,962041;2724,474859
DIJ-166;75671;19,25;1169;358;9,789885407;127,5388287;989,3977247;3368,595378;27182,4985;186402,5642;0,059987166;0,317358792;0,753084586;0,027795042;0,147448168;0,608343479;1473,740216;2718,111422
DIJ-167;75139;0;347;118;7,141050632;103,7716785;864,03234;1328,50495;22643,13119;165983,8978;0,016236067;0,239327714;0,722309916;0,007522979;0,11089245;0,567755847;1672,253558;2962,491052
DIJ-168;73724;0;79;58;5,917890069;100,8118299;821,6195072;1404,290085;19940,47813;154695,784;0,018463973;0,191373984;0,699379834;0,008555278;0,088673098;0,544351771;1687,52039;3046,894319
DIJ-169;72260;0;96;60;3,122008569;82,82253385;707,4233501;320,0055201;14329,13596;120651,8992;0,004660943;0,097487341;0,645340921;0,002159647;0,04517074;0,49464028;1843,265654;3158,062645
DIJ-170;71201;0;66;56;2,163255551;72,14205172;639,0695185;224,3862334;11669,70729;107957,828;0,003223362;0,069777501;0,604130413;0,001493544;0,032331391;0,462485724;2038,285945;3316,598802
DIJ-171;68761;0;457;150;1,073437458;62,03155884;556,4076331;102,1830497;8193,37526;89072,53933;0,006188008;0,071760948;0,551165929;0,002867212;0,033250421;0,39912824;2690,600178;3499,88737
DIJ-172;70534;0;109;74;3,645820324;41,42719944;412,5960633;198,6536165;6551,150361;65036,92716;0,00296018;0,07328319;0,491886275;0,001371599;0,033955752;0,309829275;2888,657577;4152,737464
DIJ-173;71392;11,3137088;44;48;1,305310071;42,02524272;454,7593127;562,909279;9401,161499;73072,45574;0,005104612;0,083931342;0,555317091;0,002365221;0,038889571;0,34130373;2793,234218;4051,78057
DIJ-174;66301;0;3462;1028;21,59587948;223,1950429;1264,927377;5683,074139;42613,92535;253251,1625;0,104723513;0,557025392;0,839773431;0,048523619;0,274364657;0,691026787;1173,678818;2370,87383
DIJ-175;66301;0;3462;1028;21,59587948;223,1950429;1264,927377;5683,074139;42613,92535;253251,1625;0,104723513;0,557025392;0,839773431;0,048523619;0,274364657;0,691026787;1173,678818;2370,87383
DIJ-176;66301;6,75;3462;1028;21,59587948;223,1950429;1264,927377;5683,074139;42613,92535;253251,1625;0,104723513;0,557025392;0,839773431;0,048523619;0,274364657;0,691026787;1173,678818;2370,87383
DIJ-177;70552;0;2075;618;23,5966557;278,7737198;1434,370033;9965,05389;57555,55769;292569,1004;0,129364951;0,668632191;0,880142279;0,059941225;0,353525413;0,741649363;999,2732258;2061,621093
DIJ-178;70552;0;2075;618;23,5966557;278,7737198;1434,370033;9965,05389;57555,55769;292569,1004;0,129364951;0,668632191;0,880142279;0,059941225;0,353525413;0,741649363;999,2732258;2061,621093
DIJ-179;72451;0;2173;662;26,53780664;300,0358542;1491,975639;12063,39557;63829,93126;307337,8311;0,153462454;0,702545274;0,892408844;0,071106798;0,375563363;0,755917419;917,5169158;1963,023637
DIJ-180;72451;6,75;2173;662;26,53780664;300,0358542;1491,975639;12063,39557;63829,93126;307337,8311;0,153462454;0,702545274;0,892408844;0,071106798;0,375563363;0,755917419;917,5169158;1963,023637
DIJ-181;74208;0;1398;462;22,31358043;297,3179125;1485,036525;10294,26381;66397,53524;308879,6167;0,126879701;0,689457938;0,887675076;0,058789685;0,366087058;0,75402163;873,4706622;1919,292666
DIJ-182;75502;0;2051;594;30,73645632;342,2237562;1597,57488;10866,87912;80373,67554;340905,0354;0,133182785;0,698363343;0,890896214;0,061710218;0,377740527;0,770779793;966,0564486;1694,191112
DIJ-183;75502;0;2051;594;30,73645632;342,2237562;1597,57488;10866,87912;80373,67554;340905,0354;0,133182785;0,698363343;0,890896214;0,061710218;0,377740527;0,770779793;966,0564486;1694,191112
DIJ-184;67061;0;12911;1706;33,14775187;388,6523578;1572,935651;7726,859809;51289,95567;202658,8923;0,268239327;0,703058147;0,892594353;0,12428864;0,378363386;0,765499457;938,8640602;1883,444373
DIJ-184B;67061;0;12911;1706;33,14775187;388,6523578;1572,935651;7726,859809;51289,95567;202658,8923;0,268239327;0,703058147;0,892594353;0,12428864;0,378363386;0,765499457;938,8640602;1883,444373
DIJ-185;67061;0;12911;1706;33,14775187;388,6523578;1572,935651;7726,859809;51289,95567;202658,8923;0,268239327;0,703058147;0,892594353;0,12428864;0,378363386;0,765499457;938,8640602;1883,444373
DIJ-186;62751;0;2279;772;4,7957286;51,29254901;522,8027561;247,2063016;5874,361885;88852,70336;0,032503878;0,095924495;0,483431263;0,015060666;0,044446596;0,338311333;2909,421132;3600,882124
DIJ-186B;68344;0;4322;1486;26,60259385;262,8026951;1810,588533;1915,933538;31811,02737;305845,3457;0,083411463;0,268166073;0,73047481;0,038648685;0,124254698;0,633777714;1666,742314;1994,728219
DIJ-187;64803;0;22;24;0,741673911;27,84653662;540,0204633;259,3688319;5758,219828;99025,99035;0,003416172;0,036406566;0,487980598;0,001582883;0,016868975;0,364375366;2767,365931;3311,192359
DIJ-187B;68344;0;4322;1486;26,60259385;262,8026951;1810,588533;1915,933538;31811,02737;305845,3457;0,083411463;0,268166073;0,73047481;0,038648685;0,124254698;0,633777714;1666,742314;1994,728219
DIJ-188;62136;8;14;16;4,901339545;41,19489354;609,168664;443,9408003;8318,620384;117106,1855;0,006687292;0,02862645;0,5365454;0,003098555;0,01326406;0,4399073;2401,169247;2899,977155
DIJ-188B;68344;0;4322;1486;26,60259385;262,8026951;1810,588533;1915,933538;31811,02737;305845,3457;0,083411463;0,268166073;0,73047481;0,038648685;0,124254698;0,633777714;1666,742314;1994,728219
DIJ-188C;68344;0;4322;1486;26,60259385;262,8026951;1810,588533;1915,933538;31811,02737;305845,3457;0,083411463;0,268166073;0,73047481;0,038648685;0,124254698;0,633777714;1666,742314;1994,728219
DIJ-189;60924;0;400;140;3,235732355;76,77314349;880,1800695;268,5913108;23405,30119;175784,284;0,007251624;0,139530102;0,680310705;0,003360039;0,064651246;0,601766153;1666,373731;2282,131189
DIJ-190;60307;0;1184;320;12,12460981;198,2788339;1324,146298;7149,931801;60672,5336;275997,7203;0,096626431;0,548822081;0,836806244;0,044771838;0,337070665;0,759817584;1095,040681;1579,615847
DIJ-191;31372;0;239;150;10,34511906;157,8515366;1054,356299;2488,176267;20848,38003;106802,4027;0,015881249;0,277878354;0,696268079;0,007358573;0,128754881;0,49356021;2302,408087;3279,124339
DIJ-192;31111;0;48;34;9,646241609;157,6453061;1059,025202;2225,643207;20646,61514;107004,9336;0,013162477;0,268702505;0,694202036;0,006098831;0,124503253;0,494779306;2291,117718;3259,221994
DIJ-193;30550;0;96;60;9,469767304;163,7165609;1078,803914;2019,251186;21132,00502;108590,1793;0,009583513;0,272435209;0,699215639;0,004440519;0,126232801;0,501921765;2249,235989;3227,171543
DIJ-194;29986;0;75;52;11,05652151;162,6780052;1063,765067;1266,610097;19619,20726;106706,4687;0,007148922;0,254788953;0,691261863;0,003312452;0,118056412;0,498545396;2262,641483;3253,655875
DIJ-195;29125;0;134;96;11,72817294;162,9324698;1060,477684;1130,697343;19040,44744;105938,7745;0,008221892;0,244809547;0,687992281;0,003809612;0,113432456;0,498144671;2241,105424;3232,25343
DIJ-196;28664;0;25;26;10,00710246;160,216039;1059,544738;987,1734044;18401,16919;105531,2476;0,007286888;0,230616202;0,683482859;0,003376378;0,106855973;0,497209914;2238,587133;3207,451193
DIJ-197;28292;0;30;30;6,398382555;151,2867336;1036,231429;533,6259968;16635,96817;102471,2776;0,002816605;0,196519564;0,668757319;0,001305073;0,091057302;0,488468305;2232,909037;3195,903464
DIJ-198;27519;0;59;58;4,822633234;140,3413568;1014,237089;284,544834;14563,7428;99601,25782;0,001825816;0,144122854;0,646117859;8,46E-04;0,066779296;0,478228696;2243,029308;3258,465387
DIJ-199;26706;0;101;84;8,76340231;145,7533845;1044,99972;412,9744381;14116,35174;101970,6289;0,004859233;0,094892166;0,635492815;0,002251525;0,043968266;0,495199319;2015,657151;3101,650827
DIJ-200;26180;0;20;22;8,537097433;139,2863436;1066,614895;411,0799622;13861,93695;105140,3616;0,004669557;0,077030991;0,625393609;0,002163638;0,035692295;0,502416765;1964,496724;2980,224943
DIJ-201;63020;0;160;76;5,712498657;57,76577181;636,2855362;255,8526155;5222,265524;82927,19731;0,005149366;0,033080369;0,477613247;0,002385958;0,015327783;0,34513805;2720,33492;3741,08838
DIJ-202;63437;27,2236118;226;84;3,027525903;95,30326692;661,472473;444,4553198;14038,10537;89564,59256;0,006334584;0,121509642;0,646201705;0,002935128;0,056301469;0,447441159;2194,979481;3729,337019
DIJ-202B;67921;0;1025;476;18,06214705;152,5559644;738,6203092;4176,999716;22883,20461;96207,07635;0,066766654;0,303948968;0,723115471;0,030936316;0,140834695;0,472303139;2148,440473;3842,362457
DIJ-203;66864;0;3106;1268;19,93919392;160,6994542;748,2139427;4700,224282;23607,47755;95195,08705;0,098405759;0,342248964;0,74468074;0,045596289;0,158580991;0,492117044;2016,257231;3855,000396
DIJ-204;69716;0;165;114;15,65799774;114,9848795;657,9448026;1971,05855;16081,20819;85691,75601;0,021599717;0,197001642;0,645923243;0,010008225;0,091280672;0,411194396;2493,282243;3789,876552
DIJ-205;69032;0;222;102;4,712747315;105,6895727;603,0753942;1218,903314;16979,82854;81999,84442;0,008620508;0,222331688;0,66113376;0,003994311;0,103017345;0,397875457;2395,460339;4253,272573
DIJ-206;68633;6,75;141;88;9,16027184;102,1643812;586,1894002;1370,989848;15682,67616;80816,00841;0,015438836;0,197406934;0,646245686;0,007153582;0,091468464;0,385338059;2476,798238;4330,025735
DIJ-207;69093;0;732;322;11,66285195;85,20532386;552,5536343;1349,579684;11754,5065;77546,14041;0,026109075;0,141108608;0,586712807;0,012097635;0,065382646;0,333026193;2810,686687;4315,054321
DIJ-208;69557;0;609;302;10,75769833;80,1947742;544,8627512;1259,779651;10781,85895;76401,3555;0,023689869;0,122799404;0,571233819;0,010976696;0,05689908;0,320989682;2861,228744;4343,504593
DIJ-209;70539;0;62;42;2,658795622;52,81317023;473,4804883;275,643402;6800,05077;67393,96305;0,001406315;0,055970161;0,486956863;6,52E-04;0,025933763;0,256910866;3185,325775;4341,974631
DIJ-210;71652;75,0789518;12;16;1,739904331;31,3851035;462,3021902;30,01156494;3036,628194;63138,23112;3,62E-04;0,014726629;0,380213551;1,68E-04;0,006823581;0,247006403;3322,749758;3944,051371
DIJ-211;61902;0;427;156;6,935741245;119,0158507;810,4565934;1619,015954;16804,74323;113965,9415;0,025402423;0,195423846;0,665178306;0,011770208;0,090549601;0,482025612;2277,993576;3351,481481
DIJ-212;59771;0;2771;618;16,67850852;134,7656076;866,9338514;1612,043241;15363,1258;119929,0634;0,057627626;0,19005431;0,666852233;0,026701749;0,088061628;0,490161073;2282,043829;3241,611422
DIJ-213;59771;0;2771;618;16,67850852;134,7656076;866,9338514;1612,043241;15363,1258;119929,0634;0,057627626;0,19005431;0,666852233;0,026701749;0,088061628;0,490161073;2282,043829;3241,611422
DIJ-214;59771;0;2771;618;16,67850852;134,7656076;866,9338514;1612,043241;15363,1258;119929,0634;0,057627626;0,19005431;0,666852233;0,026701749;0,088061628;0,490161073;2282,043829;3241,611422
DIJ-215;59347;6,75;74;48;11,82895722;114,2358412;794,9970928;2727,120244;14916,06463;113454,8964;0,040475343;0,149486072;0,628142124;0,018754242;0,069264342;0,447665566;2457,778373;3389,817252
DIJ-216;58806;0;311;140;14,37551072;117,4272508;804,9057747;2748,123192;14879,37376;114975,5152;0,042984391;0,154018278;0,629318678;0,019916809;0,071364339;0,449838172;2475,46214;3292,207602
DIJ-217;57838;0;228;174;10,46843773;111,715761;746,2563361;1219,189803;12417,92157;108563,6892;0,016418165;0,131501007;0,599674414;0,007607354;0,060930966;0,430849887;2595,183114;3293,40389
DIJ-218;57330;0;516;210;14,20251878;116,3222779;765,1846335;1348,922922;12545,99722;111766,1245;0,022373716;0,134798379;0,608240304;0,010366857;0,062458803;0,444045299;2512,213501;3237,023211
DIJ-219;59719;0;427;140;7,718668544;108,7720775;722,5189279;521,6916248;13737,11937;100836,9862;0,008883654;0,171862213;0,630287695;0,004116239;0,079632323;0,437309346;2502,266703;3499,565268
DIJ-220;60764;0;19;20;7,368012361;113,7329193;725,4704264;628,5568415;15613,54369;101336,6552;0,004337749;0,197270477;0,650013502;0,002009895;0,091405237;0,456106291;2364,554123;3432,538454
DIJ-221;59780;0;7085;1334;26,47037155;273,521987;1549,089689;14311,5317;75915,40589;321487,4335;0,264715286;0,694346274;0,889443216;0,122655776;0,477581578;0,811038127;829,2914184;1319,8874
DIJ-221B;17244;0;3359;940;36,30761296;446,9095353;2004,704911;10792,53956;60618,67937;206994,7264;0,168503435;0,677758312;0,883443251;0,078076034;0,358037591;0,760628922;987,7935168;1720,866258
DIJ-222;59780;0;7085;1334;26,47037155;273,521987;1549,089689;14311,5317;75915,40589;321487,4335;0,264715286;0,694346274;0,889443216;0,122655776;0,477581578;0,811038127;829,2914184;1319,8874
DIJ-222B;17244;0;3359;940;36,30761296;446,9095353;2004,704911;10792,53956;60618,67937;206994,7264;0,168503435;0,677758312;0,883443251;0,078076034;0,358037591;0,760628922;987,7935168;1720,866258
DIJ-223;59780;0;7085;1334;26,47037155;273,521987;1549,089689;14311,5317;75915,40589;321487,4335;0,264715286;0,694346274;0,889443216;0,122655776;0,477581578;0,811038127;829,2914184;1319,8874
DIJ-223B;17571;0;3385;826;37,21029437;480,8424094;2039,009464;13425,06125;65826,8721;211463,0172;0,213465836;0,706240137;0,893745298;0,098909354;0,396082099;0,779559827;885,8929724;1593,925131
DIJ-224;59658;0;9802;2362;34,92406309;326,2314689;1724,623325;17299,72126;87770,68208;357674,8733;0,329911217;0,782513329;0,921333768;0,152864298;0,560072999;0,840875768;625,279224;1210,636761
DIJ-224B;16633;19,25;11370;1512;58,83347127;538,5724467;2083,154931;10283,97242;62365,25282;206304,8947;0,270389393;0,738154159;0,905288791;0,125284873;0,441385155;0,797645634;882,124468;1569,444373
DIJ-225;59658;0;9802;2362;34,92406309;326,2314689;1724,623325;17299,72126;87770,68208;357674,8733;0,329911217;0,782513329;0,921333768;0,152864298;0,560072999;0,840875768;625,279224;1210,636761
DIJ-225B;16633;0;11370;1512;58,83347127;538,5724467;2083,154931;10283,97242;62365,25282;206304,8947;0,270389393;0,738154159;0,905288791;0,125284873;0,441385155;0,797645634;882,124468;1569,444373
DIJ-226;16633;6,75;11370;1512;58,83347127;538,5724467;2083,154931;10283,97242;62365,25282;206304,8947;0,270389393;0,738154159;0,905288791;0,125284873;0,441385155;0,797645634;882,124468;1569,444373
DIJ-227;16633;0;11370;1512;58,83347127;538,5724467;2083,154931;10283,97242;62365,25282;206304,8947;0,270389393;0,738154159;0,905288791;0,125284873;0,441385155;0,797645634;882,124468;1569,444373
DIJ-228;16633;44,25;11370;1512;58,83347127;538,5724467;2083,154931;10283,97242;62365,25282;206304,8947;0,270389393;0,738154159;0,905288791;0,125284873;0,441385155;0,797645634;882,124468;1569,444373
DIJ-229;17775;0;979;294;33,96770541;476,5761371;1984,198669;17584,35914;67451,26485;208415,9178;0,238372071;0,693354921;0,889084638;0,110449653;0,395649968;0,780956126;950,5478274;1579,875304
DIJ-230;17571;0;3385;826;37,21029437;480,8424094;2039,009464;13425,06125;65826,8721;211463,0172;0,213465836;0,706240137;0,893745298;0,098909354;0,396082099;0,779559827;885,8929724;1593,925131
DIJ-231;17571;0;3385;826;37,21029437;480,8424094;2039,009464;13425,06125;65826,8721;211463,0172;0,213465836;0,706240137;0,893745298;0,098909354;0,396082099;0,779559827;885,8929724;1593,925131
DIJ-232;17244;0;3359;940;36,30761296;446,9095353;2004,704911;10792,53956;60618,67937;206994,7264;0,168503435;0,677758312;0,883443251;0,078076034;0,358037591;0,760628922;987,7935168;1720,866258
DIJ-233;16633;0;11370;1512;58,83347127;538,5724467;2083,154931;10283,97242;62365,25282;206304,8947;0,270389393;0,738154159;0,905288791;0,125284873;0,441385155;0,797645634;882,124468;1569,444373
DIJ-234;16633;0;11370;1512;58,83347127;538,5724467;2083,154931;10283,97242;62365,25282;206304,8947;0,270389393;0,738154159;0,905288791;0,125284873;0,441385155;0,797645634;882,124468;1569,444373
DIJ-235;16633;0;11370;1512;58,83347127;538,5724467;2083,154931;10283,97242;62365,25282;206304,8947;0,270389393;0,738154159;0,905288791;0,125284873;0,441385155;0,797645634;882,124468;1569,444373
DIJ-236;59658;0;9802;2362;34,92406309;326,2314689;1724,623325;17299,72126;87770,68208;357674,8733;0,329911217;0,782513329;0,921333768;0,152864298;0,560072999;0,840875768;625,279224;1210,636761
DIJ-237;60239;0;128;80;17,94804785;310,0502507;1808,153352;17082,44007;96773,16755;394179,2762;0,165535981;0,781659008;0,921024755;0,076701064;0,583082095;0,849198296;570,1934376;1182,810334
DIJ-238;59873;0;5264;1554;32,89151979;368,2851419;1961,19303;26322,37507;108913,1676;424700,3881;0,373845804;0,862995097;0,950444506;0,173221381;0,665336505;0,878950209;442,923884;1043,594507
DIJ-239;61122;0;11976;2458;48,62698855;434,7547237;2262,714207;46431,76975;123383,4799;505434,9449;0,720078443;0,944247575;0,979834014;0,333648207;0,757678663;0,912350921;322,8061368;959,8518658
DIJ-240;61122;0;11976;2458;48,62698855;434,7547237;2262,714207;46431,76975;123383,4799;505434,9449;0,720078443;0,944247575;0,979834014;0,333648207;0,757678663;0,912350921;322,8061368;959,8518658
DIJ-241;61122;0;11976;2458;48,62698855;434,7547237;2262,714207;46431,76975;123383,4799;505434,9449;0,720078443;0,944247575;0,979834014;0,333648207;0,757678663;0,912350921;322,8061368;959,8518658
DIJ-242;61122;0;11976;2458;48,62698855;434,7547237;2262,714207;46431,76975;123383,4799;505434,9449;0,720078443;0,944247575;0,979834014;0,333648207;0,757678663;0,912350921;322,8061368;959,8518658
DIJ-243;61121;0;10579;2616;57,22613166;437,5212877;2387,437818;50534,7443;128205,517;554179,2952;0,783198959;0,956885301;0,984405155;0,386336995;0,755321343;0,911498264;220,142136;1033,433554
DIJ-244;61121;0;10579;2616;57,22613166;437,5212877;2387,437818;50534,7443;128205,517;554179,2952;0,783198959;0,956885301;0,984405155;0,386336995;0,755321343;0,911498264;220,142136;1033,433554
DIJ-245;61121;0;10579;2616;57,22613166;437,5212877;2387,437818;50534,7443;128205,517;554179,2952;0,783198959;0,956885301;0,984405155;0,386336995;0,755321343;0,911498264;220,142136;1033,433554
DIJ-246;14549;9,5459418;11270;2126;40,82989521;485,2274349;1741,855615;18365,4535;55311,37436;168274,4923;0,388657766;0,733384235;0,903563481;0,1800845;0,364754274;0,753099659;1110,244838;1911,390122
DIJ-247;14549;0;11270;2126;40,82989521;485,2274349;1741,855615;18365,4535;55311,37436;168274,4923;0,388657766;0,733384235;0,903563481;0,1800845;0,364754274;0,753099659;1110,244838;1911,390122
DIJ-248;12998;0;9970;1602;63,7353397;573,491667;1862,268911;23654,59715;63576,55937;179598,2979;0,438984594;0,77276806;0,917808846;0,203403426;0,414314968;0,777933236;993,8037118;1845,286044
DIJ-249;13763;0;3081;846;38,52308348;482,2476519;1734,147815;26981,1312;62988,30193;175640,9335;0,3887756;0,726924189;0,901226843;0,180139099;0,363027651;0,750288321;1100,872256;1957,441423
DIJ-250;14549;0;11270;2126;40,82989521;485,2274349;1741,855615;18365,4535;55311,37436;168274,4923;0,388657766;0,733384235;0,903563481;0,1800845;0,364754274;0,753099659;1110,244838;1911,390122
DIJ-251;14549;0;11270;2126;40,82989521;485,2274349;1741,855615;18365,4535;55311,37436;168274,4923;0,388657766;0,733384235;0,903563481;0,1800845;0,364754274;0,753099659;1110,244838;1911,390122
DIJ-252;14548;0;2692;690;32,12904948;471,3062079;1719,417541;27121,70865;62833,71782;174872,3411;0,385961579;0,724545132;0,900366324;0,178835223;0,359611199;0,748439299;1110,745363;1971,587657
DIJ-253;12998;0;9970;1602;63,7353397;573,491667;1862,268911;23654,59715;63576,55937;179598,2979;0,438984594;0,77276806;0,917808846;0,203403426;0,414314968;0,777933236;993,8037118;1845,286044
DIJ-254;12998;0;9970;1602;63,7353397;573,491667;1862,268911;23654,59715;63576,55937;179598,2979;0,438984594;0,77276806;0,917808846;0,203403426;0,414314968;0,777933236;993,8037118;1845,286044
DIJ-255;12998;0;9970;1602;63,7353397;573,491667;1862,268911;23654,59715;63576,55937;179598,2979;0,438984594;0,77276806;0,917808846;0,203403426;0,414314968;0,777933236;993,8037118;1845,286044
DIJ-256;12998;0;9970;1602;63,7353397;573,491667;1862,268911;23654,59715;63576,55937;179598,2979;0,438984594;0,77276806;0,917808846;0,203403426;0,414314968;0,777933236;993,8037118;1845,286044
DIJ-257;12927;0;4116;1004;78,70850818;606,6636304;1917,4919;19057,2136;68612,20006;189209,2067;0,283522205;0,750777038;0,909854562;0,131369958;0,431508275;0,789529997;890,5250124;1734,418084
DIJ-258;12927;0;4116;1004;78,70850818;606,6636304;1917,4919;19057,2136;68612,20006;189209,2067;0,283522205;0,750777038;0,909854562;0,131369958;0,431508275;0,789529997;890,5250124;1734,418084
DIJ-259;12927;0;4116;1004;78,70850818;606,6636304;1917,4919;19057,2136;68612,20006;189209,2067;0,283522205;0,750777038;0,909854562;0,131369958;0,431508275;0,789529997;890,5250124;1734,418084
DIJ-260;58065;0;1568;316;18,32388184;202,6012909;1206,889128;6562,393991;31080,42109;169709,5902;0,117132104;0,291997172;0,736921578;0,054273138;0,135296833;0,615869042;1714,217401;2252,687538
DIJ-261;58065;0;1568;316;18,32388184;202,6012909;1206,889128;6562,393991;31080,42109;169709,5902;0,117132104;0,291997172;0,736921578;0,054273138;0,135296833;0,615869042;1714,217401;2252,687538
DIJ-262;59229;0;523;240;15,36487986;190,4585205;1180,876871;4100,159416;29368,04378;166103,4362;0,06171089;0,276144257;0,728926474;0,028593729;0,127951388;0,61225394;1755,726547;2366,666198
DIJ-263;59801;0;306;144;16,86715709;214,5755479;1241,691433;5641,210548;33112,67995;174903,5004;0,080496498;0,311420274;0,746770857;0,037298037;0,144296523;0,63263179;1679,658953;2269,942374
DIJ-264;58205;0;3078;618;26,15720072;252,0922936;1321,50455;7783,280196;36474,36603;183691,1339;0,141785657;0,369805175;0,771474359;0,065696357;0,171349156;0,656307334;1549,587885;2128,756508
DIJ-265;58205;0;3078;618;26,15720072;252,0922936;1321,50455;7783,280196;36474,36603;183691,1339;0,141785657;0,369805175;0,771474359;0,065696357;0,171349156;0,656307334;1549,587885;2128,756508
DIJ-266;58205;0;3078;618;26,15720072;252,0922936;1321,50455;7783,280196;36474,36603;183691,1339;0,141785657;0,369805175;0,771474359;0,065696357;0,171349156;0,656307334;1549,587885;2128,756508
DIJ-267;56492;0;5040;1090;27,38806029;243,1914218;1300,033146;5594,127532;32942,38053;179279,8193;0,139556892;0,353027414;0,764940784;0,064663659;0,163575184;0,645540235;1552,392022;2138,225596
DIJ-268;56492;0;5040;1090;27,38806029;243,1914218;1300,033146;5594,127532;32942,38053;179279,8193;0,139556892;0,353027414;0,764940784;0,064663659;0,163575184;0,645540235;1552,392022;2138,225596
DIJ-269;56492;0;5040;1090;27,38806029;243,1914218;1300,033146;5594,127532;32942,38053;179279,8193;0,139556892;0,353027414;0,764940784;0,064663659;0,163575184;0,645540235;1552,392022;2138,225596
DIJ-270;56492;0;5040;1090;27,38806029;243,1914218;1300,033146;5594,127532;32942,38053;179279,8193;0,139556892;0,353027414;0,764940784;0,064663659;0,163575184;0,645540235;1552,392022;2138,225596
DIJ-271;56492;6,75;5040;1090;27,38806029;243,1914218;1300,033146;5594,127532;32942,38053;179279,8193;0,139556892;0,353027414;0,764940784;0,064663659;0,163575184;0,645540235;1552,392022;2138,225596
DIJ-272;59019;0;147;136;12,25003725;189,0005859;1184,651488;4073,145198;29644,91366;167590,9165;0,057771514;0,270705827;0,726828917;0,02676842;0,125431492;0,610754127;1732,183342;2332,899169
DIJ-273;58065;0;1568;316;18,32388184;202,6012909;1206,889128;6562,393991;31080,42109;169709,5902;0,117132104;0,291997172;0,736921578;0,054273138;0,135296833;0,615869042;1714,217401;2252,687538
DIJ-274;68714;0;13;16;6,6588552;165,7715705;1450,84762;901,2209387;27245,50569;253998,6047;0,011235843;0,157818872;0,680101198;0,005206126;0,073125344;0,611317953;1722,524587;2060,793091
DIJ-275;68203;6,75;752;246;11,54587541;188,0702849;1524,779056;693,2978442;30584,87584;269450,7246;0,015734342;0,199019692;0,707782453;0,007290504;0,092215736;0,638624871;1589,764179;1964,01849
DIJ-301;59580;62,5269128;42;34;4,276459037;14,55154234;72,12699408;574,8830994;1985,461978;8741,705759;0,007982121;0,029394544;0,096944977;0,003698514;0,013619956;0,044919436;6757,538523;8066,366198
DIJ-302;74526;0;288;150;7,697770892;122,3773777;1008,419987;558,9506606;14287,97024;140227,5651;0,007430326;0,153201447;0,632230211;0,00344284;0,070985861;0,47213006;2279,183738;3233,316203
DIJ-303;47747;78,4888548;115;66;6,748987618;65,70303085;654,6242826;816,6571235;7054,483715;79744,56186;0,009632357;0,07593155;0,483706349;0,004463151;0,035182869;0,32196005;2953,67577;3765,305157
DIJ-304;58366;0;15768;3748;95,71618829;717,7852158;3041,782755;77831,25196;383767,9402;1702834,199;0,962862296;0,992614515;0,997328626;0,537598378;0,892336584;0,961057497;100,6126992;455,6112244
DIJ-305;83528;0;988;526;16,70954427;231,7514671;1625,942011;1392,478361;18238,80044;346295,8237;0,027787425;0,178993418;0,680290414;0,012875298;0,082936565;0,537588695;1954,696783;2784,052549
DIJ-306;76144;0;493;340;5,266169993;147,6310453;1121,087113;589,8637787;27623,81338;234755,3426;0,009943896;0,276417806;0,738275986;0,004607502;0,128571283;0,616593587;1460,385499;2426,308433
DIJ-307;82475;0;608;340;9,665420728;167,6056598;1114,088011;915,9067661;26456,07562;247047,5112;0,012937535;0,227568683;0,702489278;0,005994604;0,105443905;0,580569546;1872,417559;2346,163773
DIJ-308;98705;39,7236118;46;38;16,23863173;202,016006;1003,614728;1303,322004;15713,9127;174104,8128;0,011590891;0,19718001;0,640650991;0,005370637;0,091363319;0,477734729;2491,794239;2949,061893
DIJ-309;96843;13,5;20;28;20,85094151;226,9600542;1094,333025;2537,765589;23208,54128;191795,6254;0,029319262;0,245896296;0,714713025;0,013585074;0,113936001;0,542356939;1786,955093;3206,176265
DIJ-310;87414;0;326;188;8,713267402;192,4027457;1079,967247;1289,172366;34446,2809;180934,9175;0,010792053;0,31360441;0,751726603;0,005000496;0,147644157;0,655957952;1399,158527;2100,302237
DIJ-311;87414;0;326;188;8,713267402;192,4027457;1079,967247;1289,172366;34446,2809;180934,9175;0,010792053;0,31360441;0,751726603;0,005000496;0,147644157;0,655957952;1399,158527;2100,302237
DIJ-312;35945;0;2115;1126;22,17639679;289,6390226;2236,015579;2062,314005;56780,96605;478318,8596;0,038144343;0,400434192;0,783133456;0,017674174;0,189715988;0,694356875;1357,895071;1790,132664
DIJ-313;52536;0;31;28;12,49394576;129,7366643;988,898254;3030,099614;33892,63224;215236,4939;0,036933632;0,29813955;0,746132871;0,017113191;0,141890951;0,657522032;1440,11847;2144,42818
DIJ-314;45276;0;61;50;3,881787018;101,1938844;724,8835198;242,807169;8794,214238;88520,19843;0,001163276;0,083963741;0,545408601;5,39E-04;0,038904583;0,408914768;2603,774374;3319,156726
DIJ-315;44557;0;41;36;4,797519637;92,32546719;682,7796515;341,1134153;7594,633793;79673,53621;0,003964661;0,059688302;0,5249664;0,001837025;0,027656563;0,3778829;2725,840919;3568,295714
DIJ-316;45020;0;12;16;3,364300447;82,43770234;614,8208675;163,9997564;6384,186789;68243,68281;0,001041748;0,052315491;0,4905563;4,83E-04;0,024240373;0,326582171;2968,68449;3756,176393
DIJ-317;45135;0;354;118;2,723323804;74,22316308;539,0656694;99,54276883;4757,511707;53796,35424;0,005059339;0,037899786;0,436112472;0,002344244;0,017560859;0,247907077;3360,974958;4166,051797
DIJ-318;45135;0;354;118;2,723323804;74,22316308;539,0656694;99,54276883;4757,511707;53796,35424;0,005059339;0,037899786;0,436112472;0,002344244;0,017560859;0,247907077;3360,974958;4166,051797
DIJ-319;44686;8;133;100;3,135836159;40,86163499;349,4385598;156,4456149;1838,947785;27596,49424;0,003257194;0,017483667;0,197603177;0,00150922;0,008101054;0,091559394;4452,079561;5416,317252
DIJ-320;66126;8;1021;648;28,06952707;310,0629329;1402,302981;4000,232743;43090,24972;189711,8521;0,046489947;0,542230951;0,834422193;0,021541108;0,263408059;0,699241234;1229,017866;2244,107948
DIJ-321;61173;0;1100;676;16,02684224;190,5877529;1177,900477;1703,236446;24232,69149;175474,6131;0,029733343;0,242638915;0,706594274;0,013776939;0,112426694;0,58438831;1847,068643;2435,977383
DIJ-322;51850;8;2877;1592;26,95242236;315,1683744;1477,653832;9277,639294;86331,27666;268061,1815;0,114482297;0,716432341;0,897431879;0,05304535;0,512127491;0,823533591;739,525438;1234,879303
DIJ-323;74373;0;480;304;16,33597164;263,2135441;1441,499019;5758,272787;58799,57016;302204,4917;0,060464185;0,596669454;0,854112926;0,028016068;0,308717225;0,724477971;1013,624468;1947,100178
DIJ-324;74373;0;480;304;16,33597164;263,2135441;1441,499019;5758,272787;58799,57016;302204,4917;0,060464185;0,596669454;0,854112926;0,028016068;0,308717225;0,724477971;1013,624468;1947,100178
DIJ-325;89696;6,75;85;58;25,94205034;304,0342441;1559,763557;11090,60151;110680,9095;405374,5208;0,138418504;0,627765115;0,865360412;0,064136187;0,436458876;0,796163799;880,0849352;1176,482956
DIJ-326;85492;0;323;166;27,83843744;300,6078337;1606,33838;4645,079925;126747,0455;425284,5277;0,038085525;0,586234469;0,850338529;0,01764692;0,503654875;0,820468995;770,5783134;916,3306246
DIJ-327;85027;6,75;203;118;19,13631017;267,5875055;1522,133719;2319,251204;102308,044;394571,6227;0,019028149;0,483253589;0,813089728;0,008816689;0,395354087;0,781295951;918,0209146;1105,231169
DIJ-328;58366;0;15768;3748;95,71618829;717,7852158;3041,782755;77831,25196;383767,9402;1702834,199;0,962862296;0,992614515;0,997328626;0,537598378;0,892336584;0,961057497;100,6126992;455,6112244
DIJ-329;58367;0;12538;4142;90,55675088;709,5991114;3073,701249;57596,95489;335379,1806;1610069,627;0,797245913;0,959678785;0,985415575;0,411048428;0,849842909;0,945687281;215,1787192;507,8254776
DIJ-330;58367;0;12538;4142;90,55675088;709,5991114;3073,701249;57596,95489;335379,1806;1610069,627;0,797245913;0,959678785;0,985415575;0,411048428;0,849842909;0,945687281;215,1787192;507,8254776
DIJ-331;63138;0;915;564;39,61337202;496,8673305;2745,991317;10914,958;143698,3541;1135088,829;0,110565544;0,691672422;0,888476068;0,051230523;0,500906957;0,819475057;778,2651292;1132,355964
DIJ-332;72422;6,75;14;24;35,96632399;565,545109;2925,91871;12684,60075;139942,5157;1013579,831;0,111336769;0,732113257;0,90310376;0,05158787;0,573996577;0,84591201;617,1889142;1032,80971
DIJ-333;83939;0;455;318;35,26212698;452,4689403;2738,292312;31550,43559;339006,543;1319368,666;0,332782225;0,823695549;0,936229624;0,154194579;0,71635221;0,897402895;488,6061764;600,6391864
DIJ-334;84185;0;17438;1532;58,17081842;554,6109849;2979,629729;39288,64737;398034,5365;1467270,945;0,548763913;0,901979047;0,964545234;0,254269653;0,80264762;0,928616462;387,934079;450,807186
DIJ-335;85434;0;33859;3368;51,17929629;571,746234;2817,235818;88271,80636;307175,3543;1286305,166;0,99819355;0,999640756;0,999870059;0,676298703;0,935626305;0,976715649;1;266,1837672
DIJ-336;85436;0;6840;2230;46,24306013;556,0149048;2776,815924;90753,64816;321478,4496;1263196,637;0,951370572;0,990329183;0,996502008;0,541136266;0,906193319;0,966069562;79,142136;360,9005444
DIJ-337;64756;0;83;76;27,89361729;457,880884;2474,668696;44329,02122;348400,167;1637778,839;0,453237776;0,883001187;0,957680829;0,210007635;0,780019088;0,920431586;361,7645056;601,0325844
DIJ-338;64723;0;17016;1646;66,40682416;556,9847729;2669,889171;55491,32329;382917,7922;1715433,279;0,756169512;0,95151002;0,982460884;0,376692576;0,856913483;0,94824475;221;469,1792438
DIJ-339;82251;9,5459418;12;16;13,96586032;210,2155086;1338,61244;757,4572204;15584,76256;220154,3535;0,005852807;0,163931721;0,646816698;0,002711897;0,075957731;0,489468991;2231,276472;3016,385074
DIJ-339B;82181;0;87;82;17,3572935;222,8058642;1370,613357;887,5832685;16470,96631;223733,4839;0,008248051;0,178723705;0,657429593;0,003821733;0,082811594;0,500267532;2185,288241;2984,92523
DIJ-340;91589;22,0459418;68;46;20,66445317;210,70295;1146,259441;2065,23447;18654,33321;151348,9974;0,021170022;0,21484616;0,674329239;0,009809126;0,099548926;0,497581494;2166,795289;3113,120242
DIJ-341;99623;33,75;154;80;15,99191842;163,7644261;760,8818804;1418,060563;15119,96664;72257,57366;0,016698711;0,171045143;0,647998261;0,007737345;0,079253734;0,41510235;2374,089756;4016,509215
DIJ-342;99534;6,75;46;54;11,20141187;59,03584738;327,1782354;746,5978347;3124,237625;23772,463;0,010887349;0,038152285;0,22512682;0,005044651;0,017677854;0,104312468;4336,62716;5914,693606
DIJ-343;24767;0;155;130;11,98014665;173,1593838;1227,51419;1281,090801;17093,08506;119001,0124;0,005976986;0,20723216;0,65589959;0,002769435;0,096020981;0,481814919;2298,458141;3141,963486
DIJ-344;23434;0;186;154;18,09355572;277,9769657;1889,063391;1296,878907;30907,17523;227076,4438;0,013681345;0,262041855;0,729607232;0,006339249;0,121417043;0,634609529;1632,154528;2137,217925
DIJ-345;39828;0;15;20;10,96084664;191,8273945;1181,142338;1023,457198;25309,41383;164259,5303;0,006332203;0,259747928;0,731194691;0,002934025;0,120354152;0,600857582;1617,903692;2648,233267
DIJ-346;32750;8;32;40;7,882997762;223,1697128;1838,613255;991,5387726;39001,20909;296848,7606;0,003167776;0,347540067;0,764001334;0,001467789;0,161061736;0,659072295;1492,402217;2030,844818
DIJ-347;28601;38;397;246;24,64377261;164,4362401;1001,737999;3443,045241;20690,81028;103083,7556;0,038483562;0,275667021;0,682483819;0,017831351;0,127730261;0,479687098;2285,38055;3355,13496
DIJ-348;39947;0;400;298;16,50575851;151,3008513;772,0467444;1287,222937;13447,69044;68863,02857;0,0205246;0,153021998;0,625172866;0,009510069;0,070902713;0,375905949;2518,119618;4189,412907
DIJ-349;16708;0;2030;1136;62,53860138;515,6102116;2422,269227;22131,01622;78548,30103;297306,2414;0,300361038;0,771413161;0,917318771;0,139172229;0,460931331;0,804345581;822,9305058;1595,037731
DIJ-350;40913;27,2236118;861;482;19,8578967;224,8828635;1219,324072;1741,856596;28446,99351;169601,1872;0,021274766;0,327211735;0,756092582;0,009857659;0,151613494;0,617545366;1556,687014;2540,611422
DIJ-351;47438;0;1377;798;39,49359868;353,1976465;1897,286579;5648,24106;86782,17656;422301,7485;0,062039414;0,630118633;0,866211694;0,02874595;0,493941521;0,816955617;769,0392062;1168,019964
DIJ-352;35792;0;5897;2030;45,89171454;543,7897659;2819,908656;14907,7994;153937,1797;719434,7207;0,19822311;0,789505239;0,923862784;0,09184664;0,632854357;0,867201221;544,548253;962,5925072
DIJ-353;35792;0;5897;2030;45,89171454;543,7897659;2819,908656;14907,7994;153937,1797;719434,7207;0,19822311;0,789505239;0,923862784;0,09184664;0,632854357;0,867201221;544,548253;962,5925072
DIJ-354;27021;0;483;180;24,4664946;362,9612265;2473,382004;12129,36524;146495,855;1104817,98;0,079817319;0,756531127;0,91193585;0,036983339;0,632372725;0,867027013;553,9650896;838,662526
DIJ-357;17289;22,0459418;97;116;21,30744107;370,9539287;1639,473108;3450,001483;45971,27453;170137,1175;0,031453397;0,440607652;0,797664437;0,014573925;0,256907282;0,722815979;1148,352489;1853,687538
DIJ-358;82001;0;263;194;15,50638935;174,5827983;1310,575556;1279,158599;25247,394;266189,5743;0,010908353;0,15465219;0,649122669;0,005054383;0,071658062;0,563181104;1999,733693;2262,676819
DIJ-359;97498;0;768;350;11,92222479;164,6116053;840,4394647;1517,689944;17095,39836;100714,0991;0,02053844;0,212723465;0,664943546;0,009516482;0,098565376;0,450969389;2335,348065;3646,70193
DIJ-360;10646;0;27;28;26,64055977;358,5680117;1760,058748;5353,832032;47250,05867;218660,7871;0,054673033;0,519092812;0,826052989;0,025332739;0,258720476;0,714603422;1211,776799;1906,790567
DIJ-361;60735;0;176;138;2,211758748;30,07877609;448,965344;459,0787188;3464,658492;59344,95341;0,008338948;0,027378707;0,389828245;0,00386385;0,012685919;0,20619921;3434,311056;4354,744611
DIJ-362;66456;0;465;234;6,441382908;57,24512737;465,3639223;434,8415741;5353,202367;81680,52639;0,011186086;0,057911161;0,448941324;0,005183071;0,026833125;0,288360742;3051,828823;3964,445818
DIJ-363;60395;0;93;70;3,18872149;42,39687857;498,701104;569,1112818;6369,007796;70873,75484;0,007922684;0,062156868;0,464664068;0,003670974;0,028800373;0,250322269;3297,523637;4218,362259
DIJ-368;87917;8;43;60;10,79861878;160,844583;1018,494886;1292,950665;24966,18028;169539,0868;0,012844231;0,170935698;0,692297735;0,005951372;0,079203023;0,601615461;1689,546452;2287,602277
DIJ-372;59960;23;46;32;0,196283968;8,819329701;79,49699698;3,861069254;633,458334;9731,644179;6,23E-04;0,004519393;0,099552295;2,89E-04;0,00209406;0,046127537;6007,441918;7073,148926
DIJ-373;59476;0;93;62;1,141606995;5,154675396;57,31021892;39,13914986;491,5729986;7424,425164;0,00154891;0,005150654;0,070950204;7,18E-04;0,002386555;0,032874763;6391,577106;7268,614214
DIJ-376;62746;0;170;124;15,05527222;320,0164629;1212,591688;4767,801111;57744,6144;192956,3156;0,030967786;0,592405082;0,852570476;0,014348918;0,32989673;0,753159568;1002,778274;1726,175869
DIJ-377;65557;9,5459418;22;28;25,39827924;328,1032931;1174,229025;4877,661226;53211,47096;177848,466;0,039208037;0,54755954;0,836349575;0,018167036;0,308101978;0,74272015;1069,846818;1799,839345
DIJ-378;65556;0;393;290;28,84064504;340,9721677;1191,864652;5359,927188;54908,80593;181991,827;0,046830006;0,567147786;0,843434761;0,021698674;0,322047904;0,748944387;1041,669148;1770,575888
DIJ-379;123407;0;3986;1184;18,4119853;133,5882076;351,6874089;2833,181536;27378,85646;67887,60227;0,068020859;0,452408196;0,786911941;0,031517452;0,20962325;0,517174474;2035,026161;4374,945492
DIJ-380;123407;0;3986;1184;18,4119853;133,5882076;351,6874089;2833,181536;27378,85646;67887,60227;0,068020859;0,452408196;0,786911941;0,031517452;0,20962325;0,517174474;2035,026161;4374,945492
DIJ-381;123721;0;58;38;5,81574745;110,5670956;335,3970129;2749,491503;27713,19984;69813,87325;0,01090781;0,404131902;0,769378902;0,005054132;0,187254438;0,510189955;1948,53888;4380,027606
DIJ-382;65899;0;1200;674;23,49884383;300,2250297;1777,900352;2512,420208;49588,07288;328111,4636;0,032033734;0,430438656;0,79398625;0,014842825;0,261471287;0,732385164;1176,347342;1571,471711
DIJ-383;63694;8;110;64;1,640989975;42,61399493;256,6502064;251,5125187;5371,185858;33119,6048;0,001500656;0,068761164;0,316691316;6,95E-04;0,031860472;0,146953321;4079,059893;5329,7078
DIJ-384;35933;6,75;1404;666;30,65611507;369,9542138;1446,215399;4177,00481;53989,17399;196555,0864;0,056589212;0,522502642;0,827286345;0,0262206;0,280628541;0,73157673;1081,199109;1775,003247
DIJ-385;55371;0;203;118;1,139336581;4,020279433;23,45751805;14,44028255;184,0889023;2546,435879;0,002979676;0,003637873;0,023925981;0,001380632;0,001685608;0,011086099;7984,212096;9482,893408
DIJ-386;55423;199,1995348;14;16;0,876405254;3,654260076;21,77029322;123,413059;335,3146684;2575,510059;0,002169106;0,003311412;0,02188599;0,001005055;0,001534342;0,010140869;8077,786737;9594,292903
DIJ-387;112817;0;564;380;13,79361806;224,9011533;832,9109089;3687,482329;56447,81427;276275,0435;0,045837788;0,466997524;0,807209812;0,02123893;0,225581443;0,711770529;1390,135712;1733,950995
