id_nestbox;year;lcz1;dist_lcz;temp_id_lcz;dist_pp;temp_id_pp;temp_id_final
DIJ-002;2020;101;2257,014849;s32;484,3948145;s10;s10
DIJ-003;2021;101;99,14616158;s61;99,14616158;s61;s61
DIJ-004;2019;101;2222,886817;s32;539,5714343;s10;s10
DIJ-004;2020;101;2222,886817;s32;539,5714343;s10;s10
DIJ-005;2021;101;122,9849455;s61;122,9849455;s61;s61
DIJ-005;2022;101;122,9849455;s61;122,9849455;s61;s61
DIJ-006;2019;101;2274,318122;s32;569,4054747;s10;s10
DIJ-008;2021;101;49,48839806;s61;49,48839806;s61;s61
DIJ-008;2022;101;49,48839806;s61;49,48839806;s61;s61
DIJ-009;2019;101;2318,22364;s32;477,2409731;s10;s10
DIJ-009;2020;101;2318,22364;s32;477,2409731;s10;s10
DIJ-010;2019;101;1637,974361;s32;1132,60731;s16;s32
DIJ-010;2022;101;998,9214808;s61;998,9214808;s61;s61
DIJ-011;2019;101;1673,865218;s32;1093,440731;s16;s32
DIJ-011;2020;101;1673,865218;s32;1093,440731;s16;s32
DIJ-011;2021;101;1007,281202;s61;1007,281202;s61;s61
DIJ-012B;2021;101;1025,797966;s61;1025,797966;s61;s61
DIJ-013;2021;101;934,2872544;s61;934,2872544;s61;s61
DIJ-015;2019;101;1696,933427;s32;1163,533075;s16;s32
DIJ-015;2022;101;926,3640203;s61;926,3640203;s61;s61
DIJ-016;2019;6;1829,762708;s12;778,5078206;s52;s52
DIJ-016;2021;6;1829,762708;s12;264,8245716;s70;s70
DIJ-017;2019;6;1828,037828;s12;751,022977;s52;s52
DIJ-017;2021;6;1828,037828;s12;306,4415808;s70;s70
DIJ-017;2022;6;1828,037828;s12;306,4415808;s70;s70
DIJ-019;2022;4;758,8885445;s09;200,8382304;s70;s09
DIJ-020B;2022;101;513,114828;s32;513,114828;s32;s32
DIJ-022B;2022;101;434,0384898;s32;434,0384898;s32;s32
DIJ-023B;2021;101;369,7197745;s32;369,7197745;s32;s32
DIJ-023B;2022;101;369,7197745;s32;369,7197745;s32;s32
DIJ-025;2021;4;202,3645338;s09;202,3645338;s09;s09
DIJ-026;2021;4;153,0448298;s09;153,0448298;s09;s09
DIJ-028;2019;101;954,5767556;s32;790,4446065;s09;s32
DIJ-028;2021;101;198,7795872;s67;198,7795872;s67;s67
DIJ-028;2022;101;198,7795872;s67;198,7795872;s67;s67
DIJ-030;2019;101;903,9513742;s32;796,3069522;s09;s32
DIJ-030;2022;101;265,4849583;s67;265,4849583;s67;s67
DIJ-031;2019;101;762,8417847;s32;762,8417847;s32;s32
DIJ-032;2020;101;798,6511437;s32;798,6511437;s32;s32
DIJ-032;2021;101;378,0513144;s67;378,0513144;s67;s67
DIJ-033;2019;101;759,5946826;s32;759,5946826;s32;s32
DIJ-036;2020;101;2145,48401;s42;242,9828179;s10;s10
DIJ-036;2021;101;15,4676269;s63;15,4676269;s63;s63
DIJ-037;2021;101;22,36347472;s63;22,36347472;s63;s63
DIJ-038;2020;101;2187,458918;s42;207,5876587;s10;s10
DIJ-039;2021;101;34,9234444;s63;34,9234444;s63;s63
DIJ-040;2020;101;156,2233554;s42;156,2233554;s42;s42
DIJ-040;2021;101;156,2233554;s42;156,2233554;s42;s42
DIJ-040;2022;101;156,2233554;s42;156,2233554;s42;s42
DIJ-041;2019;101;111,4509685;s42;111,4509685;s42;s42
DIJ-041;2021;101;111,4509685;s42;111,4509685;s42;s42
DIJ-042;2020;101;83,69778764;s42;83,69778764;s42;s42
DIJ-044;2019;101;81,96059218;s42;81,96059218;s42;s42
DIJ-044;2020;101;81,96059218;s42;81,96059218;s42;s42
DIJ-044;2022;101;81,96059218;s42;81,96059218;s42;s42
DIJ-045;2019;101;60,61885693;s42;60,61885693;s42;s42
DIJ-045;2021;101;60,61885693;s42;60,61885693;s42;s42
DIJ-045;2022;101;60,61885693;s42;60,61885693;s42;s42
DIJ-046;2021;101;63,36503248;s42;63,36503248;s42;s42
DIJ-046;2022;101;63,36503248;s42;63,36503248;s42;s42
DIJ-047;2019;101;113,2189061;s42;113,2189061;s42;s42
DIJ-047;2020;101;113,2189061;s42;113,2189061;s42;s42
DIJ-047;2022;101;113,2189061;s42;113,2189061;s42;s42
DIJ-048;2019;101;152,1464985;s42;152,1464985;s42;s42
DIJ-048;2021;101;152,1464985;s42;152,1464985;s42;s42
DIJ-048;2022;101;152,1464985;s42;152,1464985;s42;s42
DIJ-049;2019;101;220,4528227;s42;220,4528227;s42;s42
DIJ-049;2021;101;220,4528227;s42;220,4528227;s42;s42
DIJ-049;2022;101;220,4528227;s42;220,4528227;s42;s42
DIJ-050;2019;101;185,5888811;s42;185,5888811;s42;s42
DIJ-050;2021;101;185,5888811;s42;185,5888811;s42;s42
DIJ-050;2022;101;185,5888811;s42;185,5888811;s42;s42
DIJ-051;2019;101;175,4043039;s42;175,4043039;s42;s42
DIJ-051;2020;101;175,4043039;s42;175,4043039;s42;s42
DIJ-051;2022;101;175,4043039;s42;175,4043039;s42;s42
DIJ-052;2021;101;176,43939;s42;176,43939;s42;s42
DIJ-053;2019;101;196,1533165;s42;196,1533165;s42;s42
DIJ-053;2022;101;196,1533165;s42;196,1533165;s42;s42
DIJ-054;2019;2;984,3242926;s05;280,0736159;s42;s05
DIJ-059;2022;101;148,3040816;s64;148,3040816;s64;s64
DIJ-067;2019;2;493,5685364;s01;473,7758846;s47;s01
DIJ-068;2019;4;94,77043416;s02;94,77043416;s02;s02
DIJ-068;2020;4;94,77043416;s02;94,77043416;s02;s02
DIJ-071;2019;4;195,1973656;s02;175,1641617;s05;s02
DIJ-071;2020;4;195,1973656;s02;175,1641617;s05;s02
DIJ-071;2021;4;195,1973656;s02;175,1641617;s05;s02
DIJ-071;2022;4;195,1973656;s02;175,1641617;s05;s02
DIJ-072;2019;101;659,6105431;s32;659,6105431;s32;s32
DIJ-072;2020;101;659,6105431;s32;659,6105431;s32;s32
DIJ-072;2021;101;621,9184307;s67;621,9184307;s67;s67
DIJ-073;2020;101;623,0023822;s32;623,0023822;s32;s32
DIJ-073;2022;101;623,0023822;s32;623,0023822;s32;s32
DIJ-074;2021;101;595,4072641;s32;583,9549539;s65;s32
DIJ-076;2019;101;555,1352053;s32;555,1352053;s32;s32
DIJ-076;2020;101;555,1352053;s32;555,1352053;s32;s32
DIJ-079;2019;101;688,0913169;s32;688,0913169;s32;s32
DIJ-079;2021;101;688,0913169;s32;618,9487466;s65;s32
DIJ-079;2022;101;688,0913169;s32;618,9487466;s65;s32
DIJ-080;2019;105;74,98724832;s03;74,98724832;s03;s03
DIJ-081;2020;105;149,9919397;s03;149,9919397;s03;s03
DIJ-082;2020;105;24,31372398;s03;24,31372398;s03;s03
DIJ-082;2022;105;24,31372398;s03;24,31372398;s03;s03
DIJ-083;2020;2;419,5041873;s07;306,6140623;s03;s07
DIJ-084;2019;2;431,3453574;s07;209,9997764;s03;s07
DIJ-084;2021;2;431,3453574;s07;209,9997764;s03;s07
DIJ-084;2022;2;431,3453574;s07;209,9997764;s03;s07
DIJ-085;2020;2;469,446163;s01;205,0699922;s03;s01
DIJ-085;2021;2;469,446163;s01;205,0699922;s03;s01
DIJ-085;2022;2;469,446163;s01;205,0699922;s03;s01
DIJ-086;2022;101;206,94431;s66;206,94431;s66;s66
DIJ-087;2021;101;161,9522121;s66;161,9522121;s66;s66
DIJ-088;2019;101;722,2596478;s42;296,7064233;s47;s42
DIJ-090;2019;101;811,3572451;s42;225,8555516;s47;s42
DIJ-090;2021;101;63,80695062;s66;63,80695062;s66;s66
DIJ-090;2022;101;63,80695062;s66;63,80695062;s66;s66
DIJ-091;2019;101;798,294753;s42;209,2221982;s47;s42
DIJ-092;2019;101;736,4954643;s42;263,9780953;s47;s42
DIJ-092;2020;101;736,4954643;s42;263,9780953;s47;s42
DIJ-093;2020;101;689,6602567;s42;302,2885151;s47;s42
DIJ-093;2021;101;132,0315;s66;132,0315;s66;s66
DIJ-096;2019;101;633,1888283;s42;306,4196168;s47;s42
DIJ-096;2020;101;633,1888283;s42;306,4196168;s47;s42
DIJ-096;2021;101;174,3747118;s66;174,3747118;s66;s66
DIJ-096;2022;101;174,3747118;s66;174,3747118;s66;s66
DIJ-097;2020;101;704,4388997;s42;240,6047009;s47;s42
DIJ-097;2021;101;104,62746;s66;104,62746;s66;s66
DIJ-098;2019;101;788,6821587;s42;153,0777691;s47;s42
DIJ-098;2021;101;61,02523673;s66;61,02523673;s66;s66
DIJ-098;2022;101;61,02523673;s66;61,02523673;s66;s66
DIJ-099;2019;101;785,7613071;s42;145,5224208;s47;s42
DIJ-099;2020;101;785,7613071;s42;145,5224208;s47;s42
DIJ-099;2021;101;96,10983217;s66;96,10983217;s66;s66
DIJ-102;2021;101;197,8180905;s66;197,8180905;s66;s66
DIJ-102;2022;101;197,8180905;s66;197,8180905;s66;s66
DIJ-103;2020;101;609,6298466;s42;320,129201;s47;s42
DIJ-104;2019;101;590,5404428;s42;339,7123235;s47;s42
DIJ-105;2019;101;606,8868283;s42;324,7212134;s47;s42
DIJ-105;2020;101;606,8868283;s42;324,7212134;s47;s42
DIJ-106;2019;101;662,9340012;s42;273,7899672;s47;s42
DIJ-106;2020;101;662,9340012;s42;273,7899672;s47;s42
DIJ-108;2019;101;754,0836541;s42;191,8125587;s47;s42
DIJ-109;2020;101;775,3538365;s42;192,7567189;s47;s42
DIJ-109;2021;101;30,08162638;s66;30,08162638;s66;s66
DIJ-109;2022;101;30,08162638;s66;30,08162638;s66;s66
DIJ-110;2019;101;659,4758345;s42;296,8115866;s47;s42
DIJ-110;2021;101;145,7368341;s66;145,7368341;s66;s66
DIJ-111;2019;101;1141,03847;s32;703,3214904;s09;s09
DIJ-111;2022;101;67,20417876;s67;67,20417876;s67;s67
DIJ-112;2020;101;1115,846784;s32;717,5944885;s09;s09
DIJ-112;2021;101;73,91977697;s67;73,91977697;s67;s67
DIJ-113;2019;101;1089,247294;s32;728,4482222;s09;s09
DIJ-113;2022;101;84,14285312;s67;84,14285312;s67;s67
DIJ-114;2020;101;1071,688823;s32;733,1654676;s09;s09
DIJ-114;2021;101;92,7946585;s67;92,7946585;s67;s67
DIJ-115;2021;101;55,79361603;s67;55,79361603;s67;s67
DIJ-115B;2019;101;1133,544977;s32;687,7697727;s09;s09
DIJ-115B;2020;101;1133,544977;s32;687,7697727;s09;s09
DIJ-116;2021;101;27,810952;s67;27,810952;s67;s67
DIJ-116;2022;101;27,810952;s67;27,810952;s67;s67
DIJ-117;2020;101;1183,508793;s32;600,7682556;s09;s09
DIJ-117;2021;101;44,1965097;s67;44,1965097;s67;s67
DIJ-117;2022;101;44,1965097;s67;44,1965097;s67;s67
DIJ-118;2020;101;1210,414508;s32;612,0856578;s09;s09
DIJ-118;2022;101;57,52451374;s67;57,52451374;s67;s67
DIJ-119;2019;101;1184,391134;s32;640,4456123;s09;s09
DIJ-119;2021;101;37,68647086;s67;37,68647086;s67;s67
DIJ-119;2022;101;37,68647086;s67;37,68647086;s67;s67
DIJ-121;2019;2;206,8340011;s06;206,8340011;s06;s06
DIJ-121;2020;2;206,8340011;s06;206,8340011;s06;s06
DIJ-121;2021;2;206,8340011;s06;206,8340011;s06;s06
DIJ-121;2022;2;206,8340011;s06;206,8340011;s06;s06
DIJ-123;2020;2;191,6383492;s06;191,6383492;s06;s06
DIJ-125;2022;101;618,49657;s43;618,49657;s43;s43
DIJ-126;2019;101;549,4532129;s43;549,4532129;s43;s43
DIJ-126;2021;101;549,4532129;s43;549,4532129;s43;s43
DIJ-126;2022;101;549,4532129;s43;549,4532129;s43;s43
DIJ-127;2019;101;509,2327717;s43;509,2327717;s43;s43
DIJ-127;2021;101;509,2327717;s43;509,2327717;s43;s43
DIJ-127;2022;101;509,2327717;s43;509,2327717;s43;s43
DIJ-128;2021;101;473,1078895;s43;473,1078895;s43;s43
DIJ-128;2022;101;473,1078895;s43;473,1078895;s43;s43
DIJ-129;2019;101;435,4247199;s43;435,4247199;s43;s43
DIJ-129;2022;101;435,4247199;s43;435,4247199;s43;s43
DIJ-130;2019;101;401,5136352;s43;401,5136352;s43;s43
DIJ-131;2019;101;355,9545578;s43;355,9545578;s43;s43
DIJ-131;2020;101;355,9545578;s43;355,9545578;s43;s43
DIJ-131;2022;101;355,9545578;s43;355,9545578;s43;s43
DIJ-132;2019;101;314,5242926;s43;314,5242926;s43;s43
DIJ-132;2021;101;314,5242926;s43;314,5242926;s43;s43
DIJ-132;2022;101;314,5242926;s43;314,5242926;s43;s43
DIJ-133;2021;101;278,2803325;s43;278,2803325;s43;s43
DIJ-133;2022;101;278,2803325;s43;278,2803325;s43;s43
DIJ-134;2019;101;238,8263521;s43;238,8263521;s43;s43
DIJ-134;2022;101;238,8263521;s43;238,8263521;s43;s43
DIJ-135;2019;101;231,0436768;s43;231,0436768;s43;s43
DIJ-135;2021;101;231,0436768;s43;231,0436768;s43;s43
DIJ-135;2022;101;231,0436768;s43;231,0436768;s43;s43
DIJ-136;2020;101;293,1827062;s43;293,1827062;s43;s43
DIJ-136;2022;101;293,1827062;s43;293,1827062;s43;s43
DIJ-136B;2021;101;308,3534561;s43;308,3534561;s43;s43
DIJ-136B;2022;101;308,3534561;s43;308,3534561;s43;s43
DIJ-137;2019;101;353,4538929;s43;353,4538929;s43;s43
DIJ-137;2022;101;353,4538929;s43;353,4538929;s43;s43
DIJ-138;2021;101;431,7372629;s43;431,7372629;s43;s43
DIJ-138;2022;101;431,7372629;s43;431,7372629;s43;s43
DIJ-139;2019;101;466,6041622;s43;466,6041622;s43;s43
DIJ-139;2020;101;466,6041622;s43;466,6041622;s43;s43
DIJ-139;2021;101;466,6041622;s43;466,6041622;s43;s43
DIJ-139;2022;101;466,6041622;s43;466,6041622;s43;s43
DIJ-140;2019;101;500,6773418;s43;500,6773418;s43;s43
DIJ-140;2020;101;500,6773418;s43;500,6773418;s43;s43
DIJ-140;2022;101;500,6773418;s43;500,6773418;s43;s43
DIJ-141;2020;101;538,2445742;s43;538,2445742;s43;s43
DIJ-141;2021;101;538,2445742;s43;538,2445742;s43;s43
DIJ-141;2022;101;538,2445742;s43;538,2445742;s43;s43
DIJ-142;2022;101;583,8027792;s43;583,8027792;s43;s43
DIJ-143;2021;101;616,1289417;s43;616,1289417;s43;s43
DIJ-143;2022;101;616,1289417;s43;616,1289417;s43;s43
DIJ-145;2022;4;423,4312927;s65;423,4312927;s65;s65
DIJ-146;2020;4;1412,860177;s09;684,448736;s32;s32
DIJ-147;2019;4;1373,988056;s09;681,6541873;s32;s32
DIJ-147;2020;4;1373,988056;s09;681,6541873;s32;s32
DIJ-147;2021;4;444,5682922;s65;444,5682922;s65;s65
DIJ-147;2022;4;444,5682922;s65;444,5682922;s65;s65
DIJ-148;2021;4;463,5901986;s65;463,5901986;s65;s65
DIJ-149;2022;4;484,2484658;s65;484,2484658;s65;s65
DIJ-150;2019;4;1221,790146;s09;697,2785311;s32;s32
DIJ-151;2019;4;1134,077823;s09;733,1761957;s32;s32
DIJ-151;2021;4;582,2891656;s65;582,2891656;s65;s65
DIJ-153;2019;101;1430,687183;s42;368,5458037;s07;s07
DIJ-153;2021;101;425,4530787;s64;368,5458037;s07;s64
DIJ-155;2019;103;3152,074305;s59;467,8360015;s10;s10
DIJ-157;2021;4;83,93743316;s62;83,93743316;s62;s62
DIJ-158;2021;4;181,8407171;s62;181,8407171;s62;s62
DIJ-159;2019;4;1546,969571;s02;487,749222;s08;s08
DIJ-159;2021;4;143,5519157;s62;143,5519157;s62;s62
DIJ-160;2022;4;187,8559959;s62;187,8559959;s62;s62
DIJ-162;2020;6;250,2829246;s11;250,2829246;s11;s11
DIJ-162;2021;6;250,2829246;s11;250,2829246;s11;s11
DIJ-163;2019;8;347,4987394;s52;347,4987394;s52;s52
DIJ-163;2020;8;347,4987394;s52;347,4987394;s52;s52
DIJ-163;2021;8;347,4987394;s52;347,4987394;s52;s52
DIJ-163;2022;8;347,4987394;s52;347,4987394;s52;s52
DIJ-164;2021;8;330,0844358;s52;330,0844358;s52;s52
DIJ-165;2019;8;394,4727809;s52;394,4727809;s52;s52
DIJ-165;2021;8;394,4727809;s52;394,4727809;s52;s52
DIJ-166;2022;4;1045,080682;s02;443,34612;s52;s52
DIJ-167;2019;4;991,7522178;s02;495,1265243;s52;s02
DIJ-167;2022;4;991,7522178;s02;495,1265243;s52;s02
DIJ-168;2019;4;908,4683033;s02;538,7399332;s42;s02
DIJ-168;2020;4;908,4683033;s02;538,7399332;s42;s02
DIJ-168;2021;4;908,4683033;s02;538,7399332;s42;s02
DIJ-168;2022;4;908,4683033;s02;538,7399332;s42;s02
DIJ-169;2019;4;810,4579454;s02;497,0582215;s42;s02
DIJ-169;2020;4;810,4579454;s02;497,0582215;s42;s02
DIJ-169;2021;4;810,4579454;s02;497,0582215;s42;s02
DIJ-170;2019;4;739,3532063;s02;439,633913;s42;s02
DIJ-170;2020;4;739,3532063;s02;439,633913;s42;s02
DIJ-171;2019;4;645,3365623;s02;398,3188565;s42;s02
DIJ-171;2020;4;645,3365623;s02;398,3188565;s42;s02
DIJ-171;2021;4;645,3365623;s02;398,3188565;s42;s02
DIJ-171;2022;4;645,3365623;s02;398,3188565;s42;s02
DIJ-172;2020;4;625,6671904;s02;397,3092806;s05;s02
DIJ-172;2022;4;625,6671904;s02;397,3092806;s05;s02
DIJ-173;2019;4;647,836759;s02;389,0098306;s05;s02
DIJ-173;2020;4;647,836759;s02;389,0098306;s05;s02
DIJ-174;2021;101;670,8013409;s70;338,4039442;s05;s70
DIJ-174;2022;101;670,8013409;s70;338,4039442;s05;s70
DIJ-175;2022;101;620,0826917;s70;363,8476174;s05;s70
DIJ-176;2020;101;1227,332791;s42;359,8942989;s09;s09
DIJ-176;2022;101;561,7371911;s70;359,8942989;s09;s70
DIJ-177;2019;101;1250,503252;s42;363,7466513;s09;s09
DIJ-177;2021;101;482,0187964;s70;363,7466513;s09;s70
DIJ-177;2022;101;482,0187964;s70;363,7466513;s09;s70
DIJ-178;2019;101;1294,876673;s42;369,9751903;s09;s09
DIJ-178;2022;101;397,2468693;s70;369,9751903;s09;s70
DIJ-179;2020;101;1333,585426;s42;394,968813;s09;s09
DIJ-179;2022;101;322,8211675;s70;322,8211675;s70;s70
DIJ-180;2019;101;1372,880111;s42;434,0065092;s09;s09
DIJ-180;2020;101;1372,880111;s42;434,0065092;s09;s09
DIJ-180;2021;101;248,9814389;s70;248,9814389;s70;s70
DIJ-181;2019;101;1373,020001;s43;486,9345572;s09;s09
DIJ-181;2020;101;1373,020001;s43;486,9345572;s09;s09
DIJ-181;2021;101;177,5718068;s70;177,5718068;s70;s70
DIJ-181;2022;101;177,5718068;s70;177,5718068;s70;s70
DIJ-182;2019;101;1295,172503;s43;545,1863991;s09;s09
DIJ-182;2021;101;88,95053565;s70;88,95053565;s70;s70
DIJ-183;2019;101;1214,18046;s43;622,9770912;s09;s09
DIJ-183;2020;101;1214,18046;s43;622,9770912;s09;s09
DIJ-183;2021;101;70,48799496;s70;70,48799496;s70;s70
DIJ-183;2022;101;70,48799496;s70;70,48799496;s70;s70
DIJ-184;2020;101;1333,697216;s32;535,7474932;s09;s09
DIJ-184B;2019;101;1356,28773;s32;574,3544266;s09;s09
DIJ-184B;2020;101;1356,28773;s32;574,3544266;s09;s09
DIJ-185;2019;101;1285,398912;s32;643,7792074;s09;s09
DIJ-185;2020;101;1285,398912;s32;643,7792074;s09;s09
DIJ-185;2021;101;158,7621177;s67;158,7621177;s67;s67
DIJ-188B;2022;6;560,7791658;s12;385,140324;s27;s12
DIJ-188C;2021;6;532,6287079;s12;341,4384541;s27;s12
DIJ-189;2019;4;743,5944289;s02;407,0918354;s42;s02
DIJ-190;2020;101;444,5428271;s42;444,5428271;s42;s42
DIJ-190;2021;101;360,5763268;s66;360,5763268;s66;s66
DIJ-191;2022;101;989,3503001;s61;989,3503001;s61;s61
DIJ-192;2021;101;962,1719589;s61;962,1719589;s61;s61
DIJ-192;2022;101;962,1719589;s61;962,1719589;s61;s61
DIJ-194;2022;101;926,0756731;s61;926,0756731;s61;s61
DIJ-196;2021;101;886,4496871;s61;886,4496871;s61;s61
DIJ-199;2022;101;848,8522635;s61;848,8522635;s61;s61
DIJ-200;2022;101;834,1222395;s61;834,1222395;s61;s61
DIJ-201;2020;4;762,998476;s29;762,998476;s29;s29
DIJ-201;2021;4;192,3348705;s71;192,3348705;s71;s71
DIJ-201;2022;4;192,3348705;s71;192,3348705;s71;s71
DIJ-202;2019;4;656,5351601;s29;656,5351601;s29;s29
DIJ-202;2021;4;215,7344657;s71;215,7344657;s71;s71
DIJ-204;2020;4;293,3170505;s29;293,3170505;s29;s29
DIJ-204;2021;4;293,3170505;s29;293,3170505;s29;s29
DIJ-205;2019;4;382,4966511;s29;382,4966511;s29;s29
DIJ-205;2020;4;382,4966511;s29;382,4966511;s29;s29
DIJ-208;2019;4;426,5490715;s29;426,5490715;s29;s29
DIJ-208;2020;4;426,5490715;s29;426,5490715;s29;s29
DIJ-212;2021;4;79,66820597;s71;79,66820597;s71;s71
DIJ-212;2022;4;79,66820597;s71;79,66820597;s71;s71
DIJ-213;2020;4;883,2675611;s29;688,4116297;s32;s29
DIJ-213;2022;4;69,46281457;s71;69,46281457;s71;s71
DIJ-214;2021;4;64,54858383;s71;64,54858383;s71;s71
DIJ-215;2021;4;112,2185012;s71;112,2185012;s71;s71
DIJ-215;2022;4;112,2185012;s71;112,2185012;s71;s71
DIJ-216;2019;4;1009,316788;s29;561,5781192;s32;s32
DIJ-216;2022;4;145,8542976;s71;145,8542976;s71;s71
DIJ-217;2021;4;190,7995372;s71;190,7995372;s71;s71
DIJ-217;2022;4;190,7995372;s71;190,7995372;s71;s71
DIJ-218;2019;4;1100,454273;s29;498,4313855;s32;s32
DIJ-218;2020;4;1100,454273;s29;498,4313855;s32;s32
DIJ-218;2021;4;245,5422754;s71;245,5422754;s71;s71
DIJ-219;2019;4;932,9661518;s29;642,855147;s32;s29
DIJ-219;2022;4;68,03350335;s71;68,03350335;s71;s71
DIJ-220;2019;4;866,0634083;s29;708,4123478;s32;s29
DIJ-220;2020;4;866,0634083;s29;708,4123478;s32;s29
DIJ-221;2021;101;396,3734562;s66;396,3734562;s66;s66
DIJ-221B;2022;101;1254,098307;s61;1218,976914;s18;s61
DIJ-221B;2021;101;1254,098307;s61;1218,976914;s18;s61
DIJ-222B;2022;101;1191,995005;s61;1191,995005;s61;s61
DIJ-223B;2021;101;1238,750994;s61;1207,799349;s16;s61
DIJ-223B;2022;101;1238,750994;s61;1207,799349;s16;s61
DIJ-224;2021;101;429,5718094;s66;429,5718094;s66;s66
DIJ-224;2022;101;429,5718094;s66;429,5718094;s66;s66
DIJ-224B;2021;101;1338,317792;s61;1135,810244;s18;s61
DIJ-224B;2022;101;1338,317792;s61;1135,810244;s18;s61
DIJ-225;2021;101;439,3708263;s66;439,3708263;s66;s66
DIJ-225B;2022;101;1346,79854;s61;1126,307509;s18;s61
DIJ-227;2021;101;1328,292717;s61;1071,431789;s16;s61
DIJ-229;2021;101;1263,227693;s61;1099,046441;s16;s61
DIJ-229;2022;101;1263,227693;s61;1099,046441;s16;s61
DIJ-232;2021;101;1206,089095;s61;1206,089095;s61;s61
DIJ-232;2022;101;1206,089095;s61;1206,089095;s61;s61
DIJ-233;2021;101;1302,698272;s61;1172,034328;s18;s61
DIJ-233;2022;101;1302,698272;s61;1172,034328;s18;s61
DIJ-234;2022;101;1325,404283;s61;1147,78959;s16;s61
DIJ-235;2021;101;1358,691953;s61;1120,079642;s18;s61
DIJ-235;2022;101;1358,691953;s61;1120,079642;s18;s61
DIJ-236;2021;101;501,7225502;s66;501,7225502;s66;s66
DIJ-236;2022;101;501,7225502;s66;501,7225502;s66;s66
DIJ-237;2021;101;544,2079209;s66;488,2514668;s27;s66
DIJ-237;2022;101;544,2079209;s66;488,2514668;s27;s66
DIJ-238;2021;101;607,8774029;s66;466,6896098;s27;s66
DIJ-240;2022;101;907,3959951;s66;325,0066835;s27;s66
DIJ-242;2021;101;988,4426276;s66;363,1554576;s27;s66
DIJ-242;2022;101;988,4426276;s66;363,1554576;s27;s66
DIJ-244;2022;101;946,1323018;s41;433,9821075;s27;s41
DIJ-245;2022;101;923,6602841;s41;468,7786223;s27;s41
DIJ-246;2021;101;1914,429617;s61;699,0957884;s16;s16
DIJ-246;2022;101;1914,429617;s61;699,0957884;s16;s16
DIJ-247;2021;101;1915,848484;s61;737,8210768;s16;s16
DIJ-248;2021;101;1866,781476;s61;800,6987376;s18;s18
DIJ-249;2021;101;1873,860323;s61;814,4393229;s16;s16
DIJ-249;2022;101;1873,860323;s61;814,4393229;s16;s16
DIJ-251;2021;101;1849,134315;s61;716,6915486;s16;s16
DIJ-251;2022;101;1849,134315;s61;716,6915486;s16;s16
DIJ-253;2021;101;1864,31174;s61;770,8546908;s18;s18
DIJ-253;2022;101;1864,31174;s61;770,8546908;s18;s18
DIJ-254;2022;101;1860,00717;s61;745,5318669;s18;s18
DIJ-255;2021;101;1855,180972;s61;713,7208055;s18;s18
DIJ-256;2022;101;1833,461388;s61;706,9322253;s18;s18
DIJ-257;2021;101;1829,534481;s61;691,9920378;s18;s18
DIJ-257;2022;101;1829,534481;s61;691,9920378;s18;s18
DIJ-259;2021;101;1724,559433;s61;773,9057042;s18;s18
DIJ-259;2022;101;1724,559433;s61;773,9057042;s18;s18
DIJ-260;2022;101;596,7177784;s67;422,3850282;s06;s67
DIJ-263;2022;101;480,3287188;s67;475,7547838;s06;s67
DIJ-269;2021;101;624,1531864;s67;528,6131188;s06;s67
DIJ-269;2022;101;624,1531864;s67;528,6131188;s06;s67
DIJ-271;2021;101;581,0476344;s67;490,6929575;s06;s67
DIJ-271;2022;101;581,0476344;s67;490,6929575;s06;s67
DIJ-272;2021;101;523,6051711;s67;486,7204452;s06;s67
DIJ-272;2022;101;523,6051711;s67;486,7204452;s06;s67
DIJ-273;2021;101;603,773426;s67;454,6304907;s06;s67
DIJ-274;2022;4;278,9639685;s27;278,9639685;s27;s27
DIJ-275;2022;4;257,8150664;s27;257,8150664;s27;s27
DIJ-303;2022;4;673,9702217;s65;673,9702217;s65;s65
DIJ-308;2022;4;1004,683551;s22;1004,683551;s22;s22
DIJ-312;2022;6;307,9767949;s24;307,9767949;s24;s24
DIJ-316;2022;4;489,2122609;s62;187,8217706;s07;s62
DIJ-319;2022;2;348,5784041;s07;348,5784041;s07;s07
DIJ-325;2022;101;376,0258089;s43;376,0258089;s43;s43
DIJ-326;2022;6;2078,006379;s12;612,0904205;s43;s43
DIJ-328;2022;6;440,1469018;s28;440,1469018;s28;s28
DIJ-329;2022;101;1282,763828;s41;281,093433;s28;s28
DIJ-330;2022;6;267,995798;s28;267,995798;s28;s28
DIJ-331;2022;6;404,8466922;s28;250,7332904;s30;s28
DIJ-332;2022;6;120,45648;s25;120,45648;s25;s25
DIJ-337;2022;6;673,4739711;s28;673,4739711;s28;s28
DIJ-338;2022;101;1969,117823;s41;678,035554;s28;s28
DIJ-339;2022;6;838,62581;s12;838,62581;s12;s12
DIJ-339B;2022;6;833,4855078;s12;833,4855078;s12;s12
DIJ-342;2022;8;487,4305708;s13;487,4305708;s13;s13
DIJ-344;2022;6;1027,223419;s10;575,1694665;s61;s61
DIJ-347;2022;6;1375,426714;s10;969,9069696;s16;s16
DIJ-351;2022;6;578,8928893;s24;578,8928893;s24;s24
DIJ-352;2022;4;1692,858718;s62;703,1910554;s24;s24
DIJ-357;2022;6;2027,334301;s10;782,5732054;s16;s16
DIJ-358;2022;6;2539,508927;s12;588,0229418;s70;s70
DIJ-362;2022;2;33,48642219;s05;33,48642219;s05;s05
DIJ-368;2022;6;2440,960152;s53;1046,546204;s29;s29
DIJ-382;2022;4;115,0558491;s27;115,0558491;s27;s27
DIJ-387;2022;6;400,189051;s21;400,189051;s21;s21
