id_nestbox;lsource_0_m;lsource_0_iq;lsource_10_m;lsource_10_iq;lflux_0_m;lflux_0_iq;lflux_10_m;lflux_10_iq;noise_m;noise_iq;soft_manag_area;trafic;woodyveg_volume;woodyveg_sd;vegetation_area;herbaceous_area;built_area;lsource_vs150_m;lsource_vs150_sd;age_class;site;strata_div
DIJ-001;12;20;100;54.5;61.5119228893981;128.534799418481;97.7695301596831;119.616259620484;50.68798828125;14.5505676269531;0;2725706.40293899;123906.739624023;5.50594211501832;24152;9472;13982;20;11.1096858045829;1;drapeau;3
DIJ-002;13;22;97;59;43.0557553160146;111.93068572166;71.3566062849718;110.347253596016;50.5235176086426;13.1936798095703;0;2673881.8738684;145593.861587524;5.45244804911342;26047;9616;14145;17;11.1643602975377;1;drapeau;3
DIJ-003;9.5;23.25;72.5;59.5;22.5628574165453;73.4685413237601;43.969665022362;73.4889018795741;51.104305267334;13.306755065918;0;2145643.24809779;155853.257202148;5.33712177833363;26880;9602;14713;13;10.8491342836614;1;drapeau;3
DIJ-004;7;22;70;63.25;21.620149081633;73.4738622418512;40.0288568023896;59.4792340954771;50.559497833252;13.0086479187012;0;2315869.85214903;140702.821563721;5.487636368266;24063;8592;16018;13;10.6165487551386;1;drapeau;2
DIJ-005;6.5;20.25;67.5;51.5;25.0829972433379;71.2417344589337;43.7368247757376;55.9612138818288;50.2408332824707;14.1907844543457;0;3077566.49777062;125552.50378418;5.40127047155796;22719;8239;16741;14;9.82818710271579;1;drapeau;3
DIJ-006;8;20;88;67;31.3453497513784;79.2019103540583;54.5534869722325;78.8225471515945;50.461841583252;12.2633895874023;0;2616437.68095017;135947.053146362;5.58056620430762;25735;9800;15655;15;10.6707809855124;1;drapeau;2
DIJ-007;10;18;120;59.75;57.3050573224947;122.816388169183;103.943371986756;121.652230792877;49.2488670349121;12.6334495544434;0;2069683.09947319;132664.160827637;5.64788579684005;27275;10966;13379;20;10.8000143974912;1;drapeau;3
DIJ-008;9;17;127;49;53.248374769411;126.933116716239;114.234629535002;116.514635110043;50.174015045166;12.8595962524414;0;2460991.98939065;126120.288894653;5.56525673972458;27084;10942;13451;21;10.9413909438763;1;drapeau;3
DIJ-009;12;19;111.5;52.5;62.9179301266662;129.345353739912;106.956688847816;125.680866931646;49.850212097168;14.5916862487793;0;2627621.23837404;129171.620330811;5.5538660577396;25408;9955;14240;21;11.0266714225712;1;drapeau;3
DIJ-010;12;14;96;36;55.3062439530609;132.903416055232;112.353045199264;121.784314098025;60.3301162719727;16.2723770141602;0;9760667.9908953;139476.165039062;5.37337345993605;31687;15297;8469;14;7.0391597927367;1;pascal_joffre;2
DIJ-011;13.5;13;94.5;36.25;55.7533418851387;128.590745096312;110.663899091836;105.89426930715;60.2324638366699;15.4191818237305;0;9062011.79857177;154770.311538696;5.42925231778738;35536;17858;7438;13;6.65635016574761;1;pascal_joffre;1
DIJ-012;11.5;15;86;26.5;49.9863110858539;81.0098076887865;97.0619562601072;88.4901871482443;59.7596092224121;14.8846473693848;0;7891577.20506693;156907.208709717;5.36799002648933;36542;17925;7890;12;6.27230441465152;1;pascal_joffre;
DIJ-012B;12;14;99;38;55.1872017639019;131.980712193367;113.788577821298;111.924184150554;60.3917922973633;15.4178972244263;0;9819100.77825304;129041.357040405;5.46406570382994;30708;15490;8863;14;7.23477708154536;1;pascal_joffre;2
DIJ-013;10;16;83;24;41.0801904258992;65.0700403128161;88.3174032192081;76.6555770268256;59.6105537414551;11.5245504379272;0;7417140.93785712;135946.042373657;5.09545000927809;36179;18046;8628;11;6.19450694238184;1;pascal_joffre;1
DIJ-014;8;15.25;77.5;23.25;30.8026137962025;62.5841064947713;69.6062352309422;65.2201667111981;58.5877494812012;14.9052085876465;0;7356569.50245938;112680.572677612;4.69545787824967;32081;15316;11156;9;6.97073230981495;1;pascal_joffre;
DIJ-015;10;16;83;26.25;41.5386651794088;82.686758484842;85.7866428061737;81.0514012040815;58.8909950256348;15.8252220153809;0;7897299.78737971;136039.701721191;5.24729468461545;33389;16658;9353;12;6.82965137532335;1;pascal_joffre;2
DIJ-016;10;20;127;56;58.8443620350251;104.619315806352;95.9057320431712;98.7596439441034;53.7812957763672;10.2025146484375;0;2248855.20845729;120426.116271973;4.47918741088607;26057;10197;15748;13;10.8700375750531;2;chevreul;3
DIJ-016B;9;9;29.5;19.25;7.00840924154785;33.6107786631442;17.6381267396656;52.3912526701337;58.2026557922363;5.86100769042969;0;3040817.78212714;331925.059570312;7.5294701252428;37947;13984;9159;6;3.41185795706607;2;arquebuse;3
DIJ-017;7;17;128;44;53.8418233221161;105.628601032256;95.94394789724;89.1563644316483;53.572696685791;11.5252418518066;0;2462440.5959238;107340.657028198;4.45795993595706;25764;10027;15091;12;8.65589528238002;2;chevreul;2
DIJ-018;12.5;23.5;135;46.25;57.8131073285599;104.258492127332;96.3631608149261;99.6507174769655;54.0704956054688;10.6291999816895;0;2272893.10262712;124920.366729736;4.44017911604732;27001;10460;16725;14;10.6602937302877;2;chevreul;
DIJ-019;20.5;35.75;135;53.5;75.4643899148521;143.727727983531;110.266212897814;140.306580128434;54.7200050354004;10.1551094055176;0;2109235.27097689;166126.137313843;4.74205969142748;28873;10471;16195;18;13.6877503519582;2;chevreul;2
DIJ-020;34;33.5;153.5;37.25;105.853262930193;224.359936494121;161.035376751974;227.114637840732;56.1944389343262;10.027099609375;0;2201449.94390796;196111.098937988;4.31803111105546;36301;14643;10634;31;15.0724559379388;1;chevreul;
DIJ-020B;7;11;56;37;39.056725910796;113.654579967516;91.2429800122849;117.674397457465;55.1492729187012;13.4506645202637;0;6234608.48199353;156501.457962036;5.11369745310702;35487;15120;11500;11;6.76254471648819;1;bd_strasbourg;3
DIJ-021;20;35;143.5;36.25;75.9943293882677;114.012563830878;115.876060785609;119.746175021602;55.5022621154785;9.5861930847168;0;2307919.29160061;169085.166213989;4.5927521457431;31339;11729;13617;19;12.9118780395223;1;chevreul;
DIJ-021B;8;11;60;38;50.7633973003361;119.874785087883;93.1933937632075;133.316679733951;55.3908386230469;13.4198265075684;0;6011381.27161893;149537.560668945;4.78263707320228;33621;13799;11879;12;7.20492085542408;1;bd_strasbourg;
DIJ-022;14.5;25;141.5;36.5;64.0711660242712;98.1245555601485;98.9064962809616;91.3452756298406;54.9380874633789;9.12632369995117;0;2327368.14767902;128804.182678223;4.48811578725845;29218;12043;14274;16;11.0823035330228;1;chevreul;
DIJ-022B;8;11.75;62;40.75;60.740501488254;117.063335646233;93.15977258993;125.895031596529;56.362247467041;12.3507652282715;0;5779573.77781834;144457.459518433;4.69295499199296;32526;12987;12017;12;7.42488936531399;0;bd_strasbourg;1
DIJ-023;30;35;146;44;83.8335928099268;179.366372068111;125.918661038361;196.475855212971;55.061351776123;11.598726272583;0;1827272.76264632;191989.892028809;4.51472486645824;34427;13386;12158;28;16.5530974483529;1;chevreul;
DIJ-023B;9;14;74;44.5;67.4719626459817;124.006785748808;101.137927654292;133.423150476786;57.6420402526855;11.3587951660156;0;5179793.46111001;141867.066696167;4.03570417951215;32639;12595;10229;14;7.84299659278048;1;bd_strasbourg;3
DIJ-024;26;33;145;38.5;83.8335928099268;185.916643759682;136.930638685795;185.448028512674;55.796199798584;10.6955757141113;0;2368857.4040788;186360.046005249;4.51166856568777;33150;12907;11957;24;15.1115818561916;1;chevreul;
DIJ-024B;12;16;80;45;77.5132382434351;143.213265625727;102.861517050769;150.397019488029;56.8145446777344;12.1760139465332;0;4213914.69959213;140618.647155762;3.93113748882743;32912;13497;8345;14;7.80710986014562;1;bd_strasbourg;
DIJ-025;2;8;39.5;27.5;12.3928821950697;148.553228217582;60.1293307650657;162.696407862079;53.1744194030762;16.322998046875;0;5124584.9208905;69004.788848877;4.54776663047535;18170;8287;19477;6;7.08269901390624;2;prison;2
DIJ-026;3;10.75;37;26.75;21.6618488070771;211.750204753445;74.3872583363893;162.780399598205;55.9556579589844;14.898811340332;0;5933167.80017552;81100.1060943604;4.38495134939028;19314;7949;18325;7;7.19965144584676;2;prison;2
DIJ-027;5;8;57;20;44.1203407557154;126.927675016791;69.312113067482;72.2534602953582;55.2651443481445;8.82803726196289;0;4464706.04933889;206113.841842651;6.19062351903989;36525;12085;11534;10;6.29054126665099;2;sq_creux_denfer;
DIJ-028;5;8;56;22.5;22.9747516877073;98.2755629081863;56.9908099560219;60.7058216965518;55.0781288146973;8.94791793823242;367.815334334209;4149246.58634296;194363.210571289;6.29076983734742;34717;12021;12153;9;5.97672212254888;2;sq_creux_denfer;2
DIJ-029;4;7;51;23;42.210797928108;112.492992648556;62.2430334115275;62.7860408011493;56.027587890625;9.60486602783203;367.815334334209;5069883.33844017;178263.59526062;6.300587155196;31307;10663;13296;8;5.99253123370789;2;sq_creux_denfer;
DIJ-030;5;7;53;27;50.6140827858691;131.672722116723;68.424649800954;68.5589550420702;55.6199913024902;9.82065200805664;0;5330125.45967251;196265.58505249;6.24618109142161;33932;11178;12662;8;6.42649606543816;2;sq_creux_denfer;2
DIJ-031;3;4;39;26.5;20.3583358456188;90.9632944062744;52.7942469083392;66.806747874816;52.1290550231934;10.046028137207;0;3632663.39472597;153238.731491089;5.07137107159345;28644;8414;17821;6;5.74341382960069;2;sq_jean_bouin;2
DIJ-032;3;6;44;28.5;43.4573561519763;121.199622963862;64.9668545171527;71.5834230574081;54.550651550293;10.9077110290527;0;5273542.58769538;169340.837921143;5.67173200661473;28647;8251;16082;6;5.88863143613351;2;sq_jean_bouin;2
DIJ-033;3;5;42;28;25.4938454874605;105.688655750227;64.9668545171527;65.5974483310189;53.2319602966309;10.5721168518066;0;4747467.28248809;143310.4896698;5.07856171874574;27772;8599;16860;6;5.76930733585298;1;sq_jean_bouin;2
DIJ-034;4;7;28;18;54.0734464663846;103.70389664741;73.7208915518156;84.7708767648242;54.7885208129883;10.0173759460449;0;2317814.66466589;75111.5276794434;3.36830314894757;21969;8720;16319;8;7.94572946909366;1;sq_eugene_spuller;
DIJ-035;3;6.5;27;14;37.7862994317636;97.8624549032999;67.4196268169349;73.1690261070798;54.3531837463379;9.21543502807617;0;2274344.91292414;80955.6815490723;3.50273359208781;23497;9091;15722;8;7.50181479617406;1;sq_eugene_spuller;
DIJ-036;4;10;122;39.5;51.3040005192198;118.531818931079;102.309198381036;60.9406774367578;53.3175354003906;10.1456832885742;0;1572555.38219531;71624.3204193115;3.44380978834558;22324;8714;18926;11;10.5248889154792;1;sq_ph_dard;2
DIJ-037;4;10;124;37;49.0351438635851;114.639534471861;101.005600491523;51.6671825153228;52.9784278869629;9.99446105957031;0;1469390.988049;72514.591583252;3.61338476136467;22307;8885;19142;11;10.345743389135;1;sq_ph_dard;2
DIJ-038;4;9.25;125;35.5;57.6672056454233;111.734402998617;103.551807268991;65.902233324385;52.9280204772949;10.0631980895996;0;1545570.01647376;72332.921585083;3.39236951855553;23288;9428;17398;11;10.2868919992726;1;sq_ph_dard;2
DIJ-039;4;10;123.5;38;46.264482896771;117.588851943387;101.578395881283;59.7400043710529;53.0838279724121;10.3014869689941;0;1745463.68305472;73555.7294769287;3.39472999386196;23178;9091;16804;11;10.2860892298643;1;sq_ph_dard;2
DIJ-040;8;14;58;31;13.1987952700206;67.956626782998;38.610498855628;38.3646533522924;58.4199333190918;9.74480438232422;803.053090013016;3104311.89866788;153644.547698975;5.77787978147627;24148;8914;8337;21;10.858950410493;0;port_du_canal;3
DIJ-041;8;17.5;59.5;37.25;12.6940695681081;56.1632914226572;38.0299992548123;49.352862159471;59.193977355957;10.0109672546387;609.897174798107;3097631.51444697;206064.065750122;6.17971360222518;27972;9819;6754;21;11.5536558679767;0;port_du_canal;3
DIJ-042;9;21;62;38;16.3137063060518;58.54864357809;40.3312992185608;61.0997203595874;59.8593826293945;12.0153350830078;532.196648429236;4888259.55127649;240473.817321777;6.06237378806393;29901;9134;6025;23;12.0606024899727;0;port_du_canal;3
DIJ-043;11;24;69;32;24.4245768180635;86.3159557221223;49.5897482481909;80.0426356476705;61.0272369384766;10.3219451904297;885.582241419653;6830688.58141205;259809.651123047;6.16759201097811;31893;9205;6780;24;12.1049605179883;1;port_du_canal;
DIJ-044;10;25.75;69;49.75;21.6109463486791;93.0223113056174;46.1144925915543;106.872796737669;61.3096961975098;12.8301162719727;1840.71084567698;7377893.98668675;212280.989028931;5.73522056524289;30767;10592;9714;22;13.1714454865056;1;port_du_canal;1
DIJ-045;14;29.25;72;37.5;25.0078373678975;113.069032684334;52.0086261688729;108.6917647242;59.3922386169434;11.1462287902832;2231.14239989875;6432371.38306069;218471.517990112;5.07691722187678;33112;11509;7191;25;13.3053651699067;1;port_du_canal;1
DIJ-046;18;27.75;74;29.25;55.3764235319976;137.29003937734;74.0531988595276;109.553906093826;58.1374740600586;6.92565536499023;1396.41321297655;4746818.07860953;218252.507598877;5.10620865158063;31352;10519;2918;26;12.3080356793768;1;port_du_canal;2
DIJ-047;16;26.5;77;39;85.0846211820586;199.644902753908;86.8510406239311;165.130888140206;57.8713111877441;5.90989303588867;1305.26819965755;5221721.12189876;204112.332183838;5.27648782478099;31089;10855;2951;26;12.1848852146967;1;port_du_canal;2
DIJ-048;15.5;25.75;79;38.5;94.1104863259021;212.555327257676;120.141360461773;167.233307843205;58.1266098022461;8.52806091308594;1867.80737601062;6012429.73397519;168545.90447998;4.71119215735138;28793;10020;3821;26;12.46348316961;1;port_du_canal;2
DIJ-049;15;20;83;36;94.3209805480607;185.601386518006;115.072752559339;151.995901058688;57.9093360900879;9.60357666015625;559.433534998408;5985401.76097532;123228.930908203;4.05361650992225;24023;8450;5009;24;12.383648833732;1;port_du_canal;3
DIJ-050;8;17;65;68.25;64.0837500271499;133.075422476221;58.5459796387084;69.6621288064894;56.7740707397461;8.15325927734375;0.0806946130230697;3128535.21978102;198258.178146362;5.91366692888921;28521;9388;6566;15;12.0111723735841;0;port_du_canal;2
DIJ-051;7;15.25;54;56;31.8305097512241;84.4214430901844;44.225372332397;41.2214477776811;55.8941040039062;8.28362655639648;0;247936.870567942;184762.848114014;5.91767290268515;26067;8749;6695;13;9.46112803590959;0;port_du_canal;2
DIJ-052;5;11.25;48.5;47.5;20.8959125870958;75.4432822761692;36.6220619224571;29.5872538671139;54.8185920715332;8.32165145874023;0;0;174139.025146484;5.99271614017906;25202;8986;6230;13;9.09518444698352;0;port_du_canal;3
DIJ-053;4.5;11;50;42.5;19.3356407973907;80.4229742832315;31.8428492310142;30.1568623192765;56.6328430175781;9.14729690551758;113.893467484799;841159.855487356;157443.398117065;5.93045514577927;23644;8869;7860;15;9.13342351529762;0;port_du_canal;2
DIJ-054;5;11;49;38;16.0992133599715;91.9572556027548;34.6821141848478;41.2215634418275;57.2792358398438;13.8513069152832;218.936457408718;4059463.33715322;61563.0644378662;5.09481551401148;15536;7807;14750;15;9.65289946926598;0;port_du_canal;0
DIJ-055;7.5;16.25;37;21.5;42.2040732262003;103.511452183411;61.3763668542342;75.1087728647177;59.9680213928223;22.3576393127441;0;5197231.57889823;167753.361877441;5.87630194831621;20939;5104;20450;17;18.1934902898331;2;darcy;
DIJ-056;8.5;17;38;15;43.1474437481936;97.0997669684604;62.1591040994852;73.8530632289269;60.0929527282715;22.0262985229492;0;4758948.9843176;159502.100692749;5.99867238755378;19090;4531;23915;17;18.3658936438302;2;darcy;
DIJ-057;12;14.75;38;13;84.8787112805472;138.110735064074;88.0843941005187;100.007125338649;62.4666862487793;21.2943496704102;0;6565639.68340413;203847.275741577;5.97328340963755;23136;5489;19103;21;17.2251893542176;2;darcy;
DIJ-058;12;14.5;38;13.5;85.1928287013252;136.298199439668;89.2074757826956;97.4988953436718;61.1413078308105;20.5162315368652;0;6100464.0794018;211741.725631714;5.84220338365461;23954;5683;20004;16;16.4492283526575;2;darcy;
DIJ-059;12;15;38;18;84.5645938597691;144.807472251346;89.2074757826956;98.9090383003892;59.2021255493164;19.207145690918;0;4799613.11111902;210850.489273071;5.78908019690406;23906;5794;21477;11;15.0316561999888;2;darcy;3
DIJ-060;8.5;15;35.5;34;79.853751982743;151.880378875096;84.8624064430286;98.226451973873;57.9853820800781;18.1262016296387;0;5375433.54582352;178959.301773071;6.03237700866091;19642;4678;23110;9;13.0362352758686;2;darcy;
DIJ-061;8;14.5;36;27.75;83.768262049481;157.327445513105;89.0251779861815;103.380131450507;58.8055953979492;18.5879135131836;0;5090815.36016586;184092.933868408;6.04834330836692;20063;4376;23286;11;13.1585633262621;2;darcy;
DIJ-062;9;15;37;23;76.7355737262931;147.893662176797;88.8428801896674;103.033914497087;60.7013244628906;18.0718841552734;0;4538543.82247258;190679.390151978;5.95240951654153;21313;4934;22628;14;14.3914668044103;2;darcy;
DIJ-063;9;16;37;19;82.6939287203343;141.718900344302;86.8233654608234;95.867318382567;61.619312286377;19.0876426696777;0;5663699.13934183;206031.947998047;5.97232281348284;23148;5182;20598;15;15.457081885817;2;darcy;
DIJ-064;9;16;38;15;58.3634936181188;118.165613524145;77.7721074453353;73.084256784942;61.5106735229492;22.2544364929199;0;5728351.3662931;213459.017211914;5.97687384338571;24332;5437;17854;20;17.4443262156082;2;darcy;
DIJ-065;1;3;3.5;9;5.08636310439253;88.5262929532129;12.8093580920523;60.2457011133377;48.3709449768066;13.8024215698242;0;2907509.5466415;80160.8873291016;5.42383156206389;11231;3546;32494;2;4.51009045166334;2;sq_benedictins;
DIJ-066;1;3;3;8;4.37991704147829;84.5621079263597;11.4229018243261;54.8529171550406;47.496410369873;10.885498046875;0;2488464.84138184;82535.3524780273;5.39616492435714;11696;3750;33589;2;3.79546988868833;2;sq_benedictins;
DIJ-067;1;4;5;9.5;8.44665813416865;94.7516406748818;18.1265706105573;69.9272824483537;47.5235710144043;12.6291351318359;0;2181403.29013861;70042.5581207275;5.64975425956096;9964;3197;32483;2;9.00150991391919;2;sq_benedictins;2
DIJ-068;2;6;15;15;23.3434390958412;198.904681905224;57.0070073646094;123.766151165575;49.9232444763184;12.6177101135254;0;2953305.82246747;87463.5292358398;4.63000280803681;16928;6121;25051;6;6.19955798219939;1;musee_vie_bourg;2
DIJ-069;2;7;16;15;14.1955224565775;152.401135627549;50.5899485653212;126.806184559206;48.7022895812988;10.6410636901855;0;2858126.23508445;91843.5413665771;4.5421768286814;18151;6596;25823;6;6.37408460997536;0;musee_vie_bourg;
DIJ-070;2;8.25;16;16.25;14.5126633312526;200.6705868496;40.3512678424172;123.632662370022;49.750617980957;12.096809387207;0;3232905.58341074;90038.5443115234;4.61685656292847;16913;5533;26929;5;6.41124870218443;1;musee_vie_bourg;
DIJ-071;3;7;15;15;29.5154581040609;203.947674907563;65.8553000963854;159.442090305492;52.6458358764648;14.754508972168;0;5603256.86141104;82141.8410949707;4.62876908332756;13934;4349;26417;6;6.21671810825623;1;musee_vie_bourg;2
DIJ-072;3;6;42;26;38.7962019680693;115.316488513892;84.6436589779685;101.717282072344;55.2829055786133;10.8705253601074;0;5869520.36258167;173401.537536621;5.24159168708286;32300;10499;13209;7;6.34950687218907;2;bd_strasbourg;1
DIJ-073;3;7.25;44;30.5;31.0104589459001;100.608181340627;75.9437472802953;97.5594818285753;55.5193328857422;10.7934265136719;0;5809303.25380385;174230.492538452;5.16499129050507;33607;11309;12793;8;6.64397353871235;2;bd_strasbourg;2
DIJ-074;4;9;45;36;35.3347560118921;103.501877025517;81.2527508861042;98.2118344672081;55.5604515075684;10.6906318664551;0;5589951.15058419;162346.096862793;5.06825703393089;32204;11425;13871;9;6.44483730316721;2;bd_strasbourg;2
DIJ-075;4;7;38.5;26.5;39.1265458061877;101.883194588991;82.3252362849021;92.2459068690739;56.3082809448242;10.3989515304565;0;5722089.74089698;165685.784362793;5.08256629765184;31564;10856;12582;8;6.22268068294843;2;bd_strasbourg;
DIJ-076;5;9.25;50.5;34.5;39.3890007382863;116.962938651526;90.9834781358427;107.827730315896;55.8379974365234;12.4946746826172;0;5857343.45101129;157412.108764648;5.20506743635522;33170;13403;12392;11;6.38220131730227;2;bd_strasbourg;3
DIJ-077;5;8;43;31.5;45.9948514487045;103.039252719939;85.3303887687801;94.5868267099148;56.6243743896484;9.75263214111328;0;5441243.65093406;163140.847640991;5.12956126088324;30145;10750;13327;9;6.38575421529331;2;bd_strasbourg;
DIJ-078;4;8;37;26.5;39.7212755657766;99.5203707098825;84.6436589779685;93.7523597504069;56.9687347412109;10.3205718994141;0;5383082.50736243;149736.367843628;5.04264651526376;28152;9983;13579;8;6.26437137270282;1;bd_strasbourg;
DIJ-079;3;5;36;27.75;35.2764059566733;107.897351932053;87.9844232952468;80.3174471698391;58.0789184570312;11.6620407104492;0;4912957.0163209;124706.337921143;4.69153125997773;25515;9062;13682;6;6.09547363016391;1;bd_strasbourg;2
DIJ-080;1.5;3;7;7.75;3.74424614247805;25.850500047495;12.229805008377;29.6341715270278;64.4367599487305;19.7879486083984;0;7159811.09076649;81256.5579376221;5.66873337557909;12068;3247;19668;15;13.1951028832058;0;republique;0
DIJ-081;2;4;7;9;10.1235143650429;68.5341209747153;15.5221980457254;46.7487167511512;60.3352584838867;23.0722389221191;0;6616849.62719944;67341.8323364258;5.0024959381276;11306;3257;22229;10;12.4430583579878;1;republique;2
DIJ-082;1;2.75;7;7.75;0.784982395191426;18.47403449503;8.53971061419552;22.3752853910022;60.5716857910156;27.1994400024414;0;6261335.37369759;64673.2945556641;5.30978135376864;11565;3856;21004;11;13.6710826884104;1;republique;2
DIJ-083;2;4;6;7.5;11.5051111678659;83.971587255257;18.0105743984793;42.8623462872506;51.3921318054199;20.1785659790039;0;2788194.58327235;99997.4165649414;5.47209504784881;15497;5356;24477;5;5.17598139556129;1;conseil_regional;3
DIJ-084;1;3;5;6;10.2405397872422;77.8457454716749;18.947709669;53.6731545670756;54.738094329834;22.1265296936035;0;3692518.14094104;66876.8874511719;4.58121056922963;12409;4271;24561;5;7.52531989356955;1;conseil_regional;3
DIJ-085;1;2;5;5;2.33980303083659;53.5083591949168;13.4744348248552;42.8064707585295;51.4306793212891;21.7050666809082;0;2047046.60786518;59708.2655181885;4.44679580990522;11443;3959;26302;4;8.65378353140143;1;conseil_regional;3
DIJ-086;3;7;15;11;5.65967743183164;49.6240321136828;11.6153842585305;55.7360784253745;56.5133399963379;9.5003662109375;0;467538.160971784;196049.091308594;6.5099835172376;25502;7989;18273;4;3.69889235192189;1;arquebuse;3
DIJ-087;5;9;17;13;5.78403561430427;28.0559832091472;11.1368867086535;31.8960647218433;57.0456657409668;8.32707977294922;0;348451.435584888;266643.171630859;7.59857262460878;30104;9464;16547;4;3.31922591018515;1;arquebuse;3
DIJ-088;7;9;21;18;8.79805147368857;49.9421503694869;17.386770753025;70.0129847322338;57.3281211853027;10.0163993835449;0;2417773.57252778;254222.868392944;7.61170499809207;29337;9816;15977;5;3.41932916182811;2;arquebuse;3
DIJ-089;8;9;28;29;10.4452899981715;68.3554931842004;25.8421453801598;83.3345669310147;57.6323089599609;14.6891746520996;0;3526984.5093272;240562.587402344;7.56773889387567;25388;7972;16670;6;3.66925134200394;2;arquebuse;
DIJ-090;8;8;37;45;10.4452899981715;64.9408454835185;37.870980407382;73.2498641319216;59.2075538635254;14.8562049865723;0;3908022.81507134;217108.030517578;7.72564646012672;21466;6549;15149;6;4.8655203423254;2;arquebuse;4
DIJ-091;8;8.75;33;40;7.80503847058313;50.8041160956766;30.5257716696147;62.2650643838483;59.3922386169434;13.4113235473633;0;3777424.0223062;236936.818054199;7.7253548026712;25315;8737;13294;6;5.96864746504992;0;arquebuse;3
DIJ-092;8;8;26;19;8.70707951174791;52.0832241981668;19.6213108007251;69.5882374873151;57.8876075744629;6.63233184814453;0;3011385.38154023;260263.78793335;7.50682892132237;31667;11727;12725;6;3.46334131520814;2;arquebuse;3
DIJ-093;7;10;21;17;7.4810816846658;34.3595592245604;13.4659912059757;50.6232445484807;57.539966583252;6.56171798706055;0;988713.638540573;300934.883041382;7.43116305089352;35453;12357;12429;5;3.14387349203052;2;arquebuse;3
DIJ-094;5;9.5;16;12;5.96384119439502;34.2036007449546;10.6653948232926;49.612176330981;57.1760292053223;7.51229858398438;0;484328.566139574;244490.611938477;6.89338071347756;28236;8407;17386;4;3.81619163764792;0;arquebuse;
DIJ-095;7;10.5;19;12.5;6.10941065040204;13.4348253778157;10.627345525125;15.3057221953049;57.3172607421875;6.79529190063477;0;452978.615001264;332938.25567627;7.3475907154177;37857;12376;13156;4;3.40023207965848;0;arquebuse;
DIJ-096;8;11;20;16;5.65967743183164;10.0120397758626;9.85370696922683;13.2790344772718;57.4530563354492;5.06251907348633;0;474401.485642937;381142.618713379;7.56889350874351;43648;15630;10062;3;2.97800860486594;1;arquebuse;3
DIJ-097;9;9;23;16;5.78403561430427;12.2810070997821;10.9972175693028;24.8268601545502;57.8224258422852;3.72084045410156;0;2695920.0985322;454496.941436768;7.30204113566793;47062;15345;5523;5;3.07559921175624;2;arquebuse;2
DIJ-098;8;10;35;29;5.73837451870939;20.9078089468339;21.3336087598377;41.4443503068393;59.3759422302246;15.0232391357422;0;4249374.29942214;288769.801834106;7.87668255752901;32363;13034;6340;6;11.7394763354463;2;arquebuse;2
DIJ-099;7;11.25;36;26;5.54638449730618;20.4899496388675;20.1278788505508;38.0238564970954;60.2124557495117;15.7524681091309;0;4985534.66173619;237159.909332275;8.43536878283095;29425;13370;5435;7;11.9853699256767;2;arquebuse;2
DIJ-100;8;11;30;17;5.72165153698482;14.927706532668;14.4695170645718;36.7310524885642;59.0771903991699;14.2315406799316;0;4560279.16782976;340517.858810425;7.841553028189;37774;14670;5154;5;4.38345286963006;2;arquebuse;
DIJ-101;7.5;11;23;15;5.54638449730618;11.8986889401727;10.8023468108291;18.9464416397977;58.3330230712891;5.2037467956543;0;3577837.38958744;339729.594329834;7.86942204634576;39176;14942;10434;4;4.25227672890678;2;arquebuse;3
DIJ-102;7;11;21;16;5.21732436823221;10.2870274015926;10.3656905005806;14.0205913809641;57.4041709899902;8.56065368652344;0;831416.98273557;317953.153060913;7.47472359948948;39389;15077;12699;3;3.4855072911186;2;arquebuse;4
DIJ-103;6;10;19;15;5.16276219492071;11.540830285365;10.1222791371677;15.5372461600579;57.561695098877;8.70730972290039;0;2230673.81856249;263410.903198242;7.14772809131199;34532;13752;14501;4;4.68429720084722;2;arquebuse;4
DIJ-104;6;10;20;15;5.71530476646453;13.5133531353708;10.8810949924294;22.2171890163933;57.1868934631348;9.72850799560547;0;1169558.04429938;245189.88192749;6.82450441858331;32825;12529;15652;3;4.36282866499528;2;arquebuse;4
DIJ-105;5;9.5;19;14;5.23234047404138;11.77687197472;10.0000242783798;18.8664114872848;57.7844009399414;7.06145477294922;0;2740807.19240367;247177.625579834;7.13706288863923;31175;11849;16173;4;5.3025067411823;1;arquebuse;4
DIJ-106;6;10;23;14.75;5.45258928917009;10.286024039029;11.2635787240056;20.0196263809984;59.1369400024414;11.2602996826172;0;3876220.61678533;247702.021499634;7.18848430199784;30149;12215;11223;5;5.11559067427343;0;arquebuse;4
DIJ-107;6;10;29;18;5.20230826242304;13.2724923656346;13.9873345992842;29.4144153253577;60.7990989685059;14.9974327087402;0;5052422.57868469;231982.581497192;7.07906408150571;30023;13295;8126;5;5.10235474826681;2;arquebuse;
DIJ-108;4;9;31;20.5;4.24793255516588;12.9365672385527;14.5651083386056;23.5594959941109;64.5416641235352;14.9974403381348;0;5689427.14137731;169500.167633057;7.21188136955036;22567;10111;10402;6;7.35932867187107;2;arquebuse;4
DIJ-109;9;8.5;33;31.5;6.72794045399802;30.1403509962202;23.9854734076103;49.8058055186452;58.8653450012207;12.8355484008789;0;3598940.83028866;274841.393951416;7.78250123280953;32063;12832;9739;6;6.86166654061498;2;arquebuse;3
DIJ-110;9;10;21;16;6.56954060357744;14.494723620395;11.1368867086535;19.1587908778908;57.6594696044922;3.01469802856445;0;348990.870077604;384561.973327637;7.41782312310203;43860;15415;9257;4;2.96269894128909;2;arquebuse;3
DIJ-111;6;10;66;30;23.3865977428919;55.7045235511142;54.018071194353;55.6995550610767;51.9804039001465;6.01802444458008;0;1747088.02501939;226226.154663086;5.46030764739927;37699;12460;10820;11;5.93381646609221;2;parc_argentieres;4
DIJ-112;7;10;66;26;23.3865977428919;57.9847321178301;54.018071194353;58.4528244812857;52.3256607055664;6.51673126220703;0;1947011.96684547;204146.007873535;5.2264991134602;37961;13079;10714;11;5.94852323177837;2;parc_argentieres;4
DIJ-113;6;8.5;65.5;25;22.5538580866315;55.8726353824391;53.6056752242578;52.104647564844;52.498291015625;6.82362747192383;0;2109772.28043692;195390.594024658;5.52780745695994;37523;13344;10754;11;5.99278134747002;2;parc_argentieres;4
DIJ-114;6;11;66;27;24.1789493809894;63.1117939944499;53.1345690784008;52.2887818393879;52.6037864685059;6.94830322265625;0;2148091.45850077;204765.169113159;5.72720859845017;38399;13676;10407;11;6.09641727598717;2;parc_argentieres;4
DIJ-115;6;9.75;66;26.75;27.4613431694226;60.9040363339818;57.8341510203359;59.9744248618635;52.2249603271484;6.65219593048096;0;1969648.6611329;209273.305236816;5.52741411401352;38002;13209;10339;11;5.97085413561075;2;parc_argentieres;4
DIJ-115B;7;10;66.5;26.25;25.1896200328991;65.2836458098889;54.4501408491547;59.8005403490994;51.9804039001465;5.82621383666992;0;1741396.34473315;221715.856643677;5.40171099883987;38177;13086;10716;11;5.8834770116652;2;parc_argentieres;3
DIJ-116;6;9.25;68.5;26;25.5335174915433;62.5840173598978;54.1279783645553;55.7298690841696;51.8365478515625;5.90773773193359;0;1762809.07791356;215907.032501221;5.38313682208652;38549;13617;10748;11;5.92593484144541;2;parc_argentieres;4
DIJ-117;7;9.75;67;27.75;21.3969137940744;53.5350285086902;46.9980680807201;47.8242089717175;51.812572479248;4.32051086425781;0;1198715.99599735;278716.106430054;6.24267386590909;42521;14186;9725;11;5.63001459438495;0;parc_argentieres;2
DIJ-118;8;10;65.5;36.25;25.5335174915433;62.8277749612771;48.5489422480494;54.6139047391296;51.7550277709961;4.41162109375;0;1120873.98858749;321536.865402222;6.25076233287341;43001;13333;9170;12;5.66785781263138;0;parc_argentieres;3
DIJ-119;7;10;66;36;21.9285576297447;46.2786294653335;47.5070812882567;50.5763635035667;51.6783027648926;4.21262168884277;0;1007321.2214866;307143.635742188;6.180111416696;42668;13323;9006;12;5.7806026265978;0;parc_argentieres;3
DIJ-120;8;11;66;35;25.4342773444237;76.576825816468;48.5856601713735;50.6750614577012;51.8413429260254;4.53150177001953;0;1216015.96265784;307995.742797852;6.30260809684348;42496;13341;9768;12;5.83308378669697;0;parc_argentieres;
DIJ-121;3;7.25;7;8.25;118.298241432712;262.134517818155;36.4526182506417;61.7447792854079;48.2258949279785;18.3522529602051;0;3652092.28407007;67967.7189483643;6.1873255020598;7942;2121;33182;2;4.42215790784692;2;carrelet_de_loisy;4
DIJ-122;4.5;7;8;9;132.591120264615;258.625473459697;47.0935238780928;83.554404491196;50.8113441467285;18.9501724243164;0;3659203.70368251;70736.5183258057;6.032115054831;8184;2151;32353;3;4.61728428635837;2;carrelet_de_loisy;3
DIJ-123;4.5;6;7.5;7;142.930007798609;230.919980776227;47.0935238780928;76.3444612454707;50.220272064209;18.739444732666;0;3433920.18199873;69869.2029724121;6.0346748546042;8254;2318;33597;3;4.3392814674266;2;carrelet_de_loisy;4
DIJ-124;3;7;6;8;101.509664316704;234.227047803289;33.0473844443671;53.0383862253446;48.131685256958;17.6035652160645;0;3312810.48833588;70352.1726379395;6.19377321745249;8610;2411;33259;2;3.84391827967273;1;carrelet_de_loisy;4
DIJ-125;48;40;109;15;18.7745869664074;39.2078104771085;26.5891111792741;59.3859597006814;52.5439109802246;3.68845367431641;0;1267930.9308065;1100119.19570923;8.10807482553982;55150;7024;3481;13;7.74382727364772;2;parc_colombiere;4
DIJ-126;59;30.5;106;12;13.5686623118817;14.9461295155558;17.959669154273;20.23488574178;51.6526107788086;1.25635147094727;0;0;1419504.07261658;7.18723029363393;64229;6252;937;10;8.69818696198474;2;parc_colombiere;4
DIJ-127;61.5;22.5;105.5;12;10.6561926592075;9.57002715935534;14.5964998989842;10.7005593578496;51.6004600524902;1.04300689697266;0;0;1512158.62854004;6.79735361569973;68867;7288;98;4;7.83588403081205;2;parc_colombiere;4
DIJ-128;66;21;104;10;8.91848663991722;5.89241060586284;12.386598809669;6.92622846666999;51.6431312561035;1.04300689697266;0;0;1536213.10054016;6.82627864652394;70151;7142;0;0;6.63918190095945;2;parc_colombiere;4
DIJ-129;65;34;103;10;7.07990198967954;5.77472362337349;10.5843614342515;5.40403128892784;51.7284660339355;1.06197357177734;0;0;1533578.36146545;6.85022435999746;70234;7290;0;0;4.6652027015086;2;parc_colombiere;4
DIJ-130;61;41.5;102;15;5.82313713543454;5.18666922759649;9.09755523790171;4.1127873445609;51.9512901306152;1.01456069946289;0;0;1503332.29212952;6.97261525603075;70237;7866;0;0;2.04591661338442;2;parc_colombiere;4
DIJ-131;50;48.5;97;20.5;4.48010288190872;4.29157879053313;7.86389635002845;3.91104090729313;52.0840377807617;1.00033950805664;0;0;1377900.11753845;7.26372305318784;70066;9488;26;0;0.239676625461509;2;parc_colombiere;3
DIJ-132;42;41.5;85;25;3.80555501472377;3.61053364671496;7.06966530169581;3.28153158487558;52.1930809020996;1.14731216430664;0;0;1287367.89823914;7.2349204900742;69955;11714;32;0;0.702836367646762;2;parc_colombiere;3
DIJ-133;39;32;80;27;3.46702620420009;3.21916363830381;6.03741714459013;3.08829077031419;52.4775352478027;1.07619476318359;0;0;1215750.07084656;7.05188964698681;69250;12543;32;0;0.705746878196843;2;parc_colombiere;3
DIJ-134;28.5;27;69;32;2.86633021096551;2.99348379183969;5.38516702348542;2.52727694330853;52.8094024658203;1.25635147094727;0;0;1041789.91743469;7.45077659503956;67369;16304;156;0;0.670244564029363;2;parc_colombiere;3
DIJ-135;15;25.5;43;37.25;1.14940609545356;2.28414832375627;3.84867973903431;2.21359437098657;53.5584716796875;1.54554748535156;0;0;848294.555587769;7.82271171822036;65211;21646;199;0;0;2;parc_colombiere;2
DIJ-136;24;32;70;36;2.0352430300727;2.21645628618552;4.51679046823133;2.25719437214419;53.0417098999023;1.44124984741211;0;0;1204124.07038879;7.31077541550752;67963;13228;41;0;0;2;parc_colombiere;2
DIJ-136B;22;34.5;65;46;1.62609844574647;2.27623398682336;4.16743258861467;2.42116962711196;53.2028999328613;1.39858245849609;0;0;1257171.97673035;7.08998873637302;68169;11974;81;0;0;2;parc_colombiere;2
DIJ-137;41;40;85;26;3.01048619865573;3.28704441263465;5.98803084233146;3.42715489955448;52.5581321716309;1.07619476318359;0;0;1381763.05766296;7.05755388118708;69959;9886;32;0;0;2;parc_colombiere;4
DIJ-138;57;40.25;100.5;16.25;5.74672302394572;4.83815020643217;8.73392726231136;4.34135005392856;52.1314468383789;1.09516143798828;0;0;1525310.49136353;6.56288485504396;70228;7546;0;0;2.07061531758498;2;parc_colombiere;4
DIJ-139;60;33;103;13;6.99508946843423;5.32635951863906;10.3513563283663;6.1215828982939;52.0129241943359;1.21368408203125;0;0;1531036.98803711;6.73032005284053;70225;7187;0;0;4.45484404235312;2;parc_colombiere;4
DIJ-140;61;28.5;106;12;8.43629289695616;6.17438821726932;12.1668273641834;8.36700368546618;51.9702568054199;1.24687194824219;0;0;1577025.2244873;6.62771153312147;70226;6477;0;0;6.32898725632002;2;parc_colombiere;4
DIJ-141;57;32;107;13;10.512433505299;11.1154328376963;15.5790983061193;13.329178391328;51.9844779968262;1.2895393371582;0;0;1518382.23033142;7.13600824235741;69267;6353;332;5;7.29840141233108;2;parc_colombiere;4
DIJ-142;52.5;34.25;108;13;13.6375767418563;19.9541230227051;20.3928621058839;27.0409084757906;52.2025604248047;1.91060256958008;0;653433.751620012;1308445.20201111;7.58899815521931;62242;7009;1535;11;7.77767203624745;2;parc_colombiere;4
DIJ-143;51;37;107;18;23.9055355423525;56.4065582829873;34.6944257832931;73.62074604112;51.9323272705078;2.5695915222168;0;1123296.18324702;1077060.84866333;8.45260177837838;54998;7426;3826;15;8.38309165953751;2;parc_colombiere;4
DIJ-144;4.5;5;39.5;17.75;15.481301187302;96.4927982688622;42.6628511963487;55.5547721499647;58.3564605712891;14.3539714813232;0;1420467.17859379;60132.4955596924;4.40984216823423;14981;6065;17750;5;4.63333052016952;0;rue_joanne;
DIJ-145;4;5;39;21;11.1622478805472;67.1730155757876;39.8259057323495;48.2768627928179;58.1714324951172;13.5586013793945;0;808213.471711511;61545.1744537354;4.24676532605077;15957;6840;18873;6;4.58594849413001;0;rue_joanne;2
DIJ-146;4;5;42;21.5;11.734328191435;64.5118645647732;39.8032956910422;44.9599321930013;58.4078598022461;13.2604942321777;0;705535.836612472;58751.5554199219;4.13762805516343;15714;6869;18609;6;4.5018798342518;0;rue_joanne;2
DIJ-147;4;7.25;43;23;11.3250530538565;48.0903078882453;36.6104011151394;40.1300179014135;57.9195861816406;12.8955726623535;0;620059.85942532;77509.0866546631;5.05481170182767;16715;6805;16880;6;4.36859311499939;0;rue_joanne;3
DIJ-148;4;8.75;48;33.75;11.3250530538565;33.3664661186674;35.3657468776351;34.0598986960542;58.0275192260742;12.2428283691406;0;603543.793642828;90189.87449646;5.96229094375003;17820;7420;15364;7;4.38024258724859;0;rue_joanne;2
DIJ-149;4;8;49;36;11.8992046030939;36.9496797441191;36.6799119951401;36.5062172894633;57.9761238098145;10.7574462890625;0;613805.494207726;81988.8493347168;6.16307161194164;17389;7312;15779;7;4.22692593791743;0;rue_joanne;2
DIJ-150;4;7;48;38.25;15.1481440819042;51.111510754715;37.3273030085749;40.3256026115103;58.5774688720703;10.2177772521973;0;718238.660653151;67454.3862609863;5.88452796201912;15768;6771;15518;7;4.52150759854183;0;rue_joanne;1
DIJ-151;4;4;36;30;18.589097494207;59.1746790830076;48.7796388621497;54.6044157265385;58.7265205383301;10.7471694946289;0;1198458.33289766;44115.0234985352;3.0696144077281;14335;6056;16821;7;5.05194557769758;0;rue_joanne;2
DIJ-152;3;5;9.5;12.25;38.0693279324375;146.532859035036;38.6436942020487;128.178421244832;54.3890323638916;24.0808792114258;0;5956521.11619798;80720.3001251221;5.81383312675632;11964;3598;25883;6;5.86416385039329;0;st_bernard;
DIJ-153;3;6;9;11;48.4214623628002;181.91337786761;58.9072471172449;155.300130096449;53.4225959777832;24.1767044067383;0;5957350.98624721;86278.8279724121;5.76629627346757;12256;3518;26000;6;5.94282119028452;0;st_bernard;2
DIJ-154;4;5;109;26;34.0553836637324;81.1897339824339;80.2973260923953;43.3001144611918;49.1611976623535;8.49597930908203;0;1424984.99019911;80895.4074707031;2.81947391576318;29158;12466;15199;11;8.83476697037358;0;square_milhaud;
DIJ-155;4;5;108;31;38.31158515119;98.6678781463803;83.2065323777249;54.4872333966718;49.2757568359375;9.61411285400391;0;2014976.5156773;77103.7917480469;2.65736472354181;27855;11592;15426;11;8.83709319211818;0;square_milhaud;2
DIJ-156;4;6;111.5;27.5;33.8806732121113;93.4249564397068;84.8034772348659;48.8503756201465;49.500301361084;10.090690612793;0;2045380.32002334;73735.4313049316;2.62319784006961;27906;11846;16174;11;9.35541699452745;0;square_milhaud;
DIJ-157;3;7;35;40;51.1209308490749;101.585618620704;85.5877694977578;80.0128644128202;54.5181541442871;11.0942649841309;0;2591221.41653322;70650.6766357422;3.20326466826885;20018;7284;18073;8;8.45786253876511;1;square_spuller;3
DIJ-158;3;6;36;29.75;36.6753041353109;114.815910976202;75.3553369385521;79.580076245154;54.4494171142578;9.01838302612305;0;1683247.1435073;124464.459289551;4.35938561526235;26400;7550;15895;8;8.47387357667636;2;square_montchapet;3
DIJ-159;3;6;33;17;36.6753041353109;117.406902666044;75.0041785220388;78.4779406909608;53.5970687866211;8.78467559814453;0;1515132.10773216;129162.646240234;4.31538034135875;27967;8576;14817;8;8.50987599892688;2;square_montchapet;3
DIJ-160;3.5;6;34;19.75;40.6343452558093;136.038919593038;78.5356474740358;97.344425072345;54.678539276123;9.38040542602539;0;2094297.04424868;123305.332611084;4.32888174106084;26136;7498;15804;9;8.45314930112128;2;square_montchapet;3
DIJ-161;2;4;31;22;32.214343862321;117.11666715061;75.3454401064501;101.461613208402;54.9397430419922;10.9704990386963;0;2181893.94811192;112519.864532471;3.85805818054368;26075;7795;14950;6;6.14922590866136;2;square_temeraire;
DIJ-162;2;4;31;22.25;28.4303148220314;106.502232739283;73.3316713822933;98.9662623723009;54.8068504333496;10.9579362869263;0;2095912.90552101;124100.125274658;4.02998973638601;26983;7819;14866;6;6.2534039206647;2;square_temeraire;4
DIJ-163;12;16;100;38.5;61.5348428084184;184.517423831892;135.203219861199;199.290036033432;65.1174468994141;19.3959083557129;1343.8486105175;7471090.89827873;83038.4161071777;4.08968876143202;22603;9945;11154;15;8.29567110050743;0;kennedy;3
DIJ-164;11;17;92;35;57.5624778267427;177.561459424658;132.772824244644;196.896879860792;64.3787078857422;12.8409767150879;1419.34332068659;8082487.85170002;100790.296127319;5.39154421617527;20409;8142;9284;16;7.55304044761858;0;kennedy;1
DIJ-165;12;16;81;45.5;59.7917639951499;182.681088123649;124.591455712935;220.603462743039;63.4389953613281;12.487907409668;1180.64595166268;8217730.55961593;121186.478225708;5.60208787489865;21073;7780;9277;15;6.87697209065674;1;kennedy;2
DIJ-166;12;17;76;55;52.1786409128249;138.1711479424;104.321832747196;161.722595975363;64.0908203125;8.75620269775391;999.233232734262;7004143.84536411;127485.07951355;4.89074660018567;26716;11101;5863;15;7.48884188292871;1;kennedy;3
DIJ-167;12;15.5;63;53;40.9147654876709;130.775141816848;89.0398105697928;116.610928344437;63.1293754577637;8.4411506652832;983.051042778367;5443147.48674099;126957.490921021;5.00942563018369;27438;11680;7211;15;7.34175892627339;1;kennedy;3
DIJ-168;12;16;49;33;41.3561007977051;136.764622934466;74.5647341673147;140.601790614353;61.456356048584;14.0061187744141;5224.16710744305;5617326.60653884;108851.537033081;4.62011592136826;33026;17703;5731;13;6.86706983287038;0;bd_castel;2
DIJ-169;11;17;43;28;15.9264652311107;64.0288614563985;32.8886767496519;77.5092181640271;60.310230255127;13.9871025085449;9266.39983760062;5045230.46770394;80282.5799560547;4.23765123228263;34110;21597;5662;11;7.39472680417508;0;bd_castel;2
DIJ-170;11;17;42;20;20.1798756584314;57.2907334146048;52.0694332251234;77.5261406938825;59.6855621337891;16.4042930603027;12433.2177503848;4822348.76709346;48234.1458129883;3.15323346283781;29830;19673;6580;11;5.91412709795518;0;bd_castel;2
DIJ-171;11;13;41;23;60.2701640649328;205.689525225829;108.404150538714;205.000902787204;61.6111640930176;17.7989311218262;5483.268722701;5781090.00562606;73884.5356445312;4.04985525709139;23299;11735;10055;10;5.96533027831355;1;bd_castel;2
DIJ-172;3;5;18;14.25;4.83205387859302;93.5348709888551;20.9899230969021;75.7555218137594;52.7762031555176;8.32029342651367;0;730608.773098237;111809.209274292;5.94394346041194;20667;8769;14125;4;4.68482956958702;0;bd_castel;3
DIJ-173;3;5;19;11;2.85825340321465;34.0699798995156;11.7690569382642;39.5835821717048;52.3579483032227;6.36073684692383;0;214780.909514328;126052.301895142;6.0624800714079;22794;10287;11133;3;3.79958834984953;1;bd_castel;3
DIJ-174;11;25;53;54;109.353678781767;242.481695894245;118.75885315271;127.834510643975;57.1400833129883;20.6099472045898;0;6957025.34682332;153809.773971558;4.58905543182113;25038;8456;16177;15;12.7447349688403;1;allee_du_parc;1
DIJ-175;8;20.25;46.5;56;86.2856421766656;202.860533288122;96.749534344575;124.121823628235;53.8889083862305;18.7541847229004;0;6092450.5148356;141262.658843994;4.39083681220251;25515;9049;14658;12;11.7682461992121;1;allee_du_parc;2
DIJ-176;6;21.25;30;61;80.2912029602255;179.196144305134;86.0910453204102;114.187606074895;51.5056762695312;15.1193923950195;0;2919002.50736039;148898.435623169;4.38074741016258;27628;9762;16596;11;11.0049860468235;1;allee_du_parc;3
DIJ-177;9;30.25;47;65.5;81.7412742194171;174.524330179761;84.802988515602;104.04589638369;51.6878929138184;13.3739242553711;0;2560180.42133728;147124.015777588;4.2595264806889;28723;10297;17818;12;11.0759887332933;0;allee_du_parc;2
DIJ-178;9;34.75;49;67.75;73.8103578351173;176.986816367609;80.5531100616559;96.1054201641948;51.8749084472656;12.793701171875;0;2349559.05740862;182829.393493652;4.37512780336644;31554;10210;15448;11;11.302383860268;2;allee_du_parc;2
DIJ-179;9;38.5;47;74.5;51.5042937930842;160.191498427398;67.3348216323164;103.602607397189;52.6613273620605;11.6092796325684;0;2023591.103475;190735.89012146;4.41028619334951;35052;11937;13734;12;11.5059633269059;0;allee_du_parc;2
DIJ-180;9;39.5;57;83;30.71595934552;130.765905143889;58.8605784815928;115.065571045514;51.3762054443359;12.1607284545898;0;1800105.4879925;198673.525146484;4.57936487710601;38163;13263;11714;13;12.1816760401785;1;allee_du_parc;3
DIJ-181;10;42;75;90.5;27.4123148153893;174.880700076961;71.4122673769841;119.810311052405;50.1606121063232;12.8032913208008;0;1771644.73115975;197659.793014526;4.56299440426007;39736;14081;11510;15;14.8034614337422;1;allee_du_parc;2
DIJ-182;16.5;45.5;110.5;88.75;86.7437180498122;219.024131487601;112.441038437005;169.366317289054;52.2201652526855;13.9974098205566;0;2053247.35590862;168935.808502197;4.47670243361189;37104;14742;10875;26;18.5348540584997;0;allee_du_parc;3
DIJ-183;37.5;45.25;137;67.5;134.879350920534;258.455346404489;174.686251199349;218.849645126285;53.4826164245605;14.9434623718262;0;2332779.32643456;195617.387832642;4.43734666579901;38511;15016;9648;33;18.1690870300782;0;allee_du_parc;3
DIJ-184;7;10;57;38.5;34.1123859360345;106.899846475082;67.2081733751657;110.504969223664;52.9730186462402;9.28358459472656;0;2082870.2384724;247999.788375854;6.44553073701839;33161;9427;11745;11;6.01565415034907;1;petites_roches;3
DIJ-184B;7;11;57;39;37.3515157420726;116.824792491454;78.1281900375601;133.682129632273;52.6469421386719;9.78229141235352;0;2187058.86289637;241168.157394409;6.47948291435816;31425;8848;11964;12;6.04377487783173;0;petites_roches;3
DIJ-185;8;10.5;61;41.5;44.9852678529637;124.998019516857;83.1409077726762;132.195267732518;52.5462417602539;10.3001747131348;0;2105037.08653267;246995.119995117;6.36331893313713;32663;10218;11991;12;5.87899682598393;1;petites_roches;4
DIJ-186;6;15;46;23.75;17.2097457021043;84.577112231146;59.1857225248471;127.239582416441;70.5276031494141;14.8507766723633;3.1937190495967;4755584.93828895;68062.9860229492;4.11875510112161;13192;4231;17759;12;8.15728133867603;1;cite_gastro;
DIJ-186B;10.5;15;122;46.25;64.9679107350237;151.573517728977;126.464725822725;141.018367536607;55.8017616271973;17.0778503417969;0;6072665.06925503;104804.942611694;4.79704789473962;22790;8655;13310;13;7.72802562977463;2;chateau_de_larrey;
DIJ-187;2.5;8;44;52.25;1.92849974121006;16.9634358903692;28.9593155615646;37.5274292320452;69.0990219116211;17.3820343017578;318.28150371242;4415908.73703598;72165.1800842285;4.69450375484749;14609;5165;17992;11;8.11909965014776;1;cite_gastro;
DIJ-187B;10;15;122;53.5;69.7481958437362;165.415883720597;136.138870451472;152.352726212699;58.2787017822266;15.2853240966797;0;6493212.95962531;101948.367797852;4.91766965211732;21709;8201;12617;13;7.216474329448;2;chateau_de_larrey;
DIJ-188;5;14;42;28.75;21.1487499819614;107.3343172038;58.6875398882361;113.98157072573;66.2472763061523;17.4743728637695;11.5656469432961;4528795.36760479;62962.1611328125;4.45731099207575;11667;3475;15094;12;8.40486370010854;1;cite_gastro;
DIJ-188B;10.5;15;126;42.5;68.6150796072322;161.597842868178;133.263508221006;157.248101193133;56.3612480163574;16.4205932617188;0;5921631.00856993;105114.384674072;4.84796229192272;24172;9951;12305;14;7.72315215847048;2;chateau_de_larrey;
DIJ-188C;10;15;124;54;66.9575122615038;157.404211456585;130.38814599054;150.556520365957;58.1266098022461;15.8774032592773;0;6706765.07898955;102088.243774414;4.9240842386072;22553;8956;12664;14;7.2876482310773;2;chateau_de_larrey;4
DIJ-189;6.5;14;43;46.25;45.4723075433905;156.463194084342;70.0861185524518;118.283578068996;57.8278579711914;12.047924041748;383.757284740628;2281440.88871911;82348.4993133545;5.23068105919978;14872;5057;20968;9;6.86604614557777;1;cite_gastro;2
DIJ-190;7;14;40;45;39.101422253278;118.167199363955;60.0334766420737;100.709786726538;56.6762962341309;10.6899528503418;0;2099467.41760607;177145.85055542;6.95914713572668;21577;5788;20167;8;6.35316152013751;1;cite_gastro;3
DIJ-191;12;14;92;35.5;53.282359872087;104.917796009514;106.058090398463;102.505248496889;60.2581596374512;13.013786315918;0;8553480.82418381;159201.506790161;5.38221649492437;36191;17623;7275;13;6.2523401655835;1;pascal_joffre;3
DIJ-192;11;15;86;25;41.8103158527246;80.01390908933;95.5699447323105;85.7890506132052;59.6670913696289;12.5152397155762;0;7483180.92940262;154359.170593262;5.24915328975545;37856;18399;7692;12;6.22679125627117;1;pascal_joffre;3
DIJ-193;10;16;83;24;39.0076139217446;64.8028684264087;83.6134001696039;75.7827330857426;59.1890983581543;11.2200202941895;0;6987028.59786837;130386.529678345;5.10074482084758;35980;18350;8453;11;6.14754977514091;1;pascal_joffre;
DIJ-194;8;14;79;24.5;36.6603460712545;62.6625811899327;79.8419460597396;69.0802098400411;58.741943359375;10.8653831481934;0;6092132.93866396;114442.618118286;5.05815517258938;34207;17812;9175;10;6.09868239996088;1;pascal_joffre;2
DIJ-195;5;10.5;76;24;36.6603460712545;76.5200548211407;79.6766957541911;77.9270987322447;58.2536659240723;10.8910827636719;0;5550016.79539973;86093.1114654541;4.14769484615522;30008;15316;10771;9;5.98542558763699;1;pascal_joffre;
DIJ-196;5;7;74;30;36.6192637181231;90.4337821337849;83.0111789766894;80.5400884120159;57.2308616638184;11.6003646850586;0;5457889.4601572;61681.7603607178;3.09447703795342;25719;12695;13122;8;5.63025745312575;1;pascal_joffre;2
DIJ-197;4.5;6;72;29.75;35.2476058338741;90.7712950762966;84.4220605722467;92.6998519413026;56.5535697937012;11.908748626709;0;5362499.88138578;53422.8813171387;2.60044368805663;23982;11986;13341;7;5.59089740846243;1;pascal_joffre;
DIJ-198;4;5;71;29;34.2254777327018;86.34651384682;86.6656095173873;93.5896307581445;55.7609252929688;12.5771522521973;0;5206752.59009542;48619.908996582;2.63207710448469;22524;11579;12174;7;5.40207280454501;1;pascal_joffre;
DIJ-199;5;6.5;71;30.5;37.8389572788073;121.219509041273;100.954126765922;114.893053514753;55.6961708068848;12.6555166244507;0;5328929.38578051;41548.6866455078;2.7215674826035;19362;10287;11865;7;5.19363407450631;1;pascal_joffre;2
DIJ-200;4.5;7.5;72.5;23.5;74.7385382942117;281.819191655084;116.264050279626;256.460828535411;53.4747009277344;13.1131801605225;0;5348995.8880998;51020.0751342773;2.89018613899525;21460;11591;11666;7;5.13405787240325;1;pascal_joffre;1
DIJ-201;7;13.25;39;27.5;21.4971878828791;121.435854149339;42.0535276756268;131.056043637157;59.5237693786621;18.0267944335938;2439.35200027057;6836037.66510287;42720.6813354492;4.0373881113881;19715;13389;12736;29;12.1850918428933;0;campus_nord;1
DIJ-202;4;7;28;24;18.9856933539953;81.2336114418858;44.0640606064417;66.6860446817485;54.2945251464844;15.7973709106445;169.989296068472;5370240.32201215;71208.1558532715;3.9232531252934;22122;11339;15739;14;10.6341862324527;0;campus_nord;2
DIJ-202B;0;2;21;12;0;1.02491357063351;4.41612239542213;12.1836542573873;50.8266353607178;11.7312393188477;0;1055919.06063001;116615.88671875;4.54171853872714;35233;19136;11451;20;12.4755848843526;0;campus;
DIJ-203;1;2;24;19;0.07226961328368;7.1625810788122;8.37145889749153;26.1682361211145;49.8756484985352;10.0533065795898;223.008004241503;1054908.15099802;113166.300323486;3.97864151586498;35114;16891;11423;13;9.38561537551009;1;campus;
DIJ-204;0;2;18;15;0;0.352252509957564;2.38103495445574;3.24884149977857;49.9042472839355;10.7254333496094;5316.14909196092;434972.621095007;130100.059463501;4.90428796032603;39888;24244;10415;19;10.9325904125927;1;campus;2
DIJ-205;2;3.25;42;31.25;2.04949569583528;16.3508094384871;15.4678433945081;24.9157635399143;52.2447776794434;10.8589057922363;1041.50525094783;1492509.8615493;57641.7729797363;3.59941906646791;27012;16649;14856;15;10.8287950351653;1;campus;3
DIJ-206;3;7;60;51;4.44789995302535;21.5564114583936;22.7798663009928;22.8622559564825;56.182201385498;14.8630638122559;2224.87611838783;2132624.30634649;40475.5109863281;2.85911161708553;26773;16446;7390;25;12.6328440857881;1;campus;
DIJ-207;3;9;68;43;4.40201516416735;20.6548388400587;22.2514042546754;24.3490534668889;57.6932945251465;7.76044845581055;1654.5448330137;2282091.75887773;24588.4065551758;2.32353384083192;27254;19372;7592;32;10.0845619803975;1;campus;
DIJ-208;3;8;60;43;3.19884494038881;17.2863835667281;17.2983678907329;24.90475447659;56.3633422851562;9.89361572265625;1113.57768692554;2123585.9049287;25396.1653442383;2.52467668437846;26143;18505;10997;31;11.7783582666203;1;campus;0
DIJ-209;2;4;50;35;1.435961454362;5.00208289983793;12.2515872598613;15.388694181573;54.9761848449707;11.0066795349121;347.70682734503;1790348.64509364;21814.2030334473;2.49655230447135;22278;16988;13345;28;13.0618265817717;1;campus;
DIJ-210;1;3;46.5;26;0.0663191043355656;1.66479217726258;8.43098017782767;8.06659730470792;53.1171112060547;11.0686492919922;0;1447902.87570211;8608.53228759766;2.30638969229152;14103;12252;19792;30;13.5705641438721;0;campus;
DIJ-211;5;9;36;18;13.877200948417;47.3803365752492;32.8619283309828;56.6291858519557;57.211841583252;13.4139404296875;7727.12799463265;5183500.99822883;48646.2440795898;3.86177726076544;25045;17836;12664;31;13.4327879232553;1;campus_nord;
DIJ-212;5;6;37;16;12.5999656120451;44.7213877445941;29.6009682335864;58.907385531113;55.9962921142578;12.0077171325684;10536.280330533;4573112.10778897;43220.6820068359;3.55519233221976;27161;20326;12059;32;13.3293266138688;1;campus_nord;3
DIJ-213;5;7;38;19;5.34088867084038;36.1091881295088;21.2448753383029;54.404430425399;54.5614700317383;10.3774528503418;13179.312842014;3326327.35849134;47670.2716064453;3.81159771562214;28222;21060;12612;32;13.7769982541139;0;campus_nord;3
DIJ-214;4;5;35;15;4.06666159650664;13.9741375436455;14.7162298913918;24.9164769148526;54.0561828613281;8.93786239624023;14096.3414099529;862972.212279618;55730.068145752;4.42197991060935;29508;21836;14494;30;14.1055946928757;0;campus_nord;3
DIJ-215;3;5;29;19;1.96880658435805;5.21360219682504;10.7922817427956;11.7638945829917;52.7834320068359;11.7264747619629;13492.4332694164;9021.35289910404;58173.1625976562;4.8176397247489;28057;20469;15579;29;14.5106240869811;0;campus_nord;1
DIJ-216;1;5;24.5;24.25;0.775450579910377;4.70762667240719;8.51774576385875;12.8478570692408;52.7548294067383;15.2396507263184;11594.8880416874;5649.06277545473;62986.5592041016;4.93213361828641;26133;18505;15280;30;14.1361680662307;0;campus_nord;2
DIJ-217;0;1;15.5;19.25;0;0.659188767942903;3.39643058968789;7.18138098412947;49.8327445983887;9.29060745239258;8730.03290108608;14460.4527681133;44083.651184082;4.78432744506231;20028;14267;22699;30;14.4626195278835;0;campus_nord;2
DIJ-218;0;1;14;20;0;0.117578563864688;2.49384682565617;6.84233678601912;48.326416015625;7.5078010559082;5234.1926779972;2230.8694368563;31795.2041931152;4.92916832608049;13793;9588;26128;26;15.6861633382107;1;campus_nord;3
DIJ-219;2;5;29;14.5;2.04425268424186;4.9293851358955;11.3477762158914;9.51696280865341;52.645191192627;7.72230911254883;14392.3757363579;62799.3609892475;59426.018157959;4.29036850613079;29936;21679;15724;29;14.8036346225092;1;campus_nord;2
DIJ-220;3;4;34;14;3.92065276494663;9.96507823188301;14.7966590390598;20.8288475558383;53.8178405761719;8.76625442504883;13263.3029937186;1961099.8498444;57730.711730957;3.92804398499083;28670;20273;14302;28;15.600824771986;0;campus_nord;1
DIJ-221;8;13.25;43.5;31;36.9269914075262;98.962368459835;56.3190636511669;72.0285339375337;54.7859992980957;9.30481719970703;346.721963383801;1360215.68554015;196604.994262695;6.89326052196217;26143;8712;17710;10;6.09417730761951;2;coulee_verte;4
DIJ-221B;23;21.5;82.5;43.75;12.3810987429442;27.6388919903062;19.9349066102526;27.2155622806964;44.2849807739258;3.53642654418945;0;221207.102222093;361293.334411621;7.12259584008693;51824;26006;6702;10;5.60510808409569;2;chateau_de_pouilly;3
DIJ-222;8;15;43.5;29.75;29.4460302523766;78.4994369328141;45.2285154994091;58.3336283809886;53.9549217224121;8.32707977294922;577.496096887243;941250.043141036;240527.173400879;6.45010162220478;30946;9661;13547;10;6.00248858793475;2;coulee_verte;
DIJ-222B;26.5;18.75;94;30.75;8.62247160621953;8.79565645785418;16.8041642368524;16.0683552334155;44.2800025939941;4.99084091186523;0;755024.019769847;216425.714599609;6.64818064479767;47251;28443;7833;9;5.94266064246946;2;chateau_de_pouilly;3
DIJ-223;6;12.5;41;30.5;20.9931766675117;41.4859310375606;35.142822019041;34.871365401337;53.2216186523438;7.38193130493164;550.068821393944;124483.302667691;275180.023956299;6.35219785437478;33877;10280;12613;9;5.84404617779177;2;coulee_verte;
DIJ-223B;28;16;88;31;10.9398739221414;20.7514580786999;18.4224397188514;21.2345476557169;44.1903457641602;1.42453002929688;0;148263.386869399;395999.540435791;7.01778498859554;56857;29589;4444;10;5.68940907498481;2;chateau_de_pouilly;3
DIJ-224;5;10;34.5;41;13.848797520185;33.9658003271694;27.1051929194125;30.0554557438597;52.6892929077148;5.26892852783203;432.571200584594;102891.371166782;280111.498275757;6.25331951884705;34502;11100;11709;7;5.66356046828625;2;coulee_verte;4
DIJ-224B;17;22;73.5;48;23.5662141775653;67.2446615163585;32.3909307983412;69.1122810870926;44.334789276123;6.53989410400391;0;337087.596329915;364634.481552124;7.68692554989174;47262;19880;7866;12;6.69516037306423;2;chateau_de_pouilly;3
DIJ-225;4;8.25;36;39;12.4942105468371;46.3781276069637;26.9632037247457;35.5712720005345;52.9880447387695;5.58398056030273;527.56789918666;396805.939872187;219671.195785522;5.54079434169405;31022;10711;12550;6;5.16539843968723;1;coulee_verte;4
DIJ-225B;14;21;67;49;23.0005371536747;64.4346843551366;32.0530944143671;68.0252074439986;44.3298110961914;8.07898330688477;0;423851.872733253;318688.53175354;7.8463380519301;44315;19578;8934;12;6.66784057278545;2;chateau_de_pouilly;3
DIJ-226;17;22.25;90;31;19.303530924775;60.9953362244883;38.0764435624726;58.8041361813933;44.7382431030273;4.42800140380859;0;435961.467673522;372763.492492676;8.05620919287641;47621;18178;6930;12;7.90046949616687;2;chateau_de_pouilly;
DIJ-227;15;22;94.5;32.25;20.0262870665736;60.6819475936533;41.9976253389361;55.8789456912026;44.9374771118164;4.97589874267578;0;427195.638177983;342909.788787842;8.22770572610078;47268;19326;7128;12;7.77292508364872;2;chateau_de_pouilly;3
DIJ-228;21;22;92;25;12.6872304421989;31.7103054010662;28.156669601985;42.4459751346533;44.4045219421387;2.64982604980469;0;347365.412494575;385242.221755981;7.7662751875237;51230;22377;5265;10;7.00873763598593;2;chateau_de_pouilly;3
DIJ-229;22;23;93;24.75;10.7722861840094;24.9237209610326;22.0082388334196;41.0901169662935;44.3298110961914;2.32109069824219;0;386377.77916168;369283.391448975;7.66563490437586;51685;24157;4252;10;6.68266560747872;2;chateau_de_pouilly;3
DIJ-230;28;19;98.5;23.25;8.62247160621953;15.8449450395971;16.3451510697403;17.9078553506432;44.0907287597656;1.09579467773438;0;677582.71329615;324115.08555603;7.12511948843466;51351;27433;3992;7;6.15521358218578;2;chateau_de_pouilly;
DIJ-231;28;16.5;97;24.5;8.63844869113399;13.0176861207248;16.1954645769418;14.8693624056071;44.0309562683105;1.0659065246582;0;540669.321204359;363251.600036621;7.13233081982778;54826;29254;3732;7;6.06738277351633;2;chateau_de_pouilly;
DIJ-232;28;17;97;27;9.10233250371515;12.3973895661876;17.1716756783998;16.2718175105015;44.0957069396973;1.25518035888672;0;478466.115653077;352401.955474854;7.03151061929173;54350;28970;4177;8;5.67675533162128;2;chateau_de_pouilly;3
DIJ-233;22;22;79;48;13.9669227304899;34.7326350607803;21.8308518300867;37.3699596180288;44.2899627685547;2.89887237548828;0;140265.658621621;407124.930480957;7.35591623319911;53142;23378;6517;12;6.37153185158702;2;chateau_de_pouilly;3
DIJ-234;19;24;84;36;14.0571446169864;38.2720612939539;25.774266025802;42.0486029003224;44.3696556091309;3.02339172363281;0;259205.010432575;401405.196075439;7.6027742900393;49689;20037;7785;11;7.35700357887991;2;chateau_de_pouilly;3
DIJ-235;17;22;82;46;21.4336357089579;77.8943559342823;36.4881636261368;72.9036377775629;44.5639114379883;6.60962295532227;0;430479.355845061;350327.921920776;8.00713632837734;45627;18691;8561;13;7.73177259315916;2;chateau_de_pouilly;3
DIJ-236;5;16;42;34.25;4.38149839601678;33.8437937430856;19.264587533958;38.2803473570759;52.7544746398926;7.17008972167969;1697.47037883921;972475.377844312;181638.249542236;5.88477852976623;28377;11367;9018;6;7.43200534683246;1;coulee_verte;4
DIJ-237;9;18;51;23.5;4.29018195368233;39.957649070816;17.9382136310262;43.1063663063753;52.1026496887207;7.83277893066406;2606.23847129696;1213651.40102483;167223.052154541;5.7273079503334;27837;11522;6293;5;7.75901913690306;1;coulee_verte;4
DIJ-238;7;15;51;19;2.1576037927904;6.48427881155418;9.81338528909788;15.357157466566;51.6083488464355;1.6349983215332;3136.15380794306;1117168.8573562;224936.140853882;5.74728456428272;36719;15625;6376;3;6.37996609611308;1;coulee_verte;4
DIJ-239;3;6;29;45;0.533437710619352;45.5829269251951;6.22879283303073;86.8071533209321;53.1184120178223;10.4577407836914;9817.4980620761;2242844.35561584;351446.349212646;5.67578583764057;47911;16929;5138;7;5.45870486500045;2;coulee_verte;
DIJ-240;3;7;39;53;0.876174755813593;45.952060929984;7.16310291586373;94.7818998683967;53.1890258789062;8.76706695556641;13604.1930577389;2161268.73845488;354530.880615234;5.79375930534579;51154;19824;3703;8;5.76177910018372;2;coulee_verte;3
DIJ-241;4;8;47;52.5;1.02885112112001;53.1775662310793;8.76243015553486;99.3218579664847;53.4986419677734;6.67035675048828;17373.3712918;2147914.49877346;321451.620666504;5.68513599357082;51675;22192;3393;10;5.6451117992812;1;coulee_verte;
DIJ-242;5;9;52.5;55.75;1.17295608386641;55.5669605127084;9.43502571727801;99.9328399274865;53.4877815246582;6.51826477050781;18926.6346868373;2151973.33507296;306921.522216797;5.48164650099007;52851;23492;2903;11;5.45022659337234;1;coulee_verte;3
DIJ-243;6;9;57;42;1.15451270273141;7.98066971504294;9.11697984866316;49.554905062262;52.8087959289551;4.85610580444336;18646.8060738811;1553228.40462545;291787.927703857;5.36009549037663;53487;24686;3470;11;4.90340311819776;1;coulee_verte;
DIJ-244;7;13.5;63;57;1.33074558070142;19.5770654610105;11.5917327972477;50.8464530248026;53.438892364502;5.78495788574219;16991.6194932036;1933025.81564297;306603.857009888;4.91227704170497;55080;23097;1247;13;5.48713956305591;1;coulee_verte;3
DIJ-245;7;16;69;64.5;1.59582387569496;22.7306082664293;13.8878886013711;52.6077238950141;54.4112014770508;8.00116729736328;13748.0928503794;3117969.5444954;313553.550689697;4.69035062862494;52684;19989;1658;13;7.02446435391367;1;coulee_verte;3
DIJ-246;19;25;131;60.75;38.4390923765982;97.1589840749189;61.0650089058165;75.207249866057;57.8728141784668;13.5828514099121;5280.73641542173;154688.806201019;282060.547485352;10.0206727207202;35881;13197;7858;16;7.2007817068378;2;ru_de_pouilly;4
DIJ-247;20;29;138;55;38.8230935142468;104.495310802848;66.1781902431519;61.2119293966252;55.8456001281738;10.8732566833496;5529.9142399001;197209.137345138;334407.689590454;9.89338939356434;37272;12197;8412;18;7.2249387259339;2;ru_de_pouilly;4
DIJ-248;22;29;146;51;38.2698993131082;70.1183064865622;65.3533548850144;54.3333613341353;52.2842712402344;5.6234130859375;3513.35826442381;128109.332569376;361824.395614624;9.28804657634812;40447;13019;7873;19;7.56176824895092;2;ru_de_pouilly;4
DIJ-249;23.5;29;143;49.5;36.1060454420066;58.7883830685885;63.5590600318651;49.1256326314943;52.6528549194336;6.2310791015625;3920.76313562517;166267.01215452;383350.554168701;9.52280821439966;41393;12994;7413;18;7.31463851576375;2;ru_de_pouilly;4
DIJ-250;25.5;26.5;134.5;40.25;35.7002097093712;68.7781506613387;59.4266456789771;47.3556976338971;52.8147354125977;6.42034912109375;4044.97493097884;131379.5771839;372987.940856934;9.55611697038307;39801;12810;8204;18;7.17230205917546;2;ru_de_pouilly;
DIJ-251;24;26.5;120;47.5;39.7232922317548;89.4719070052188;59.7663761701856;59.5112661873914;54.0076560974121;10.1111793518066;4281.97178078744;110704.630077753;338590.66960144;9.80858886975464;37847;12544;9011;17;7.18975305159888;2;ru_de_pouilly;3
DIJ-252;22;29.75;135.5;45.5;31.9712696058954;58.6928550390687;59.6895748715665;39.4252289280405;51.5172157287598;5.25980758666992;3330.17501352802;4106.58812625978;355431.38293457;9.4997341902391;41326;13992;8297;18;7.73603231455994;2;ru_de_pouilly;
DIJ-253;21;29;151.5;50.75;46.8447726306008;101.439206868079;72.2929939662974;65.8501341120694;52.0850372314453;4.5824089050293;2763.3127999692;144087.347114269;313429.086532593;8.53984254313489;37400;12224;9337;20;7.9460126477794;2;ru_de_pouilly;4
DIJ-254;18;29.5;160;49.5;63.4199134491051;119.309243257213;91.4485578441375;66.6452026388817;51.9156875610352;3.96976089477539;2246.98203080105;142209.398725758;287224.503173828;8.04868056845487;34636;10545;10751;20;8.3457385721302;2;ru_de_pouilly;4
DIJ-255;14.5;24.25;159.5;48.25;72.4861321226577;121.925061084155;105.437326237145;67.1398962342838;51.4723892211914;3.5712890625;2426.86423337983;123832.645670453;242791.088638306;7.7449808650925;32444;10945;12038;19;8.87051223791777;2;ru_de_pouilly;4
DIJ-256;14;23;146;49.5;89.845870167071;124.410876008627;113.201654300699;72.2981732373566;50.9892425537109;3.75558090209961;1897.41941122512;79260.1424842667;187625.372619629;7.25665710997647;32804;13250;9931;19;8.92365761647619;2;ru_de_pouilly;4
DIJ-257;14;19.5;138;47.75;95.2110719726171;131.157425056623;117.159783692509;86.8299185650358;50.7750663757324;4.70692825317383;1527.89310697662;44438.4505613668;159270.458648682;7.28260948914253;31495;14298;10528;19;8.94018312739316;2;ru_de_pouilly;4
DIJ-258;12;13.5;123;36.5;75.5551786203744;113.184710687727;100.340591498023;66.402188986884;50.4712333679199;4.59236907958984;1044.19904949183;18201.9181551888;121407.840286255;6.73881388027171;30517;14635;11222;18;8.83327298081863;2;ru_de_pouilly;
DIJ-259;11;13;122;43;67.8902144068557;99.4397620495986;94.2070888970724;57.1718871389974;50.2172088623047;4.93605041503906;927.588690016479;72897.8549615287;95815.7493896484;6.02054823350133;29240;14252;11726;17;9.14195614116474;1;ru_de_pouilly;4
DIJ-260;7;10;60;41;13.0516491441793;62.0729741437676;38.7920702522824;107.148305900081;59.2456359863281;10.5304870605469;41.1345622568076;5601076.7286635;193433.265777588;5.24579540616607;32697;13075;12762;6;6.54647572699268;2;seminaire;2
DIJ-261;7;9;65;33;13.4879848554677;61.6621642647123;40.819758652197;83.5030562682281;59.6362533569336;8.43452453613281;954.612746476908;5652162.1091192;184187.934020996;5.28745730254259;33512;14426;10768;6;6.68674789889356;2;seminaire;
DIJ-262;7;9.25;67;27.25;16.3391628730786;88.696414680753;47.6169895433782;128.897983470163;60.626220703125;8.4112548828125;2018.69352547051;5787390.87930798;155544.877563477;5.41437524577949;31239;14303;10888;8;6.81764347973965;1;seminaire;
DIJ-263;7;9;71;20;15.8090118678889;68.572988416466;48.3899267333257;93.6460153110796;61.1105422973633;8.27141571044922;2714.7478798148;5183438.02660165;129211.500152588;4.91763184567094;31083;14915;10044;8;6.7367352742189;2;seminaire;3
DIJ-264;7;8;71;21;13.1525637614596;35.0639662751566;48.3899267333257;66.880389450153;59.8805637359619;8.77529144287109;2407.34320650029;3654840.17543086;145615.413299561;5.19142748000671;32973;15058;10890;7;5.82758733156327;2;seminaire;
DIJ-265;6;6;68;22;11.936914125819;30.1568625521075;48.3387189620869;61.2439141762056;59.4101066589355;10.2726068496704;1859.47965749536;3403099.68535579;169639.108413696;5.28917817185517;34938;15083;10434;7;5.64598047242529;2;seminaire;
DIJ-266;5;7;65.5;26;11.3591422275484;28.4668232817502;45.9238206636239;62.8699325578307;58.9475288391113;10.8191223144531;978.992139313087;2769944.61993572;178611.035812378;5.2951055562048;35869;15137;12020;6;5.30862633047114;2;seminaire;
DIJ-267;4;7;58;29.5;6.68212491066676;16.9792418012186;36.7508630755975;38.8317352929825;58.500373840332;8.90200805664062;0;764900.783431863;167277.77722168;5.23468178486396;35679;15494;14378;5;4.95538314618192;2;seminaire;
DIJ-268;3;7;54;32;6.04832043085827;17.731190237999;33.27204665491;38.8423120950242;58.5877494812012;7.02600479125977;0;1457574.5916226;145182.683883667;5.30336328431529;30589;12940;17137;4;4.93362892817093;2;seminaire;
DIJ-269;4;7;50.5;36.75;6.53220836773284;29.4331437983921;32.364312259587;38.1293314401583;59.0554656982422;8.29037857055664;0;3606721.55112647;157495.066421509;5.40484232531637;30347;12477;15347;4;5.05727753919674;2;seminaire;4
DIJ-270;4;8;54;39.25;6.96762011643702;24.1177104395985;32.8197386202391;34.6689788515412;59.0965843200684;6.78958129882812;0;2211997.06054664;171077.026733398;5.37342344753789;32825;13902;14980;5;4.97949067231655;2;seminaire;
DIJ-271;5;8;58;36.5;8.45520384349177;31.6817595848334;37.998001663697;53.1752325492746;59.2096557617188;7.76099014282227;8.55177958682179;3641181.46397544;183989.120544434;5.33027171532365;33574;13726;12779;5;5.41191273576682;2;seminaire;3
DIJ-272;6;7;67;25;13.4879848554677;44.8045126150685;48.1739941157953;74.7070574227522;59.5488777160645;9.19726943969727;1598.05478405814;4868682.79443642;171535.807403564;5.33423677289104;33569;14584;10064;6;6.17569473511547;2;seminaire;2
DIJ-273;6;9;55;43.5;8.61480388245881;44.9300953856951;36.6055083641614;69.3571071482306;59.3432884216309;7.89975738525391;0;4298418.54384387;194299.030273438;5.25851369464021;33544;13340;12177;5;5.78275893006261;2;seminaire;3
DIJ-274;12;14;124;47.75;85.1013888704842;150.092511303004;156.107810485082;157.25510438709;56.3884086608887;16.9814338684082;0;6070705.76890718;110037.489059448;4.95794512032379;25349;10151;12838;15;6.7074074415967;1;chateau_de_larrey;3
DIJ-275;12;14;124;54.25;75.8349417698875;149.673269737718;141.971164947977;150.798991461144;55.888671875;16.3391151428223;0;5463736.55961909;112384.843994141;4.94414667646855;25059;9683;13323;15;6.75840957148463;1;chateau_de_larrey;3
DIJ-301;3;6;9;13;139.822230764697;398.719861525187;72.5168534874809;217.571337776238;48.7729034423828;9.96751022338867;0;2281184.63583585;35064.0993499756;4.16604528521738;6311;1597;37568;2;4.9765928439302;;priv_rue_monge;
DIJ-302;0;0;0;0;0;0;0;0;51.3138656616211;14.4480590820312;2261.92339259916;3641377.37027221;53378.4518585205;2.81387575142571;19723;8414;18597;6;5.99862110152359;;priv_rue_auxonne;
DIJ-303;4;4;22;18;44.1285401073872;66.2400251167982;53.5168595636351;68.5702267752054;55.0361976623535;18.4464797973633;0;3084338.65743637;56294.0521697998;4.72084494781961;11861;4808;30753;6;4.4340563576157;2;priv_bd_champagne;3
DIJ-304;0;0;0;0;0;0;0;0;36.3389892578125;9.2750244140625;9072.75054284793;0;226813.014099121;3.92764276661853;56621;19705;4132;5;4.749554813679;;priv_combe_noyers;
DIJ-305;0;0;0;0;0;0;0;0;51.4942779541016;9.90776062011719;0;3015175.02055882;57539.6175231934;3.7317844672117;23948;12352;12234;10;11.3257807756844;;priv_bourroches;
DIJ-306;4;10;66;64;21.3235283930498;97.561481674072;64.8911844813542;61.2853364871535;48.0115661621094;9.22114181518555;0;871760.079062199;68722.2411193848;3.4148693646481;20196;7473;21828;8;9.06402492372985;;priv_rue_midi;
DIJ-307;4;5;129;41.5;24.7716424242137;93.4195273508195;96.3966048407932;72.680235038381;51.3349685668945;9.45818710327148;0;2295056.63500612;74409.9604797363;3.20610729196423;25674;9959;15701;10;9.47311538219516;;priv_rue_tournois;
DIJ-308;0;0;0;0;0;0;0;0;54.2654724121094;2.0959587097168;0;1000192.00472001;39871.4043884277;2.36683432010818;21732;12123;14045;12;6.85858451017073;1;priv_longvic;2
DIJ-309;0;0;0;0;0;0;0;0;53.707592010498;2.06988906860352;0;1494710.01910141;70202.6010894775;2.90373330632487;30116;14998;11567;13;9.38613894570885;;priv_longvic;
DIJ-310;0;0;0;0;0;0;0;0;59.4481239318848;12.355827331543;7987.78475715505;10442552.7730965;105057.094238281;3.73108582196742;35091;17244;7539;18;7.40858045532351;;priv_pejoces;
DIJ-311;0;0;0;0;0;0;0;0;59.5118217468262;12.4452514648438;8658.04054365042;10546333.7737742;98957.2122802734;3.69069736976704;35144;18127;7355;17;7.2670227494278;;priv_pejoces;
DIJ-312;0;0;0;0;0;0;0;0;52.1123352050781;7.98273849487305;0;1339236.60800781;92271.3346862793;4.12811716573017;27941;12222;13304;6;5.42998191395607;1;priv_talant;3
DIJ-313;0;0;0;0;0;0;0;0;52.8359527587891;11.9066925048828;0;3444214.86566465;72932.2295379639;3.78971860004012;16513;5169;22732;8;8.25296651737658;;priv_gare;
DIJ-314;2;4;61;79.5;13.4470114874308;98.3017017239608;46.3949074592041;105.103090857837;49.7569236755371;13.9949951171875;0;2053796.45956606;54161.1563720703;3.37090143595216;16164;5537;23532;7;8.30883561109225;;priv_rue_havre;
DIJ-315;1;3.5;61;78;5.6942251600735;35.627862120859;46.3949074592041;104.819872861936;52.359790802002;13.5963134765625;0;2539917.77462477;47616.0710754395;3.10601351474555;14762;5395;23785;7;7.77259802997114;;priv_rue_havre;
DIJ-316;1;2.25;6;22;5.542802852622;38.4904242570462;21.2113360555538;41.3740696242712;51.5211906433105;14.1141357421875;0;2598467.35934012;46515.1758880615;3.11820630680169;13596;4745;24520;7;7.51843974826064;2;priv_rue_havre;1
DIJ-317;1;2;5;4.75;3.72291754543145;14.0482189172697;16.803312502041;26.2175490867213;51.2279090881348;15.0031471252441;0;2762303.26636453;37983.7323303223;2.83867684941776;12304;4590;25607;6;7.14070447322425;;priv_rue_havre;
DIJ-318;1;1;6;5;9.27145289471208;36.9237903260126;17.8323281858235;29.9193810722509;51.2966461181641;14.9710693359375;0;2828905.10633877;36856.9412689209;2.65133718790934;12611;4943;25505;6;6.70813831915778;;priv_rue_havre;
DIJ-319;0;0;0;0;0;0;0;0;54.7175369262695;18.369384765625;0;5396729.9949681;25164.0414733887;3.71499989835465;10015;5493;23780;8;6.74808616491588;1;priv_rue_brulle;1
DIJ-320;3;3;66;29;22.8902754029082;58.5702228423609;67.9350215326624;57.5041895517938;49.7650032043457;9.1780891418457;0;1882713.66587638;84897.1583862305;3.28963569840558;29455;12573;14831;7;7.15889771528402;;priv_rue_molidors;
DIJ-321;2;3.25;59.5;24.25;26.1509469128756;73.1967615723378;71.447676675822;47.1254026136985;54.6417617797852;11.0770072937012;0;6412910.23670416;67736.0129089355;2.6057186325589;22510;8029;15714;7;7.71157018887598;;priv_bd_defense;
DIJ-322;6.5;6;61;14.75;124.645055646681;157.339566271523;90.2684259108374;39.1134275717283;54.3166351318359;11.3536567687988;0;2870586.35476032;176846.756164551;5.31637364422454;33486;12002;13208;10;9.50784882605316;;priv_rue_cuisine;
DIJ-323;5;27;43;101;13.7662062152006;175.756351037876;69.4771763927546;143.825997647229;51.4481315612793;14.4912147521973;0;3094060.5160752;136824.696426392;4.28577303014336;31676;12501;13041;8;15.1680708164508;;priv_rue_longvic;
DIJ-324;4;15;39;86.25;10.1210554375526;126.031595567455;52.2284663352213;122.005044208837;50.8822937011719;14.0260772705078;0;3083330.91458098;122909.532409668;4.21002539956103;29452;11577;13968;7;13.5694943494067;;priv_rue_longvic;
DIJ-325;5;4;65;48.5;3.40156554087444;6.40296995591414;19.5473698311925;11.2681397325738;53.6887588500977;4.67931747436523;3205.40069215209;1376004.58137287;143859.137039185;4.65176572136504;33772;14458;11467;8;6.67166635453371;0;priv_rue_st_jacob;3
DIJ-326;2;3.25;115;45.75;5.87731808807519;36.3947291234607;60.3106906072741;39.7413023311658;49.2584342956543;9.48663330078125;0;1644709.3849312;115022.363616943;5.70260266286167;28298;11339;13434;8;6.78180782846406;2;priv_rue_genreau;2
DIJ-327;2;3;117;40;7.27050324596729;35.7977448834591;66.1018908724;33.9674934176138;47.9357109069824;9.05520629882812;0;934175.705341614;55112.1103668213;2.29800295216382;24827;11271;15759;8;7.69485667644773;;priv_rue_genreau;
DIJ-328;0;0;0;0;0;0;0;0;38.811279296875;10.26708984375;8352.97680446957;0;231098.717895508;4.69644064682885;52257;18534;5774;6;5.22154217931169;2;priv_combe_noyers;4
DIJ-329;0;0;0;0;0;0;0;0;34.9007568359375;4.125732421875;11215.4935333752;99007.8964881491;247495.188720703;3.87374581215661;56042;17663;4802;4;2.92017702847719;2;priv_combe_noyers;4
DIJ-330;0;0;0;0;0;0;0;0;34.947998046875;4.4354248046875;9982.1019343023;111784.187961156;248401.141052246;3.87935773853421;54891;16805;5172;4;3.27247961081894;2;priv_combe_noyers;3
DIJ-331;0;0;0;0;0;0;0;0;43.0577392578125;9.9154052734375;0;343412.425398394;148980.773895264;4.14250461348613;36720;14697;10226;6;4.65778496905134;1;priv_combe_noyers;3
DIJ-332;13;11;204;93;42.4838556230133;79.5393068665183;89.4641152481482;55.1966532760572;50.9732666015625;10.7342529296875;2406.37508194687;2221611.97569911;182173.152862549;6.17839589327532;33954;12971;10170;13;8.08959501509135;2;priv_marcs_dor;3
DIJ-333;0;0;0;0;0;0;0;0;39.74560546875;11.096435546875;1458.83765441316;670566.553685448;330019.735046387;5.73993149293134;47086;14555;8375;10;6.28514659488359;;priv_combe_st_joseph;
DIJ-334;0;0;0;0;0;0;0;0;39.1839599609375;7.82891845703125;840.018264353663;486333.568681306;338730.442382812;5.68421126323436;48017;15272;8469;8;5.95042800643546;;priv_combe_st_joseph;
DIJ-335;0;0;0;0;0;0;0;0;38.5120849609375;12.40869140625;3650.12994793472;416810.200805537;427605.366088867;5.42950568780787;54963;11732;3453;10;6.50703730088222;;priv_combe_st_joseph;
DIJ-336;0;0;0;0;0;0;0;0;38.139404296875;13.4322509765625;3696.3681225775;506448.352942258;429704.127746582;5.3790129977745;54176;11154;3367;11;6.40629488471128;;priv_combe_st_joseph;
DIJ-337;0;0;0;0;0;0;0;0;23.820068359375;5.22802734375;4528.12895417346;0;284434.579803467;4.60942207531259;58337;25907;3176;4;3.74517635911179;1;priv_motte_giron;4
DIJ-338;0;0;0;0;0;0;0;0;23.49462890625;4.4564208984375;10788.6869337288;0;331679.232269287;4.55867076718139;58846;21440;2893;4;3.70964718282396;2;priv_motte_giron;4
DIJ-339;0;0;0;0;0;0;0;0;49.5605278015137;8.88113021850586;0;1319817.08774256;56792.6149902344;3.77214529695434;25641;14460;9420;10;9.21298755018594;1;priv_bourroches;1
DIJ-339B;0;0;0;0;0;0;0;0;49.4790496826172;9.04409027099609;0;1338119.652284;57582.7104492188;3.65256027754173;25575;14149;9191;10;9.08658032111527;1;priv_bourroches;1
DIJ-340;0;0;0;0;0;0;0;0;52.8267059326172;10.7650718688965;0;1305771.85097742;45976.7890777588;2.12118242607235;25324;13593;14885;11;8.99511830882043;;priv_chenove;
DIJ-341;0;0;0;0;0;0;0;0;54.129997253418;7.22602462768555;0;4014685.15100544;60702.7991485596;2.71654331525503;24465;11806;10672;14;7.56273615693037;;priv_chenove;
DIJ-342;0;0;0;0;0;0;0;0;53.4783515930176;4.17535781860352;0;301474.069891028;19029.4816589355;2.06785160576711;11844;6796;22894;12;6.66904343024564;2;priv_chenove;1
DIJ-343;0;0;0;0;0;0;0;0;53.0812110900879;11.4859008789062;0;1628799.29343137;68370.9823150635;2.93614157922572;24489;10758;13377;5;5.65227601037079;;priv_pascal_joffre;
DIJ-344;0;0;0;0;0;0;0;0;43.234016418457;10.534553527832;0;1760351.75656384;65522.0302124023;3.51965905383481;24296;11458;14729;7;5.84508135913945;1;priv_rue_belloguet;3
DIJ-345;4;10;117;30.5;49.9403853011246;107.448973874697;99.6022805483535;49.2291857533641;52.6714019775391;10.0402870178223;0;1927551.81201679;78603.9073181152;3.21544377177458;26069;10791;15284;12;9.64622041976532;;priv_sq_ph_dard;
DIJ-346;6.5;0.5;216.5;2.5;117.745674583133;61.1568452536429;106.865355526875;5.25807473953499;51.8540687561035;12.3809547424316;0;3098709.07735951;55765.9222106934;2.10549937591163;26450;12609;11322;15;12.1937198025457;;priv_rue_st_nico;
DIJ-347;7;14;85;25.75;42.012350333122;71.2596920864195;97.0619562601072;62.6355888156652;56.5215797424316;9.44924926757812;0;4336156.51986043;93041.0302429199;4.47753489251294;33594;17286;9407;8;5.90064697794059;2;priv_pascal_joffre;3
DIJ-348;4;7.75;89.5;19.75;51.9813528567933;97.6262685352059;103.89471101228;62.8983991716752;53.0933799743652;11.0349922180176;0;3689087.19436531;62189.2393951416;2.70468199516583;23764;10997;15799;10;9.4388485617209;;priv_rue_laguesse;
DIJ-349;30;28.5;171;29.25;63.3634100765999;143.937690997189;100.178464145069;46.7534133051681;50.4463272094727;12.4472122192383;0;1801859.44375614;78068.958984375;2.35706832804629;31099;13476;11143;19;10.9822725462496;;priv_suzon;
DIJ-350;5;10;113;29;47.7914279631227;118.679844875661;100.297101763877;57.2781987813115;52.6668167114258;10.9934463500977;0;2073671.3109322;73369.5221862793;2.92932665943731;25794;10451;16860;12;10.0696902693982;;priv_sq_ph_dard;
DIJ-351;3;1.5;31;5.5;101.243016760561;51.9588653559205;134.696878590399;45.2088853747295;50.0222358703613;13.0648727416992;0;1338860.87318476;86236.0502319336;2.99856564143595;26517;9891;17456;6;6.20905072330013;2;priv_rue_talant;3
DIJ-352;7.5;11;67.5;21.75;6.31943313814129;18.3141374503564;23.8107280175724;20.3446072931118;44.8153076171875;8.27011871337891;1927.38798028283;849722.626390216;181108.30279541;4.61214322152555;36141;13844;14918;4;4.21817654014348;2;priv_talant;4
DIJ-353;8;11;64;22;5.91391156144297;14.8725956392711;22.6174125930286;20.0178441515037;44.8554763793945;8.70697402954102;2119.58153014023;824646.025250264;192753.609741211;4.63356032061221;37091;13342;14112;4;4.31866156445391;;priv_talant;
DIJ-354;0;0;0;0;0;0;0;0;55.3851928710938;9.17395782470703;7646.24906603485;262520.808559376;137674.737762451;3.38251704127664;44256;17568;8654;13;10.7113362218091;;priv_talant;
DIJ-357;6.5;12;117;29;51.2001516187064;123.289811425368;91.034126402444;60.559722339384;49.8685455322266;8.52228164672852;0;718568.896526904;43658.4724884033;1.6238485864419;27891;14384;10876;18;10.5979226400968;0;priv_pouilly;2
DIJ-358;7;6.25;128;47.5;69.7332111679758;112.375783726054;116.288651646573;50.3650626054961;60.2371978759766;8.00277328491211;5.38179106668492;5243188.45292312;71138.5303955078;2.98008356000316;25163;11822;12223;17;11.3076227517822;1;priv_bd_schuman;3
DIJ-359;0;0;0;0;0;0;0;0;52.9135932922363;9.76019668579102;0;2664262.94715274;69334.3878631592;2.78081307444146;28347;14285;10539;13;6.89061602891784;;priv_chenove;
DIJ-360;0;0;0;0;0;0;0;0;50.0179710388184;8.18856430053711;0;601602.952501055;53720.2518005371;1.85697752058298;29524;14776;12501;16;10.2612539683745;;priv_ahuy;
DIJ-361;0;2;9;19;0;48.9936433249829;10.7102802960217;61.8172976660931;47.5016479492188;18.124888420105;0;4589079.87317478;90130.0212402344;5.00752051047532;15744;5429;23858;3;5.00382213660653;;priv_seminaire;
DIJ-362;3;6;11;10;75.3151655338245;203.562935457901;67.4048797614596;166.60699078985;52.9682235717773;14.1468925476074;0;4786971.93418091;48764.5423431396;4.03299942835776;10765;3524;24094;5;5.34807411136644;2;priv_sq_roupnel;3
DIJ-363;0;2;7.5;11.25;0;61.672332285725;14.8658410482288;45.7721245162588;54.0279731750488;19.6844596862793;0;5966779.23746448;88685.1141052246;4.8878528197897;13817;3872;25220;3;4.20543627579898;;priv_seminaire;
DIJ-368;0;0;0;0;0;0;0;0;58.2868957519531;11.4310111999512;6206.23857047676;9272671.8349513;67908.2276763916;3.34134691243233;29340;16438;10562;16;7.48987989073265;1;priv_pejoces;3
DIJ-372;1;2.25;6.5;9.5;10.522699780686;116.890898260722;20.5769204926488;54.7859187572803;47.4680824279785;11.6955909729004;0;1417819.33974623;31934.9610137939;4.18258214374673;5710;1521;38448;1;3.8131510733971;;priv_rue_petit_potet;
DIJ-373;2;5.5;9;7.5;60.5828967543797;237.000245981753;24.2321192686664;85.4598802256315;47.6694831848145;13.6085395812988;0;1892479.38872325;25872.2157287598;4.10202687155212;4576;1183;37953;1;3.40516127213357;;priv_rue_petit_potet;
DIJ-376;6;6;256;58;46.9066476683366;1246.78018380459;146.275146451381;39.410109240949;51.5413475036621;10.0865440368652;0;1817484.69008039;130412.044021606;3.41044982625576;37959;16077;9738;19;13.6605505236052;;priv_quetigny;
DIJ-377;13;23;202;41;124.165710109741;206.808492735358;124.663452769688;32.630720188872;52.2046241760254;6.79858779907227;3691.72791509095;408433.113009667;123113.500274658;5.08201274675353;40133;22155;9512;18;12.0301656626726;;priv_quetigny;
DIJ-378;12;21.25;200;34.75;129.485200564089;218.618870461265;125.431545010503;33.6838864483238;53.1284713745117;6.83648681640625;3796.96317803205;361793.440083097;118100.760742188;4.78039755942602;39990;21894;9187;17;11.5823653178647;;priv_quetigny;
DIJ-379;0;0;0;0;0;0;0;0;52.371826171875;8.1005859375;0;1197090.58934239;98029.4132080078;4.48849213214617;41222;25555;9250;4;3.10327105700579;;priv_ouges;
DIJ-380;0;0;0;0;0;0;0;0;53.1357421875;7.675048828125;0;1155610.24683996;97410.1524658203;4.48442731975845;40301;24260;9531;5;3.269476453379;;priv_ouges;
DIJ-381;0;0;0;0;0;0;0;0;52.34619140625;6.198486328125;0;1198342.99194155;121957.975372314;4.39100347030133;40094;20830;10019;4;3.26116791876899;;priv_ouges;
DIJ-382;10;11;110;59.25;73.7106314007039;116.458353242548;144.508749815634;89.4429799721096;48.357364654541;7.79475784301758;0;2027560.12973642;52012.5096282959;2.75860952034701;23335;11455;16541;10;6.7403476802998;1;priv_larrey;3
DIJ-383;2.5;5;14.5;13;25.9506480569105;169.992403257252;57.0107788331502;132.926657611765;52.8373527526855;14.345477104187;0;3913848.02148782;78598.9958343506;4.25002289382586;14042;4079;25962;5;5.61681962986938;;priv_rue_turgot;
DIJ-384;0;0;0;0;0;0;0;0;48.931526184082;9.99676513671875;3402.01850765244;2044947.76470651;88365.9633636475;3.55300818215897;37092;18958;11697;11;8.02022814588742;;priv_st_apo;
DIJ-385;2;6;5;7;96.7175701498806;259.27187925869;62.0742555128482;131.055283058729;51.3664321899414;19.4744262695312;0;3908618.95402441;27059.0212402344;6.07383702184621;3655;1092;36679;2;4.1989604740295;;prive_archives;
DIJ-386;2;4;4.5;5.5;86.502319159578;255.615082092939;52.792304466872;122.426496290344;51.9369430541992;19.1814613342285;0;3866590.40575919;26025.0165557861;6.41836090471185;3269;900;36634;2;4.04943136529819;;prive_archives;
DIJ-387;0;0;0;0;0;0;0;0;55.6973876953125;12.345703125;0;2708311.61473974;137568.463882446;5.09004016232378;36629;15504;9432;10;8.06738314204446;0;priv_neuilly;3
